0,33,33,0,0,0.7678062678062682
0,33,39,0,1,0.4401709401709404
0,33,6,0,2,0.25925925925925924
0,33,0,0,3,0.38319088319088324
0,33,111,0,4,0.38319088319088324
0,33,117,0,5,0.2592592592592593
0,33,84,0,6,0.0861823361823362
0,33,78,0,7,0.24145299145299143
0,33,36,0,8,-0.8490028490028491
0,33,24,0,9,-0.058404558404558556
0,33,3,0,10,-0.40740740740740744
0,33,21,0,11,-0.3433048433048433
0,33,66,0,12,-0.34330484330484334
0,33,69,0,13,-0.05840455840455845
0,33,57,0,14,0.09686609686609685
0,33,54,0,15,-0.20797720797720792
0,33,114,0,16,-0.4074074074074076
0,33,102,0,17,0.09686609686609682
0,33,81,0,18,-0.1310541310541311
0,33,99,0,19,-0.20797720797720795
0,33,34,0,20,-0.20655270655270663
0,33,40,0,21,0.008547008547008572
0,33,7,0,22,-0.007122507122507138
0,33,1,0,23,-0.00854700854700857
0,33,112,0,24,-0.0551994301994302
0,33,118,0,25,0.0032051282051282076
0,33,85,0,26,0.0551994301994302
0,33,79,0,27,-0.003205128205128219
0,33,37,0,28,0.12108262108262109
0,33,25,0,29,-0.03561253561253562
0,33,4,0,30,-0.035612535612535585
0,33,22,0,31,0.1638176638176639
0,33,67,0,32,-0.03205128205128209
0,33,70,0,33,0.1217948717948718
0,33,58,0,34,-0.18162393162393167
0,33,55,0,35,0.0918803418803419
0,33,115,0,36,0.07122507122507123
0,33,103,0,37,-0.07122507122507124
0,33,82,0,38,-0.07122507122507121
0,33,100,0,39,0.07122507122507125
0,33,35,0,40,0.20655270655270672
0,33,41,0,41,-0.008547008547008534
0,33,8,0,42,-0.0032051282051282024
0,33,2,0,43,0.055199430199430216
0,33,113,0,44,0.008547008547008576
0,33,119,0,45,0.00712250712250715
0,33,86,0,46,-0.05519943019943019
0,33,80,0,47,0.0032051282051282198
0,33,38,0,48,-0.12108262108262109
0,33,26,0,49,-0.12179487179487182
0,33,5,0,50,-0.07122507122507127
0,33,23,0,51,0.03205128205128205
0,33,68,0,52,-0.1638176638176638
0,33,71,0,53,0.03561253561253559
0,33,59,0,54,0.07122507122507118
0,33,56,0,55,-0.07122507122507121
0,33,116,0,56,0.03561253561253557
0,33,104,0,57,0.1816239316239316
0,33,83,0,58,0.07122507122507123
0,33,101,0,59,-0.09188034188034189
0,39,33,1,0,0.4401709401709404
0,39,39,1,1,0.7678062678062683
0,39,6,1,2,0.3831908831908833
0,39,0,1,3,0.2592592592592593
0,39,111,1,4,0.25925925925925936
0,39,117,1,5,0.38319088319088324
0,39,84,1,6,0.24145299145299146
0,39,78,1,7,0.08618233618233619
0,39,36,1,8,-0.8490028490028492
0,39,24,1,9,-0.34330484330484345
0,39,3,1,10,-0.4074074074074075
0,39,21,1,11,-0.05840455840455841
0,39,66,1,12,-0.05840455840455841
0,39,69,1,13,-0.3433048433048434
0,39,57,1,14,-0.20797720797720798
0,39,54,1,15,0.09686609686609689
0,39,114,1,16,-0.4074074074074076
0,39,102,1,17,-0.20797720797720798
0,39,81,1,18,-0.13105413105413105
0,39,99,1,19,0.09686609686609682
0,39,34,1,20,-0.008547008547008537
0,39,40,1,21,0.20655270655270663
0,39,7,1,22,0.008547008547008576
0,39,1,1,23,0.007122507122507127
0,39,112,1,24,-0.003205128205128207
0,39,118,1,25,0.055199430199430216
0,39,85,1,26,0.003205128205128219
0,39,79,1,27,-0.0551994301994302
0,39,37,1,28,-0.12108262108262115
0,39,25,1,29,-0.16381766381766388
0,39,4,1,30,0.035612535612535606
0,39,22,1,31,0.03561253561253564
0,39,67,1,32,-0.1217948717948718
0,39,70,1,33,0.032051282051282076
0,39,58,1,34,-0.09188034188034189
0,39,55,1,35,0.18162393162393167
0,39,115,1,36,-0.07122507122507123
0,39,103,1,37,-0.07122507122507125
0,39,82,1,38,0.07122507122507124
0,39,100,1,39,0.07122507122507123
0,39,35,1,40,0.008547008547008555
0,39,41,1,41,-0.20655270655270663
0,39,8,1,42,-0.055199430199430195
0,39,2,1,43,0.0032051282051282306
0,39,113,1,44,-0.007122507122507128
0,39,119,1,45,-0.008547008547008527
0,39,86,1,46,-0.0032051282051282102
0,39,80,1,47,0.0551994301994302
0,39,38,1,48,0.12108262108262113
0,39,26,1,49,-0.032051282051282076
0,39,5,1,50,0.07122507122507121
0,39,23,1,51,0.12179487179487179
0,39,68,1,52,-0.03561253561253561
0,39,71,1,53,0.16381766381766377
0,39,59,1,54,0.0712250712250712
0,39,56,1,55,-0.07122507122507121
0,39,116,1,56,-0.03561253561253562
0,39,104,1,57,0.09188034188034187
0,39,83,1,58,-0.07122507122507123
0,39,101,1,59,-0.1816239316239316
0,6,33,2,0,0.25925925925925924
0,6,39,2,1,0.3831908831908833
0,6,6,2,2,0.7678062678062682
0,6,0,2,3,0.44017094017094033
0,6,111,2,4,0.0861823361823362
0,6,117,2,5,0.24145299145299146
0,6,84,2,6,0.3831908831908833
0,6,78,2,7,0.25925925925925924
0,6,36,2,8,-0.4074074074074076
0,6,24,2,9,-0.3433048433048434
0,6,3,2,10,-0.849002849002849
0,6,21,2,11,-0.05840455840455839
0,6,66,2,12,0.09686609686609682
0,6,69,2,13,-0.20797720797720798
0,6,57,2,14,-0.3433048433048433
0,6,54,2,15,-0.058404558404558424
0,6,114,2,16,-0.13105413105413108
0,6,102,2,17,-0.20797720797720798
0,6,81,2,18,-0.4074074074074074
0,6,99,2,19,0.09686609686609685
0,6,34,2,20,-0.007122507122507135
0,6,40,2,21,-0.008547008547008525
0,6,7,2,22,-0.2065527065527066
0,6,1,2,23,0.008547008547008527
0,6,112,2,24,0.055199430199430195
0,6,118,2,25,-0.0032051282051282
0,6,85,2,26,-0.0551994301994302
0,6,79,2,27,0.0032051282051281937
0,6,37,2,28,-0.035612535612535606
0,6,25,2,29,0.16381766381766383
0,6,4,2,30,0.12108262108262112
0,6,22,2,31,-0.035612535612535606
0,6,67,2,32,-0.18162393162393162
0,6,70,2,33,0.09188034188034187
0,6,58,2,34,-0.03205128205128208
0,6,55,2,35,0.12179487179487182
0,6,115,2,36,-0.07122507122507124
0,6,103,2,37,0.07122507122507121
0,6,82,2,38,0.07122507122507127
0,6,100,2,39,-0.07122507122507121
0,6,35,2,40,0.0032051282051282163
0,6,41,2,41,-0.05519943019943019
0,6,8,2,42,-0.20655270655270663
0,6,2,2,43,0.008547008547008557
0,6,113,2,44,0.055199430199430195
0,6,119,2,45,-0.0032051282051282015
0,6,86,2,46,-0.008547008547008553
0,6,80,2,47,-0.007122507122507128
0,6,38,2,48,0.07122507122507123
0,6,26,2,49,-0.03205128205128207
0,6,5,2,50,0.12108262108262113
0,6,23,2,51,0.1217948717948718
0,6,68,2,52,-0.07122507122507123
0,6,71,2,53,0.07122507122507121
0,6,59,2,54,0.1638176638176638
0,6,56,2,55,-0.03561253561253561
0,6,116,2,56,-0.07122507122507123
0,6,104,2,57,0.09188034188034187
0,6,83,2,58,-0.03561253561253559
0,6,101,2,59,-0.18162393162393162
0,0,33,3,0,0.38319088319088324
0,0,39,3,1,0.2592592592592593
0,0,6,3,2,0.44017094017094033
0,0,0,3,3,0.7678062678062682
0,0,111,3,4,0.2414529914529914
0,0,117,3,5,0.08618233618233619
0,0,84,3,6,0.2592592592592593
0,0,78,3,7,0.38319088319088324
0,0,36,3,8,-0.4074074074074075
0,0,24,3,9,-0.05840455840455852
0,0,3,3,10,-0.8490028490028491
0,0,21,3,11,-0.34330484330484323
0,0,66,3,12,-0.20797720797720795
0,0,69,3,13,0.0968660968660968
0,0,57,3,14,-0.0584045584045584
0,0,54,3,15,-0.34330484330484334
0,0,114,3,16,-0.13105413105413108
0,0,102,3,17,0.09686609686609682
0,0,81,3,18,-0.40740740740740744
0,0,99,3,19,-0.20797720797720792
0,0,34,3,20,0.008547008547008524
0,0,40,3,21,0.007122507122507149
0,0,7,3,22,-0.008547008547008558
0,0,1,3,23,0.20655270655270663
0,0,112,3,24,0.003205128205128197
0,0,118,3,25,-0.055199430199430195
0,0,85,3,26,-0.0032051282051282154
0,0,79,3,27,0.055199430199430195
0,0,37,3,28,0.0356125356125356
0,0,25,3,29,0.03561253561253562
0,0,4,3,30,-0.12108262108262106
0,0,22,3,31,-0.16381766381766377
0,0,67,3,32,-0.09188034188034186
0,0,70,3,33,0.18162393162393164
0,0,58,3,34,-0.12179487179487182
0,0,55,3,35,0.0320512820512821
0,0,115,3,36,0.07122507122507124
0,0,103,3,37,0.07122507122507121
0,0,82,3,38,-0.07122507122507121
0,0,100,3,39,-0.07122507122507123
0,0,35,3,40,0.05519943019943022
0,0,41,3,41,-0.0032051282051281872
0,0,8,3,42,-0.008547008547008548
0,0,2,3,43,0.20655270655270663
0,0,113,3,44,0.00320512820512822
0,0,119,3,45,-0.055199430199430195
0,0,86,3,46,0.0071225071225071435
0,0,80,3,47,0.008547008547008569
0,0,38,3,48,-0.07122507122507125
0,0,26,3,49,-0.12179487179487182
0,0,5,3,50,-0.12108262108262112
0,0,23,3,51,0.03205128205128209
0,0,68,3,52,-0.07122507122507123
0,0,71,3,53,0.07122507122507121
0,0,59,3,54,0.035612535612535606
0,0,56,3,55,-0.1638176638176638
0,0,116,3,56,0.0712250712250712
0,0,104,3,57,0.18162393162393162
0,0,83,3,58,0.03561253561253559
0,0,101,3,59,-0.09188034188034189
0,111,33,4,0,0.3831908831908833
0,111,39,4,1,0.25925925925925936
0,111,6,4,2,0.0861823361823362
0,111,0,4,3,0.2414529914529914
0,111,111,4,4,0.767806267806268
0,111,117,4,5,0.4401709401709404
0,111,84,4,6,0.2592592592592593
0,111,78,4,7,0.3831908831908833
0,111,36,4,8,-0.40740740740740755
0,111,24,4,9,0.09686609686609683
0,111,3,4,10,-0.13105413105413105
0,111,21,4,11,-0.20797720797720795
0,111,66,4,12,-0.34330484330484334
0,111,69,4,13,-0.05840455840455849
0,111,57,4,14,0.09686609686609682
0,111,54,4,15,-0.20797720797720795
0,111,114,4,16,-0.8490028490028494
0,111,102,4,17,-0.058404558404558445
0,111,81,4,18,-0.4074074074074074
0,111,99,4,19,-0.34330484330484334
0,111,34,4,20,-0.05519943019943021
0,111,40,4,21,0.0032051282051282024
0,111,7,4,22,0.0551994301994302
0,111,1,4,23,-0.003205128205128204
0,111,112,4,24,-0.20655270655270666
0,111,118,4,25,0.008547008547008555
0,111,85,4,26,-0.0071225071225071365
0,111,79,4,27,-0.008547008547008558
0,111,37,4,28,0.07122507122507121
0,111,25,4,29,-0.07122507122507123
0,111,4,4,30,-0.07122507122507118
0,111,22,4,31,0.07122507122507123
0,111,67,4,32,-0.03205128205128205
0,111,70,4,33,0.1217948717948718
0,111,58,4,34,-0.18162393162393156
0,111,55,4,35,0.09188034188034187
0,111,115,4,36,0.1210826210826211
0,111,103,4,37,-0.035612535612535606
0,111,82,4,38,-0.035612535612535606
0,111,100,4,39,0.16381766381766388
0,111,35,4,40,-0.008547008547008555
0,111,41,4,41,-0.007122507122507131
0,111,8,4,42,0.05519943019943021
0,111,2,4,43,-0.003205128205128202
0,111,113,4,44,-0.20655270655270663
0,111,119,4,45,0.00854700854700859
0,111,86,4,46,0.0032051282051282133
0,111,80,4,47,-0.055199430199430174
0,111,38,4,48,-0.03561253561253565
0,111,26,4,49,-0.1816239316239316
0,111,5,4,50,-0.07122507122507121
0,111,23,4,51,0.09188034188034189
0,111,68,4,52,0.16381766381766386
0,111,71,4,53,-0.035612535612535606
0,111,59,4,54,-0.07122507122507123
0,111,56,4,55,0.07122507122507123
0,111,116,4,56,0.12108262108262108
0,111,104,4,57,0.1217948717948718
0,111,83,4,58,0.0712250712250712
0,111,101,4,59,-0.032051282051282055
0,117,33,5,0,0.2592592592592593
0,117,39,5,1,0.3831908831908833
0,117,6,5,2,0.24145299145299146
0,117,0,5,3,0.08618233618233621
0,117,111,5,4,0.44017094017094033
0,117,117,5,5,0.7678062678062682
0,117,84,5,6,0.38319088319088324
0,117,78,5,7,0.2592592592592593
0,117,36,5,8,-0.40740740740740755
0,117,24,5,9,-0.20797720797720795
0,117,3,5,10,-0.13105413105413105
0,117,21,5,11,0.09686609686609686
0,117,66,5,12,-0.05840455840455846
0,117,69,5,13,-0.3433048433048434
0,117,57,5,14,-0.20797720797720798
0,117,54,5,15,0.09686609686609682
0,117,114,5,16,-0.8490028490028494
0,117,102,5,17,-0.34330484330484334
0,117,81,5,18,-0.4074074074074074
0,117,99,5,19,-0.05840455840455848
0,117,34,5,20,-0.0032051282051282076
0,117,40,5,21,0.055199430199430216
0,117,7,5,22,0.0032051282051282076
0,117,1,5,23,-0.055199430199430216
0,117,112,5,24,-0.008547008547008544
0,117,118,5,25,0.2065527065527067
0,117,85,5,26,0.008547008547008569
0,117,79,5,27,0.007122507122507138
0,117,37,5,28,-0.07122507122507123
0,117,25,5,29,-0.07122507122507123
0,117,4,5,30,0.07122507122507121
0,117,22,5,31,0.07122507122507124
0,117,67,5,32,-0.1217948717948718
0,117,70,5,33,0.03205128205128205
0,117,58,5,34,-0.09188034188034189
0,117,55,5,35,0.18162393162393156
0,117,115,5,36,-0.12108262108262113
0,117,103,5,37,-0.1638176638176639
0,117,82,5,38,0.035612535612535606
0,117,100,5,39,0.035612535612535606
0,117,35,5,40,0.007122507122507168
0,117,41,5,41,0.008547008547008572
0,117,8,5,42,0.003205128205128213
0,117,2,5,43,-0.0551994301994302
0,117,113,5,44,-0.00854700854700852
0,117,119,5,45,0.2065527065527067
0,117,86,5,46,0.05519943019943021
0,117,80,5,47,-0.003205128205128179
0,117,38,5,48,0.03561253561253559
0,117,26,5,49,-0.09188034188034187
0,117,5,5,50,0.0712250712250712
0,117,23,5,51,0.1816239316239316
0,117,68,5,52,0.03561253561253558
0,117,71,5,53,-0.1638176638176639
0,117,59,5,54,-0.07122507122507123
0,117,56,5,55,0.07122507122507121
0,117,116,5,56,-0.12108262108262118
0,117,104,5,57,0.03205128205128205
0,117,83,5,58,-0.07122507122507125
0,117,101,5,59,-0.1217948717948718
0,84,33,6,0,0.08618233618233621
0,84,39,6,1,0.24145299145299146
0,84,6,6,2,0.3831908831908833
0,84,0,6,3,0.2592592592592593
0,84,111,6,4,0.2592592592592593
0,84,117,6,5,0.3831908831908833
0,84,84,6,6,0.7678062678062679
0,84,78,6,7,0.4401709401709401
0,84,36,6,8,-0.13105413105413108
0,84,24,6,9,-0.20797720797720798
0,84,3,6,10,-0.40740740740740744
0,84,21,6,11,0.09686609686609685
0,84,66,6,12,0.09686609686609685
0,84,69,6,13,-0.20797720797720798
0,84,57,6,14,-0.3433048433048434
0,84,54,6,15,-0.05840455840455847
0,84,114,6,16,-0.4074074074074074
0,84,102,6,17,-0.3433048433048434
0,84,81,6,18,-0.849002849002849
0,84,99,6,19,-0.05840455840455843
0,84,34,6,20,0.055199430199430195
0,84,40,6,21,-0.0032051282051282055
0,84,7,6,22,-0.05519943019943021
0,84,1,6,23,0.0032051282051281846
0,84,112,6,24,-0.007122507122507135
0,84,118,6,25,-0.008547008547008537
0,84,85,6,26,-0.20655270655270663
0,84,79,6,27,0.008547008547008534
0,84,37,6,28,-0.07122507122507121
0,84,25,6,29,0.07122507122507123
0,84,4,6,30,0.07122507122507125
0,84,22,6,31,-0.07122507122507121
0,84,67,6,32,-0.1816239316239316
0,84,70,6,33,0.09188034188034187
0,84,58,6,34,-0.03205128205128205
0,84,55,6,35,0.12179487179487182
0,84,115,6,36,-0.03561253561253561
0,84,103,6,37,0.16381766381766388
0,84,82,6,38,0.1210826210826211
0,84,100,6,39,-0.03561253561253559
0,84,35,6,40,-0.055199430199430195
0,84,41,6,41,0.003205128205128204
0,84,8,6,42,0.008547008547008543
0,84,2,6,43,0.007122507122507142
0,84,113,6,44,-0.003205128205128195
0,84,119,6,45,0.055199430199430216
0,84,86,6,46,0.20655270655270663
0,84,80,6,47,-0.008547008547008525
0,84,38,6,48,0.0712250712250712
0,84,26,6,49,-0.09188034188034189
0,84,5,6,50,0.03561253561253559
0,84,23,6,51,0.18162393162393162
0,84,68,6,52,0.07122507122507121
0,84,71,6,53,-0.07122507122507121
0,84,59,6,54,-0.16381766381766386
0,84,56,6,55,0.0356125356125356
0,84,116,6,56,-0.07122507122507123
0,84,104,6,57,0.032051282051282076
0,84,83,6,58,-0.12108262108262113
0,84,101,6,59,-0.12179487179487176
0,78,33,7,0,0.24145299145299143
0,78,39,7,1,0.08618233618233619
0,78,6,7,2,0.25925925925925924
0,78,0,7,3,0.38319088319088324
0,78,111,7,4,0.3831908831908833
0,78,117,7,5,0.2592592592592593
0,78,84,7,6,0.44017094017094016
0,78,78,7,7,0.767806267806268
0,78,36,7,8,-0.13105413105413108
0,78,24,7,9,0.09686609686609685
0,78,3,7,10,-0.40740740740740744
0,78,21,7,11,-0.20797720797720795
0,78,66,7,12,-0.20797720797720792
0,78,69,7,13,0.09686609686609679
0,78,57,7,14,-0.058404558404558424
0,78,54,7,15,-0.34330484330484334
0,78,114,7,16,-0.40740740740740744
0,78,102,7,17,-0.05840455840455841
0,78,81,7,18,-0.8490028490028491
0,78,99,7,19,-0.3433048433048433
0,78,34,7,20,0.0032051282051282
0,78,40,7,21,-0.055199430199430216
0,78,7,7,22,-0.0032051282051282107
0,78,1,7,23,0.0551994301994302
0,78,112,7,24,0.008547008547008543
0,78,118,7,25,0.007122507122507138
0,78,85,7,26,-0.008547008547008558
0,78,79,7,27,0.20655270655270663
0,78,37,7,28,0.07122507122507121
0,78,25,7,29,0.07122507122507123
0,78,4,7,30,-0.07122507122507121
0,78,22,7,31,-0.07122507122507121
0,78,67,7,32,-0.09188034188034187
0,78,70,7,33,0.18162393162393162
0,78,58,7,34,-0.12179487179487179
0,78,55,7,35,0.032051282051282055
0,78,115,7,36,0.035612535612535606
0,78,103,7,37,0.035612535612535606
0,78,82,7,38,-0.12108262108262109
0,78,100,7,39,-0.16381766381766388
0,78,35,7,40,-0.0032051282051281946
0,78,41,7,41,0.05519943019943021
0,78,8,7,42,-0.007122507122507135
0,78,2,7,43,-0.008547008547008537
0,78,113,7,44,-0.05519943019943018
0,78,119,7,45,0.0032051282051282267
0,78,86,7,46,0.008547008547008572
0,78,80,7,47,-0.20655270655270658
0,78,38,7,48,-0.07122507122507123
0,78,26,7,49,-0.18162393162393164
0,78,5,7,50,-0.03561253561253561
0,78,23,7,51,0.09188034188034187
0,78,68,7,52,0.07122507122507121
0,78,71,7,53,-0.07122507122507123
0,78,59,7,54,-0.03561253561253562
0,78,56,7,55,0.16381766381766388
0,78,116,7,56,0.07122507122507118
0,78,104,7,57,0.12179487179487178
0,78,83,7,58,0.12108262108262104
0,78,101,7,59,-0.03205128205128206
0,36,33,8,0,-0.8490028490028491
0,36,39,8,1,-0.8490028490028492
0,36,6,8,2,-0.4074074074074076
0,36,0,8,3,-0.40740740740740755
0,36,111,8,4,-0.40740740740740755
0,36,117,8,5,-0.40740740740740755
0,36,84,8,6,-0.13105413105413108
0,36,78,8,7,-0.13105413105413105
0,36,36,8,8,1.8689458689458691
0,36,24,8,9,0.08547008547008565
0,36,3,8,10,0.7293447293447296
0,36,21,8,11,0.08547008547008543
0,36,66,8,12,0.08547008547008536
0,36,69,8,13,0.08547008547008547
0,36,57,8,14,-0.08547008547008547
0,36,54,8,15,-0.0854700854700855
0,36,114,8,16,0.7293447293447296
0,36,102,8,17,-0.08547008547008542
0,36,81,8,18,0.2621082621082621
0,36,99,8,19,-0.08547008547008544
0,36,34,8,20,0.1638176638176638
0,36,40,8,21,-0.16381766381766386
0,36,7,8,22,-0.03561253561253562
0,36,1,8,23,0.035612535612535634
0,36,112,8,24,0.07122507122507123
0,36,118,8,25,-0.07122507122507123
0,36,85,8,26,-0.07122507122507123
0,36,79,8,27,0.07122507122507124
0,36,37,8,28,5.930585883495709e-17
0,36,25,8,29,0.28490028490028496
0,36,4,8,30,-8.72782748850831e-18
0,36,22,8,31,-0.2849002849002851
0,36,67,8,32,0.042735042735042764
0,36,70,8,33,-0.04273504273504277
0,36,58,8,34,0.2136752136752137
0,36,55,8,35,-0.21367521367521372
0,36,115,8,36,6.938893903907228e-18
0,36,103,8,37,0.14245014245014248
0,36,82,8,38,-5.204170427930421e-18
0,36,100,8,39,-0.14245014245014245
0,36,35,8,40,-0.16381766381766388
0,36,41,8,41,0.1638176638176638
0,36,8,8,42,0.07122507122507121
0,36,2,8,43,-0.07122507122507124
0,36,113,8,44,-0.035612535612535606
0,36,119,8,45,0.03561253561253555
0,36,86,8,46,0.0712250712250712
0,36,80,8,47,-0.07122507122507124
0,36,38,8,48,-2.42861286636753e-17
0,36,26,8,49,0.04273504273504277
0,36,5,8,50,2.3744027577432547e-17
0,36,23,8,51,-0.042735042735042715
0,36,68,8,52,0.284900284900285
0,36,71,8,53,-0.2849002849002849
0,36,59,8,54,-0.14245014245014245
0,36,56,8,55,0.14245014245014245
0,36,116,8,56,2.949029909160572e-17
0,36,104,8,57,-0.21367521367521364
0,36,83,8,58,9.107298248878237e-18
0,36,101,8,59,0.2136752136752137
0,24,33,9,0,-0.058404558404558556
0,24,39,9,1,-0.34330484330484345
0,24,6,9,2,-0.3433048433048434
0,24,0,9,3,-0.05840455840455852
0,24,111,9,4,0.09686609686609682
0,24,117,9,5,-0.20797720797720795
0,24,84,9,6,-0.20797720797720798
0,24,78,9,7,0.09686609686609685
0,24,36,9,8,0.08547008547008562
0,24,24,9,9,1.0712250712250713
0,24,3,9,10,0.08547008547008554
0,24,21,9,11,-0.18233618233618212
0,24,66,9,12,-0.299145299145299
0,24,69,9,13,0.299145299145299
0,24,57,9,14,0.2991452991452991
0,24,54,9,15,-0.299145299145299
0,24,114,9,16,-0.08547008547008544
0,24,102,9,17,0.3304843304843304
0,24,81,9,18,-0.08547008547008546
0,24,99,9,19,-0.1937321937321936
0,24,34,9,20,-0.0356125356125356
0,24,40,9,21,-0.12108262108262116
0,24,7,9,22,0.12108262108262108
0,24,1,9,23,0.0356125356125356
0,24,112,9,24,-0.07122507122507121
0,24,118,9,25,-0.07122507122507123
0,24,85,9,26,0.07122507122507124
0,24,79,9,27,0.07122507122507121
0,24,37,9,28,0.28490028490028485
0,24,25,9,29,5.388484797252957e-17
0,24,4,9,30,-0.2849002849002848
0,24,22,9,31,-8.51098705401121e-18
0,24,67,9,32,0.2136752136752137
0,24,70,9,33,0.042735042735042694
0,24,58,9,34,-0.0427350427350427
0,24,55,9,35,-0.21367521367521364
0,24,115,9,36,0.14245014245014245
0,24,103,9,37,1.8214596497756474e-17
0,24,82,9,38,-0.14245014245014248
0,24,100,9,39,-4.553649124439119e-18
0,24,35,9,40,-0.09188034188034189
0,24,41,9,41,-0.032051282051282055
0,24,8,9,42,-0.032051282051282076
0,24,2,9,43,-0.09188034188034187
0,24,113,9,44,-0.18162393162393162
0,24,119,9,45,-0.1217948717948718
0,24,86,9,46,-0.12179487179487178
0,24,80,9,47,-0.18162393162393162
0,24,38,9,48,-0.042735042735042694
0,24,26,9,49,-0.2564102564102564
0,24,5,9,50,-0.042735042735042736
0,24,23,9,51,-0.05128205128205128
0,24,68,9,52,0.21367521367521367
0,24,71,9,53,0.04273504273504277
0,24,59,9,54,0.0427350427350427
0,24,56,9,55,0.21367521367521364
0,24,116,9,56,0.21367521367521364
0,24,104,9,57,0.05128205128205126
0,24,83,9,58,0.21367521367521367
0,24,101,9,59,0.2564102564102563
0,3,33,10,0,-0.40740740740740744
0,3,39,10,1,-0.4074074074074075
0,3,6,10,2,-0.849002849002849
0,3,0,10,3,-0.8490028490028491
0,3,111,10,4,-0.13105413105413105
0,3,117,10,5,-0.13105413105413105
0,3,84,10,6,-0.4074074074074075
0,3,78,10,7,-0.4074074074074074
0,3,36,10,8,0.7293447293447295
0,3,24,10,9,0.08547008547008554
0,3,3,10,10,1.868945868945869
0,3,21,10,11,0.08547008547008537
0,3,66,10,12,-0.0854700854700855
0,3,69,10,13,-0.08547008547008544
0,3,57,10,14,0.0854700854700854
0,3,54,10,15,0.08547008547008543
0,3,114,10,16,0.26210826210826205
0,3,102,10,17,-0.08547008547008547
0,3,81,10,18,0.7293447293447293
0,3,99,10,19,-0.08547008547008547
0,3,34,10,20,-0.03561253561253559
0,3,40,10,21,0.03561253561253562
0,3,7,10,22,0.16381766381766386
0,3,1,10,23,-0.1638176638176638
0,3,112,10,24,-0.07122507122507121
0,3,118,10,25,0.07122507122507124
0,3,85,10,26,0.07122507122507123
0,3,79,10,27,-0.0712250712250712
0,3,37,10,28,3.3881317890172014e-18
0,3,25,10,29,-0.284900284900285
0,3,4,10,30,-4.9846194880021066e-17
0,3,22,10,31,0.28490028490028496
0,3,67,10,32,0.21367521367521367
0,3,70,10,33,-0.2136752136752137
0,3,58,10,34,0.042735042735042764
0,3,55,10,35,-0.042735042735042764
0,3,115,10,36,-8.239936510889834e-18
0,3,103,10,37,-0.14245014245014243
0,3,82,10,38,-2.233456475320139e-17
0,3,100,10,39,0.1424501424501424
0,3,35,10,40,-0.07122507122507124
0,3,41,10,41,0.07122507122507124
0,3,8,10,42,0.16381766381766386
0,3,2,10,43,-0.16381766381766386
0,3,113,10,44,-0.07122507122507121
0,3,119,10,45,0.07122507122507121
0,3,86,10,46,0.035612535612535606
0,3,80,10,47,-0.03561253561253563
0,3,38,10,48,2.0274580625478933e-17
0,3,26,10,49,0.04273504273504273
0,3,5,10,50,3.560248883899275e-17
0,3,23,10,51,-0.04273504273504275
0,3,68,10,52,0.14245014245014245
0,3,71,10,53,-0.14245014245014245
0,3,59,10,54,-0.28490028490028496
0,3,56,10,55,0.28490028490028496
0,3,116,10,56,8.239936510889834e-18
0,3,104,10,57,-0.21367521367521364
0,3,83,10,58,1.0625181290357943e-17
0,3,101,10,59,0.21367521367521364
0,21,33,11,0,-0.3433048433048433
0,21,39,11,1,-0.05840455840455841
0,21,6,11,2,-0.0584045584045584
0,21,0,11,3,-0.34330484330484323
0,21,111,11,4,-0.20797720797720795
0,21,117,11,5,0.09686609686609686
0,21,84,11,6,0.09686609686609685
0,21,78,11,7,-0.20797720797720795
0,21,36,11,8,0.08547008547008544
0,21,24,11,9,-0.18233618233618212
0,21,3,11,10,0.08547008547008537
0,21,21,11,11,1.0712250712250715
0,21,66,11,12,0.299145299145299
0,21,69,11,13,-0.299145299145299
0,21,57,11,14,-0.299145299145299
0,21,54,11,15,0.2991452991452991
0,21,114,11,16,-0.08547008547008546
0,21,102,11,17,-0.1937321937321936
0,21,81,11,18,-0.08547008547008547
0,21,99,11,19,0.33048433048433046
0,21,34,11,20,0.12108262108262115
0,21,40,11,21,0.03561253561253561
0,21,7,11,22,-0.03561253561253559
0,21,1,11,23,-0.12108262108262108
0,21,112,11,24,0.07122507122507123
0,21,118,11,25,0.07122507122507121
0,21,85,11,26,-0.0712250712250712
0,21,79,11,27,-0.07122507122507123
0,21,37,11,28,-0.2849002849002848
0,21,25,11,29,-1.0245710529988017e-17
0,21,4,11,30,0.28490028490028474
0,21,22,11,31,-6.26939906239743e-17
0,21,67,11,32,-0.04273504273504273
0,21,70,11,33,-0.21367521367521367
0,21,58,11,34,0.21367521367521364
0,21,55,11,35,0.042735042735042715
0,21,115,11,36,-0.14245014245014245
0,21,103,11,37,8.673617379884035e-19
0,21,82,11,38,0.14245014245014248
0,21,100,11,39,-8.565197162635485e-18
0,21,35,11,40,0.032051282051282055
0,21,41,11,41,0.09188034188034185
0,21,8,11,42,0.09188034188034189
0,21,2,11,43,0.032051282051282104
0,21,113,11,44,0.1217948717948718
0,21,119,11,45,0.18162393162393162
0,21,86,11,46,0.18162393162393162
0,21,80,11,47,0.12179487179487182
0,21,38,11,48,0.04273504273504273
0,21,26,11,49,0.05128205128205124
0,21,5,11,50,0.042735042735042715
0,21,23,11,51,0.2564102564102564
0,21,68,11,52,-0.042735042735042764
0,21,71,11,53,-0.21367521367521367
0,21,59,11,54,-0.2136752136752137
0,21,56,11,55,-0.042735042735042736
0,21,116,11,56,-0.21367521367521367
0,21,104,11,57,-0.25641025641025633
0,21,83,11,58,-0.21367521367521364
0,21,101,11,59,-0.05128205128205127
0,66,33,12,0,-0.34330484330484334
0,66,39,12,1,-0.05840455840455841
0,66,6,12,2,0.09686609686609682
0,66,0,12,3,-0.20797720797720795
0,66,111,12,4,-0.34330484330484334
0,66,117,12,5,-0.05840455840455847
0,66,84,12,6,0.09686609686609682
0,66,78,12,7,-0.20797720797720792
0,66,36,12,8,0.08547008547008542
0,66,24,12,9,-0.299145299145299
0,66,3,12,10,-0.08547008547008551
0,66,21,12,11,0.299145299145299
0,66,66,12,12,1.071225071225071
0,66,69,12,13,-0.18233618233618226
0,66,57,12,14,-0.19373219373219364
0,66,54,12,15,0.33048433048433046
0,66,114,12,16,0.08547008547008553
0,66,102,12,17,-0.2991452991452991
0,66,81,12,18,-0.08547008547008542
0,66,99,12,19,0.29914529914529914
0,66,34,12,20,-0.0320512820512821
0,66,40,12,21,-0.09188034188034189
0,66,7,12,22,-0.18162393162393162
0,66,1,12,23,-0.1217948717948718
0,66,112,12,24,-0.03205128205128206
0,66,118,12,25,-0.09188034188034187
0,66,85,12,26,-0.1816239316239316
0,66,79,12,27,-0.12179487179487179
0,66,37,12,28,-0.04273504273504269
0,66,25,12,29,0.2136752136752137
0,66,4,12,30,0.21367521367521364
0,66,22,12,31,0.04273504273504277
0,66,67,12,32,-0.2564102564102564
0,66,70,12,33,-0.05128205128205125
0,66,58,12,34,0.25641025641025633
0,66,55,12,35,0.05128205128205127
0,66,115,12,36,-0.04273504273504271
0,66,103,12,37,0.21367521367521367
0,66,82,12,38,0.21367521367521364
0,66,100,12,39,0.042735042735042736
0,66,35,12,40,-0.12108262108262109
0,66,41,12,41,-0.035612535612535606
0,66,8,12,42,-0.07122507122507123
0,66,2,12,43,-0.07122507122507123
0,66,113,12,44,0.1210826210826211
0,66,119,12,45,0.03561253561253557
0,66,86,12,46,0.07122507122507121
0,66,80,12,47,0.07122507122507123
0,66,38,12,48,0.2849002849002849
0,66,26,12,49,0.2136752136752137
0,66,5,12,50,0.1424501424501425
0,66,23,12,51,0.042735042735042715
0,66,68,12,52,-7.45931094670027e-17
0,66,71,12,53,6.938893903907228e-18
0,66,59,12,54,4.7704895589362195e-18
0,66,56,12,55,-2.992397996059992e-17
0,66,116,12,56,-0.2849002849002849
0,66,104,12,57,-0.21367521367521358
0,66,83,12,58,-0.14245014245014243
0,66,101,12,59,-0.042735042735042694
0,69,33,13,0,-0.058404558404558465
0,69,39,13,1,-0.34330484330484334
0,69,6,13,2,-0.20797720797720798
0,69,0,13,3,0.0968660968660968
0,69,111,13,4,-0.058404558404558465
0,69,117,13,5,-0.3433048433048434
0,69,84,13,6,-0.20797720797720798
0,69,78,13,7,0.09686609686609682
0,69,36,13,8,0.08547008547008547
0,69,24,13,9,0.299145299145299
0,69,3,13,10,-0.08547008547008546
0,69,21,13,11,-0.299145299145299
0,69,66,13,12,-0.18233618233618226
0,69,69,13,13,1.071225071225071
0,69,57,13,14,0.33048433048433046
0,69,54,13,15,-0.1937321937321936
0,69,114,13,16,0.0854700854700855
0,69,102,13,17,0.2991452991452991
0,69,81,13,18,-0.08547008547008544
0,69,99,13,19,-0.2991452991452991
0,69,34,13,20,0.09188034188034187
0,69,40,13,21,0.03205128205128206
0,69,7,13,22,0.1217948717948718
0,69,1,13,23,0.18162393162393164
0,69,112,13,24,0.09188034188034187
0,69,118,13,25,0.03205128205128204
0,69,85,13,26,0.1217948717948718
0,69,79,13,27,0.18162393162393162
0,69,37,13,28,0.0427350427350427
0,69,25,13,29,-0.042735042735042764
0,69,4,13,30,-0.21367521367521367
0,69,22,13,31,-0.21367521367521367
0,69,67,13,32,0.051282051282051266
0,69,70,13,33,0.25641025641025633
0,69,58,13,34,-0.05128205128205126
0,69,55,13,35,-0.25641025641025633
0,69,115,13,36,0.0427350427350427
0,69,103,13,37,-0.042735042735042736
0,69,82,13,38,-0.21367521367521364
0,69,100,13,39,-0.21367521367521364
0,69,35,13,40,0.035612535612535585
0,69,41,13,41,0.12108262108262108
0,69,8,13,42,0.07122507122507123
0,69,2,13,43,0.07122507122507121
0,69,113,13,44,-0.035612535612535606
0,69,119,13,45,-0.12108262108262116
0,69,86,13,46,-0.07122507122507121
0,69,80,13,47,-0.07122507122507121
0,69,38,13,48,-0.28490028490028485
0,69,26,13,49,-0.04273504273504272
0,69,5,13,50,-0.1424501424501425
0,69,23,13,51,-0.21367521367521364
0,69,68,13,52,1.0408340855860843e-17
0,69,71,13,53,7.632783294297951e-17
0,69,59,13,54,9.540979117872439e-18
0,69,56,13,55,3.686287386450715e-18
0,69,116,13,56,0.28490028490028496
0,69,104,13,57,0.042735042735042666
0,69,83,13,58,0.14245014245014243
0,69,101,13,59,0.2136752136752136
0,57,33,14,0,0.09686609686609685
0,57,39,14,1,-0.20797720797720798
0,57,6,14,2,-0.3433048433048433
0,57,0,14,3,-0.0584045584045584
0,57,111,14,4,0.09686609686609682
0,57,117,14,5,-0.20797720797720798
0,57,84,14,6,-0.3433048433048434
0,57,78,14,7,-0.05840455840455841
0,57,36,14,8,-0.08547008547008546
0,57,24,14,9,0.2991452991452991
0,57,3,14,10,0.08547008547008537
0,57,21,14,11,-0.299145299145299
0,57,66,14,12,-0.19373219373219364
0,57,69,14,13,0.33048433048433046
0,57,57,14,14,1.0712250712250715
0,57,54,14,15,-0.1823361823361822
0,57,114,14,16,-0.08547008547008544
0,57,102,14,17,0.29914529914529914
0,57,81,14,18,0.0854700854700854
0,57,99,14,19,-0.2991452991452991
0,57,34,14,20,-0.18162393162393162
0,57,40,14,21,-0.12179487179487183
0,57,7,14,22,-0.0320512820512821
0,57,1,14,23,-0.09188034188034185
0,57,112,14,24,-0.1816239316239316
0,57,118,14,25,-0.1217948717948718
0,57,85,14,26,-0.03205128205128205
0,57,79,14,27,-0.09188034188034189
0,57,37,14,28,0.21367521367521367
0,57,25,14,29,0.042735042735042784
0,57,4,14,30,-0.04273504273504268
0,57,22,14,31,0.21367521367521367
0,57,67,14,32,0.25641025641025633
0,57,70,14,33,0.05128205128205128
0,57,58,14,34,-0.25641025641025644
0,57,55,14,35,-0.051282051282051246
0,57,115,14,36,0.21367521367521367
0,57,103,14,37,0.04273504273504279
0,57,82,14,38,-0.042735042735042736
0,57,100,14,39,0.21367521367521364
0,57,35,14,40,0.07122507122507118
0,57,41,14,41,0.07122507122507121
0,57,8,14,42,0.1210826210826211
0,57,2,14,43,0.03561253561253561
0,57,113,14,44,-0.07122507122507123
0,57,119,14,45,-0.07122507122507123
0,57,86,14,46,-0.12108262108262108
0,57,80,14,47,-0.035612535612535606
0,57,38,14,48,-0.14245014245014245
0,57,26,14,49,-0.042735042735042694
0,57,5,14,50,-0.2849002849002848
0,57,23,14,51,-0.2136752136752137
0,57,68,14,52,1.951563910473908e-18
0,57,71,14,53,3.469446951953614e-18
0,57,59,14,54,-2.190088388420719e-17
0,57,56,14,55,-3.333921680392926e-18
0,57,116,14,56,0.14245014245014243
0,57,104,14,57,0.0427350427350427
0,57,83,14,58,0.28490028490028485
0,57,101,14,59,0.2136752136752136
0,54,33,15,0,-0.20797720797720792
0,54,39,15,1,0.09686609686609689
0,54,6,15,2,-0.058404558404558424
0,54,0,15,3,-0.34330484330484334
0,54,111,15,4,-0.20797720797720795
0,54,117,15,5,0.09686609686609682
0,54,84,15,6,-0.05840455840455847
0,54,78,15,7,-0.3433048433048434
0,54,36,15,8,-0.08547008547008547
0,54,24,15,9,-0.299145299145299
0,54,3,15,10,0.08547008547008549
0,54,21,15,11,0.2991452991452991
0,54,66,15,12,0.33048433048433046
0,54,69,15,13,-0.1937321937321936
0,54,57,15,14,-0.1823361823361822
0,54,54,15,15,1.0712250712250713
0,54,114,15,16,-0.08547008547008543
0,54,102,15,17,-0.299145299145299
0,54,81,15,18,0.08547008547008554
0,54,99,15,19,0.2991452991452991
0,54,34,15,20,0.12179487179487182
0,54,40,15,21,0.18162393162393164
0,54,7,15,22,0.09188034188034187
0,54,1,15,23,0.032051282051282104
0,54,112,15,24,0.12179487179487178
0,54,118,15,25,0.18162393162393162
0,54,85,15,26,0.09188034188034189
0,54,79,15,27,0.032051282051282055
0,54,37,15,28,-0.21367521367521367
0,54,25,15,29,-0.2136752136752137
0,54,4,15,30,0.04273504273504269
0,54,22,15,31,-0.042735042735042764
0,54,67,15,32,-0.05128205128205126
0,54,70,15,33,-0.25641025641025633
0,54,58,15,34,0.05128205128205125
0,54,55,15,35,0.25641025641025644
0,54,115,15,36,-0.21367521367521367
0,54,103,15,37,-0.21367521367521367
0,54,82,15,38,0.042735042735042694
0,54,100,15,39,-0.04273504273504274
0,54,35,15,40,-0.0712250712250712
0,54,41,15,41,-0.07122507122507121
0,54,8,15,42,-0.03561253561253561
0,54,2,15,43,-0.12108262108262108
0,54,113,15,44,0.07122507122507123
0,54,119,15,45,0.07122507122507121
0,54,86,15,46,0.03561253561253559
0,54,80,15,47,0.12108262108262112
0,54,38,15,48,0.1424501424501425
0,54,26,15,49,0.21367521367521367
0,54,5,15,50,0.28490028490028485
0,54,23,15,51,0.04273504273504268
0,54,68,15,52,-3.003240017784847e-17
0,54,71,15,53,-3.903127820947816e-18
0,54,59,15,54,-2.6020852139652106e-18
0,54,56,15,55,-7.501323780884084e-17
0,54,116,15,56,-0.14245014245014243
0,54,104,15,57,-0.2136752136752136
0,54,83,15,58,-0.28490028490028485
0,54,101,15,59,-0.042735042735042715
0,114,33,16,0,-0.4074074074074076
0,114,39,16,1,-0.4074074074074076
0,114,6,16,2,-0.13105413105413108
0,114,0,16,3,-0.13105413105413108
0,114,111,16,4,-0.8490028490028493
0,114,117,16,5,-0.8490028490028494
0,114,84,16,6,-0.4074074074074074
0,114,78,16,7,-0.40740740740740744
0,114,36,16,8,0.7293447293447296
0,114,24,16,9,-0.08547008547008544
0,114,3,16,10,0.26210826210826205
0,114,21,16,11,-0.08547008547008546
0,114,66,16,12,0.0854700854700855
0,114,69,16,13,0.08547008547008556
0,114,57,16,14,-0.08547008547008544
0,114,54,16,15,-0.08547008547008547
0,114,114,16,16,1.8689458689458698
0,114,102,16,17,0.08547008547008539
0,114,81,16,18,0.7293447293447295
0,114,99,16,19,0.08547008547008547
0,114,34,16,20,0.07122507122507121
0,114,40,16,21,-0.07122507122507124
0,114,7,16,22,-0.07122507122507123
0,114,1,16,23,0.07122507122507124
0,114,112,16,24,0.16381766381766388
0,114,118,16,25,-0.16381766381766388
0,114,85,16,26,-0.03561253561253561
0,114,79,16,27,0.03561253561253562
0,114,37,16,28,6.938893903907228e-18
0,114,25,16,29,0.14245014245014248
0,114,4,16,30,-4.7704895589362195e-18
0,114,22,16,31,-0.14245014245014243
0,114,67,16,32,0.04273504273504274
0,114,70,16,33,-0.042735042735042764
0,114,58,16,34,0.2136752136752136
0,114,55,16,35,-0.21367521367521364
0,114,115,16,36,1.3877787807814457e-17
0,114,103,16,37,0.28490028490028496
0,114,82,16,38,6.938893903907228e-18
0,114,100,16,39,-0.2849002849002849
0,114,35,16,40,0.035612535612535585
0,114,41,16,41,-0.035612535612535634
0,114,8,16,42,-0.07122507122507123
0,114,2,16,43,0.0712250712250712
0,114,113,16,44,0.16381766381766383
0,114,119,16,45,-0.16381766381766394
0,114,86,16,46,-0.07122507122507124
0,114,80,16,47,0.0712250712250712
0,114,38,16,48,2.7755575615628914e-17
0,114,26,16,49,0.2136752136752137
0,114,5,16,50,1.1709383462843448e-17
0,114,23,16,51,-0.21367521367521364
0,114,68,16,52,-0.28490028490028485
0,114,71,16,53,0.28490028490028496
0,114,59,16,54,0.14245014245014248
0,114,56,16,55,-0.14245014245014243
0,114,116,16,56,6.938893903907228e-17
0,114,104,16,57,-0.04273504273504276
0,114,83,16,58,4.336808689942018e-17
0,114,101,16,59,0.042735042735042764
0,102,33,17,0,0.09686609686609682
0,102,39,17,1,-0.207977207977208
0,102,6,17,2,-0.20797720797720798
0,102,0,17,3,0.09686609686609682
0,102,111,17,4,-0.05840455840455846
0,102,117,17,5,-0.34330484330484334
0,102,84,17,6,-0.3433048433048434
0,102,78,17,7,-0.05840455840455841
0,102,36,17,8,-0.08547008547008542
0,102,24,17,9,0.3304843304843304
0,102,3,17,10,-0.08547008547008547
0,102,21,17,11,-0.1937321937321936
0,102,66,17,12,-0.2991452991452991
0,102,69,17,13,0.2991452991452991
0,102,57,17,14,0.29914529914529914
0,102,54,17,15,-0.299145299145299
0,102,114,17,16,0.08547008547008544
0,102,102,17,17,1.0712250712250713
0,102,81,17,18,0.0854700854700854
0,102,99,17,19,-0.18233618233618226
0,102,34,17,20,-0.07122507122507124
0,102,40,17,21,-0.07122507122507124
0,102,7,17,22,0.07122507122507123
0,102,1,17,23,0.07122507122507121
0,102,112,17,24,-0.03561253561253558
0,102,118,17,25,-0.12108262108262112
0,102,85,17,26,0.12108262108262109
0,102,79,17,27,0.035612535612535606
0,102,37,17,28,0.14245014245014245
0,102,25,17,29,1.6479873021779667e-17
0,102,4,17,30,-0.14245014245014245
0,102,22,17,31,-8.673617379884035e-19
0,102,67,17,32,0.21367521367521367
0,102,70,17,33,0.04273504273504271
0,102,58,17,34,-0.04273504273504268
0,102,55,17,35,-0.21367521367521364
0,102,115,17,36,0.28490028490028485
0,102,103,17,37,-1.3877787807814457e-17
0,102,82,17,38,-0.28490028490028496
0,102,100,17,39,-3.469446951953614e-18
0,102,35,17,40,0.1816239316239316
0,102,41,17,41,0.12179487179487179
0,102,8,17,42,0.1217948717948718
0,102,2,17,43,0.1816239316239316
0,102,113,17,44,0.0918803418803419
0,102,119,17,45,0.03205128205128206
0,102,86,17,46,0.03205128205128206
0,102,80,17,47,0.09188034188034189
0,102,38,17,48,-0.2136752136752136
0,102,26,17,49,-0.05128205128205126
0,102,5,17,50,-0.21367521367521367
0,102,23,17,51,-0.25641025641025633
0,102,68,17,52,-0.2136752136752136
0,102,71,17,53,-0.042735042735042764
0,102,59,17,54,-0.042735042735042736
0,102,56,17,55,-0.21367521367521364
0,102,116,17,56,0.042735042735042694
0,102,104,17,57,0.25641025641025633
0,102,83,17,58,0.04273504273504268
0,102,101,17,59,0.05128205128205125
0,81,33,18,0,-0.1310541310541311
0,81,39,18,1,-0.13105413105413105
0,81,6,18,2,-0.4074074074074074
0,81,0,18,3,-0.40740740740740744
0,81,111,18,4,-0.4074074074074074
0,81,117,18,5,-0.40740740740740733
0,81,84,18,6,-0.8490028490028487
0,81,78,18,7,-0.849002849002849
0,81,36,18,8,0.2621082621082621
0,81,24,18,9,-0.08547008547008546
0,81,3,18,10,0.7293447293447294
0,81,21,18,11,-0.08547008547008547
0,81,66,18,12,-0.08547008547008543
0,81,69,18,13,-0.08547008547008543
0,81,57,18,14,0.08547008547008537
0,81,54,18,15,0.08547008547008554
0,81,114,18,16,0.7293447293447295
0,81,102,18,17,0.0854700854700854
0,81,81,18,18,1.8689458689458687
0,81,99,18,19,0.08547008547008547
0,81,34,18,20,-0.07122507122507118
0,81,40,18,21,0.07122507122507123
0,81,7,18,22,0.07122507122507125
0,81,1,18,23,-0.07122507122507123
0,81,112,18,24,-0.035612535612535585
0,81,118,18,25,0.03561253561253562
0,81,85,18,26,0.16381766381766388
0,81,79,18,27,-0.16381766381766386
0,81,37,18,28,-6.7220534694101275e-18
0,81,25,18,29,-0.14245014245014245
0,81,4,18,30,-2.4936649967166602e-17
0,81,22,18,31,0.1424501424501424
0,81,67,18,32,0.21367521367521364
0,81,70,18,33,-0.21367521367521367
0,81,58,18,34,0.0427350427350427
0,81,55,18,35,-0.042735042735042764
0,81,115,18,36,-6.938893903907228e-18
0,81,103,18,37,-0.28490028490028496
0,81,82,18,38,2.168404344971009e-17
0,81,100,18,39,0.2849002849002849
0,81,35,18,40,0.07122507122507121
0,81,41,18,41,-0.07122507122507124
0,81,8,18,42,-0.03561253561253562
0,81,2,18,43,0.035612535612535585
0,81,113,18,44,0.0712250712250712
0,81,119,18,45,-0.07122507122507124
0,81,86,18,46,-0.16381766381766394
0,81,80,18,47,0.16381766381766383
0,81,38,18,48,1.0408340855860843e-17
0,81,26,18,49,0.21367521367521364
0,81,5,18,50,1.7564075194265172e-17
0,81,23,18,51,-0.21367521367521364
0,81,68,18,52,-0.14245014245014243
0,81,71,18,53,0.14245014245014245
0,81,59,18,54,0.2849002849002849
0,81,56,18,55,-0.2849002849002849
0,81,116,18,56,3.9898639947466563e-17
0,81,104,18,57,-0.042735042735042764
0,81,83,18,58,4.911435841359335e-17
0,81,101,18,59,0.042735042735042764
0,99,33,19,0,-0.20797720797720795
0,99,39,19,1,0.09686609686609682
0,99,6,19,2,0.09686609686609685
0,99,0,19,3,-0.20797720797720792
0,99,111,19,4,-0.3433048433048434
0,99,117,19,5,-0.05840455840455848
0,99,84,19,6,-0.05840455840455842
0,99,78,19,7,-0.3433048433048433
0,99,36,19,8,-0.08547008547008546
0,99,24,19,9,-0.1937321937321936
0,99,3,19,10,-0.08547008547008547
0,99,21,19,11,0.33048433048433046
0,99,66,19,12,0.29914529914529914
0,99,69,19,13,-0.2991452991452991
0,99,57,19,14,-0.2991452991452991
0,99,54,19,15,0.2991452991452991
0,99,114,19,16,0.0854700854700855
0,99,102,19,17,-0.18233618233618226
0,99,81,19,18,0.08547008547008547
0,99,99,19,19,1.0712250712250713
0,99,34,19,20,0.07122507122507124
0,99,40,19,21,0.07122507122507123
0,99,7,19,22,-0.07122507122507121
0,99,1,19,23,-0.07122507122507121
0,99,112,19,24,0.12108262108262108
0,99,118,19,25,0.035612535612535606
0,99,85,19,26,-0.03561253561253559
0,99,79,19,27,-0.1210826210826211
0,99,37,19,28,-0.14245014245014245
0,99,25,19,29,4.336808689942018e-19
0,99,4,19,30,0.14245014245014248
0,99,22,19,31,-7.806255641895632e-18
0,99,67,19,32,-0.04273504273504271
0,99,70,19,33,-0.21367521367521364
0,99,58,19,34,0.21367521367521367
0,99,55,19,35,0.042735042735042715
0,99,115,19,36,-0.2849002849002849
0,99,103,19,37,0.0
0,99,82,19,38,0.2849002849002849
0,99,100,19,39,1.474514954580286e-17
0,99,35,19,40,-0.12179487179487179
0,99,41,19,41,-0.18162393162393156
0,99,8,19,42,-0.1816239316239316
0,99,2,19,43,-0.12179487179487179
0,99,113,19,44,-0.032051282051282076
0,99,119,19,45,-0.0918803418803419
0,99,86,19,46,-0.09188034188034187
0,99,80,19,47,-0.03205128205128207
0,99,38,19,48,0.21367521367521367
0,99,26,19,49,0.25641025641025633
0,99,5,19,50,0.21367521367521367
0,99,23,19,51,0.05128205128205127
0,99,68,19,52,0.042735042735042764
0,99,71,19,53,0.2136752136752136
0,99,59,19,54,0.21367521367521364
0,99,56,19,55,0.042735042735042764
0,99,116,19,56,-0.042735042735042694
0,99,104,19,57,-0.05128205128205128
0,99,83,19,58,-0.042735042735042694
0,99,101,19,59,-0.25641025641025633
0,34,33,20,0,-0.20655270655270663
0,34,39,20,1,0.008547008547008572
0,34,6,20,2,-0.007122507122507138
0,34,0,20,3,-0.00854700854700857
0,34,111,20,4,-0.0551994301994302
0,34,117,20,5,0.0032051282051282076
0,34,84,20,6,0.0551994301994302
0,34,78,20,7,-0.003205128205128219
0,34,36,20,8,0.12108262108262109
0,34,24,20,9,-0.03561253561253562
0,34,3,20,10,-0.035612535612535585
0,34,21,20,11,0.1638176638176639
0,34,66,20,12,-0.03205128205128209
0,34,69,20,13,0.1217948717948718
0,34,57,20,14,-0.18162393162393167
0,34,54,20,15,0.0918803418803419
0,34,114,20,16,0.07122507122507123
0,34,102,20,17,-0.07122507122507124
0,34,81,20,18,-0.07122507122507121
0,34,99,20,19,0.07122507122507125
0,34,34,20,20,0.7678062678062684
0,34,40,20,21,0.3831908831908833
0,34,7,20,22,0.2592592592592593
0,34,1,20,23,0.44017094017094033
0,34,112,20,24,0.3831908831908833
0,34,118,20,25,0.24145299145299143
0,34,85,20,26,0.0861823361823362
0,34,79,20,27,0.25925925925925924
0,34,37,20,28,-0.3433048433048434
0,34,25,20,29,-0.40740740740740766
0,34,4,20,30,-0.05840455840455845
0,34,22,20,31,-0.849002849002849
0,34,67,20,32,-0.3433048433048433
0,34,70,20,33,-0.20797720797720798
0,34,58,20,34,0.09686609686609689
0,34,55,20,35,-0.05840455840455841
0,34,115,20,36,-0.20797720797720803
0,34,103,20,37,-0.13105413105413105
0,34,82,20,38,0.09686609686609685
0,34,100,20,39,-0.4074074074074075
0,34,35,20,40,-0.20655270655270663
0,34,41,20,41,-0.055199430199430195
0,34,8,20,42,0.003205128205128205
0,34,2,20,43,0.008547008547008541
0,34,113,20,44,-0.008547008547008572
0,34,119,20,45,-0.0032051282051282163
0,34,86,20,46,0.05519943019943019
0,34,80,20,47,-0.007122507122507154
0,34,38,20,48,-0.03205128205128207
0,34,26,20,49,0.07122507122507124
0,34,5,20,50,0.12179487179487182
0,34,23,20,51,0.12108262108262115
0,34,68,20,52,0.16381766381766383
0,34,71,20,53,0.07122507122507124
0,34,59,20,54,-0.07122507122507121
0,34,56,20,55,-0.0356125356125356
0,34,116,20,56,0.09188034188034187
0,34,104,20,57,-0.07122507122507121
0,34,83,20,58,-0.1816239316239316
0,34,101,20,59,-0.03561253561253557
0,40,33,21,0,-0.008547008547008537
0,40,39,21,1,0.20655270655270663
0,40,6,21,2,0.008547008547008576
0,40,0,21,3,0.007122507122507127
0,40,111,21,4,-0.003205128205128207
0,40,117,21,5,0.055199430199430216
0,40,84,21,6,0.003205128205128219
0,40,78,21,7,-0.0551994301994302
0,40,36,21,8,-0.12108262108262115
0,40,24,21,9,-0.16381766381766388
0,40,3,21,10,0.035612535612535606
0,40,21,21,11,0.03561253561253564
0,40,66,21,12,-0.1217948717948718
0,40,69,21,13,0.032051282051282076
0,40,57,21,14,-0.09188034188034189
0,40,54,21,15,0.18162393162393167
0,40,114,21,16,-0.07122507122507123
0,40,102,21,17,-0.07122507122507125
0,40,81,21,18,0.07122507122507124
0,40,99,21,19,0.07122507122507123
0,40,34,21,20,0.3831908831908833
0,40,40,21,21,0.7678062678062683
0,40,7,21,22,0.4401709401709404
0,40,1,21,23,0.2592592592592593
0,40,112,21,24,0.24145299145299143
0,40,118,21,25,0.3831908831908833
0,40,85,21,26,0.25925925925925936
0,40,79,21,27,0.08618233618233619
0,40,37,21,28,-0.34330484330484345
0,40,25,21,29,-0.8490028490028492
0,40,4,21,30,-0.05840455840455842
0,40,22,21,31,-0.4074074074074075
0,40,67,21,32,-0.20797720797720795
0,40,70,21,33,-0.3433048433048433
0,40,58,21,34,-0.05840455840455842
0,40,55,21,35,0.09686609686609685
0,40,115,21,36,-0.207977207977208
0,40,103,21,37,-0.4074074074074075
0,40,82,21,38,0.09686609686609683
0,40,100,21,39,-0.13105413105413105
0,40,35,21,40,-0.05519943019943019
0,40,41,21,41,-0.20655270655270666
0,40,8,21,42,0.008547008547008569
0,40,2,21,43,0.0032051282051282254
0,40,113,21,44,-0.003205128205128212
0,40,119,21,45,-0.008547008547008558
0,40,86,21,46,-0.007122507122507161
0,40,80,21,47,0.055199430199430195
0,40,38,21,48,-0.03205128205128204
0,40,26,21,49,0.12108262108262106
0,40,5,21,50,0.12179487179487179
0,40,23,21,51,0.07122507122507121
0,40,68,21,52,0.07122507122507121
0,40,71,21,53,0.16381766381766386
0,40,59,21,54,-0.03561253561253559
0,40,56,21,55,-0.0712250712250712
0,40,116,21,56,0.09188034188034187
0,40,104,21,57,-0.035612535612535565
0,40,83,21,58,-0.1816239316239316
0,40,101,21,59,-0.07122507122507121
0,7,33,22,0,-0.007122507122507135
0,7,39,22,1,-0.008547008547008525
0,7,6,22,2,-0.2065527065527066
0,7,0,22,3,0.008547008547008527
0,7,111,22,4,0.055199430199430195
0,7,117,22,5,-0.0032051282051282
0,7,84,22,6,-0.0551994301994302
0,7,78,22,7,0.0032051282051281937
0,7,36,22,8,-0.035612535612535606
0,7,24,22,9,0.16381766381766383
0,7,3,22,10,0.12108262108262112
0,7,21,22,11,-0.035612535612535606
0,7,66,22,12,-0.18162393162393162
0,7,69,22,13,0.09188034188034187
0,7,57,22,14,-0.03205128205128208
0,7,54,22,15,0.12179487179487182
0,7,114,22,16,-0.07122507122507124
0,7,102,22,17,0.07122507122507121
0,7,81,22,18,0.07122507122507127
0,7,99,22,19,-0.07122507122507121
0,7,34,22,20,0.2592592592592593
0,7,40,22,21,0.4401709401709404
0,7,7,22,22,0.7678062678062683
0,7,1,22,23,0.3831908831908832
0,7,112,22,24,0.0861823361823362
0,7,118,22,25,0.2592592592592593
0,7,85,22,26,0.38319088319088324
0,7,79,22,27,0.2414529914529914
0,7,37,22,28,-0.05840455840455855
0,7,25,22,29,-0.8490028490028493
0,7,4,22,30,-0.34330484330484334
0,7,22,22,31,-0.40740740740740755
0,7,67,22,32,0.09686609686609683
0,7,70,22,33,-0.05840455840455849
0,7,58,22,34,-0.3433048433048433
0,7,55,22,35,-0.20797720797720795
0,7,115,22,36,0.09686609686609679
0,7,103,22,37,-0.40740740740740744
0,7,82,22,38,-0.20797720797720792
0,7,100,22,39,-0.13105413105413102
0,7,35,22,40,-0.0032051282051282063
0,7,41,22,41,-0.00854700854700855
0,7,8,22,42,0.20655270655270666
0,7,2,22,43,0.05519943019943022
0,7,113,22,44,-0.055199430199430195
0,7,119,22,45,0.007122507122507142
0,7,86,22,46,0.008547008547008544
0,7,80,22,47,0.0032051282051282163
0,7,38,22,48,-0.12179487179487182
0,7,26,22,49,-0.12108262108262115
0,7,5,22,50,0.03205128205128206
0,7,23,22,51,-0.07122507122507125
0,7,68,22,52,0.07122507122507121
0,7,71,22,53,0.03561253561253563
0,7,59,22,54,-0.1638176638176638
0,7,56,22,55,-0.07122507122507123
0,7,116,22,56,0.18162393162393156
0,7,104,22,57,0.03561253561253558
0,7,83,22,58,-0.09188034188034191
0,7,101,22,59,0.07122507122507123
0,1,33,23,0,0.008547008547008524
0,1,39,23,1,0.007122507122507149
0,1,6,23,2,-0.008547008547008558
0,1,0,23,3,0.20655270655270663
0,1,111,23,4,0.003205128205128197
0,1,117,23,5,-0.055199430199430195
0,1,84,23,6,-0.0032051282051282154
0,1,78,23,7,0.055199430199430195
0,1,36,23,8,0.0356125356125356
0,1,24,23,9,0.03561253561253562
0,1,3,23,10,-0.12108262108262106
0,1,21,23,11,-0.16381766381766377
0,1,66,23,12,-0.09188034188034186
0,1,69,23,13,0.18162393162393164
0,1,57,23,14,-0.12179487179487182
0,1,54,23,15,0.0320512820512821
0,1,114,23,16,0.07122507122507124
0,1,102,23,17,0.07122507122507121
0,1,81,23,18,-0.07122507122507121
0,1,99,23,19,-0.07122507122507123
0,1,34,23,20,0.44017094017094033
0,1,40,23,21,0.2592592592592593
0,1,7,23,22,0.3831908831908832
0,1,1,23,23,0.7678062678062682
0,1,112,23,24,0.25925925925925924
0,1,118,23,25,0.08618233618233621
0,1,85,23,26,0.24145299145299143
0,1,79,23,27,0.38319088319088324
0,1,37,23,28,-0.058404558404558486
0,1,25,23,29,-0.4074074074074076
0,1,4,23,30,-0.3433048433048433
0,1,22,23,31,-0.8490028490028491
0,1,67,23,32,-0.05840455840455841
0,1,70,23,33,0.09686609686609682
0,1,58,23,34,-0.20797720797720792
0,1,55,23,35,-0.34330484330484334
0,1,115,23,36,0.0968660968660968
0,1,103,23,37,-0.13105413105413105
0,1,82,23,38,-0.20797720797720795
0,1,100,23,39,-0.4074074074074075
0,1,35,23,40,-0.008547008547008555
0,1,41,23,41,-0.003205128205128203
0,1,8,23,42,0.0551994301994302
0,1,2,23,43,0.20655270655270663
0,1,113,23,44,0.007122507122507131
0,1,119,23,45,-0.05519943019943021
0,1,86,23,46,0.0032051282051282024
0,1,80,23,47,0.008547008547008553
0,1,38,23,48,-0.12179487179487183
0,1,26,23,49,-0.07122507122507125
0,1,5,23,50,0.032051282051282076
0,1,23,23,51,-0.12108262108262108
0,1,68,23,52,0.03561253561253565
0,1,71,23,53,0.07122507122507124
0,1,59,23,54,-0.07122507122507121
0,1,56,23,55,-0.16381766381766374
0,1,116,23,56,0.1816239316239316
0,1,104,23,57,0.0712250712250712
0,1,83,23,58,-0.0918803418803419
0,1,101,23,59,0.03561253561253561
0,112,33,24,0,-0.05519943019943021
0,112,39,24,1,0.0032051282051282024
0,112,6,24,2,0.0551994301994302
0,112,0,24,3,-0.003205128205128204
0,112,111,24,4,-0.20655270655270666
0,112,117,24,5,0.008547008547008555
0,112,84,24,6,-0.0071225071225071365
0,112,78,24,7,-0.008547008547008558
0,112,36,24,8,0.07122507122507121
0,112,24,24,9,-0.07122507122507123
0,112,3,24,10,-0.07122507122507118
0,112,21,24,11,0.07122507122507123
0,112,66,24,12,-0.03205128205128205
0,112,69,24,13,0.1217948717948718
0,112,57,24,14,-0.18162393162393156
0,112,54,24,15,0.09188034188034187
0,112,114,24,16,0.1210826210826211
0,112,102,24,17,-0.035612535612535606
0,112,81,24,18,-0.035612535612535606
0,112,99,24,19,0.16381766381766388
0,112,34,24,20,0.3831908831908833
0,112,40,24,21,0.24145299145299143
0,112,7,24,22,0.0861823361823362
0,112,1,24,23,0.25925925925925924
0,112,112,24,24,0.767806267806268
0,112,118,24,25,0.3831908831908833
0,112,85,24,26,0.2592592592592593
0,112,79,24,27,0.4401709401709402
0,112,37,24,28,-0.20797720797720795
0,112,25,24,29,-0.13105413105413102
0,112,4,24,30,0.09686609686609686
0,112,22,24,31,-0.40740740740740744
0,112,67,24,32,-0.3433048433048434
0,112,70,24,33,-0.20797720797720795
0,112,58,24,34,0.09686609686609683
0,112,55,24,35,-0.05840455840455843
0,112,115,24,36,-0.34330484330484334
0,112,103,24,37,-0.4074074074074074
0,112,82,24,38,-0.058404558404558424
0,112,100,24,39,-0.8490028490028491
0,112,35,24,40,0.008547008547008524
0,112,41,24,41,0.003205128205128204
0,112,8,24,42,-0.05519943019943021
0,112,2,24,43,0.007122507122507142
0,112,113,24,44,0.2065527065527066
0,112,119,24,45,0.0551994301994302
0,112,86,24,46,-0.003205128205128199
0,112,80,24,47,-0.00854700854700855
0,112,38,24,48,-0.09188034188034186
0,112,26,24,49,0.07122507122507121
0,112,5,24,50,0.18162393162393162
0,112,23,24,51,0.03561253561253563
0,112,68,24,52,-0.16381766381766383
0,112,71,24,53,-0.07122507122507123
0,112,59,24,54,0.07122507122507121
0,112,56,24,55,0.03561253561253562
0,112,116,24,56,0.03205128205128207
0,112,104,24,57,-0.07122507122507124
0,112,83,24,58,-0.12179487179487176
0,112,101,24,59,-0.12108262108262113
0,118,33,25,0,-0.0032051282051282076
0,118,39,25,1,0.055199430199430216
0,118,6,25,2,0.0032051282051282076
0,118,0,25,3,-0.055199430199430216
0,118,111,25,4,-0.008547008547008544
0,118,117,25,5,0.2065527065527067
0,118,84,25,6,0.008547008547008569
0,118,78,25,7,0.007122507122507138
0,118,36,25,8,-0.07122507122507123
0,118,24,25,9,-0.07122507122507123
0,118,3,25,10,0.07122507122507121
0,118,21,25,11,0.07122507122507124
0,118,66,25,12,-0.1217948717948718
0,118,69,25,13,0.03205128205128205
0,118,57,25,14,-0.09188034188034189
0,118,54,25,15,0.18162393162393156
0,118,114,25,16,-0.12108262108262113
0,118,102,25,17,-0.1638176638176639
0,118,81,25,18,0.035612535612535606
0,118,99,25,19,0.035612535612535606
0,118,34,25,20,0.24145299145299143
0,118,40,25,21,0.3831908831908833
0,118,7,25,22,0.2592592592592593
0,118,1,25,23,0.08618233618233621
0,118,112,25,24,0.3831908831908833
0,118,118,25,25,0.767806267806268
0,118,85,25,26,0.4401709401709403
0,118,79,25,27,0.2592592592592593
0,118,37,25,28,-0.20797720797720795
0,118,25,25,29,-0.40740740740740744
0,118,4,25,30,0.0968660968660968
0,118,22,25,31,-0.13105413105413105
0,118,67,25,32,-0.20797720797720798
0,118,70,25,33,-0.3433048433048434
0,118,58,25,34,-0.058404558404558465
0,118,55,25,35,0.09686609686609682
0,118,115,25,36,-0.34330484330484345
0,118,103,25,37,-0.8490028490028492
0,118,82,25,38,-0.058404558404558424
0,118,100,25,39,-0.40740740740740755
0,118,35,25,40,0.0032051282051282007
0,118,41,25,41,0.008547008547008524
0,118,8,25,42,0.007122507122507142
0,118,2,25,43,-0.05519943019943018
0,118,113,25,44,0.0551994301994302
0,118,119,25,45,0.20655270655270658
0,118,86,25,46,-0.008547008547008551
0,118,80,25,47,-0.003205128205128184
0,118,38,25,48,-0.09188034188034189
0,118,26,25,49,0.03561253561253563
0,118,5,25,50,0.1816239316239316
0,118,23,25,51,0.07122507122507123
0,118,68,25,52,-0.07122507122507121
0,118,71,25,53,-0.1638176638176638
0,118,59,25,54,0.035612535612535606
0,118,56,25,55,0.07122507122507121
0,118,116,25,56,0.03205128205128202
0,118,104,25,57,-0.12108262108262113
0,118,83,25,58,-0.12179487179487178
0,118,101,25,59,-0.07122507122507124
0,85,33,26,0,0.055199430199430195
0,85,39,26,1,-0.0032051282051282055
0,85,6,26,2,-0.05519943019943021
0,85,0,26,3,0.0032051282051281846
0,85,111,26,4,-0.007122507122507135
0,85,117,26,5,-0.008547008547008537
0,85,84,26,6,-0.20655270655270663
0,85,78,26,7,0.008547008547008534
0,85,36,26,8,-0.07122507122507121
0,85,24,26,9,0.07122507122507123
0,85,3,26,10,0.07122507122507125
0,85,21,26,11,-0.07122507122507121
0,85,66,26,12,-0.1816239316239316
0,85,69,26,13,0.09188034188034187
0,85,57,26,14,-0.03205128205128205
0,85,54,26,15,0.12179487179487182
0,85,114,26,16,-0.03561253561253561
0,85,102,26,17,0.16381766381766388
0,85,81,26,18,0.1210826210826211
0,85,99,26,19,-0.03561253561253559
0,85,34,26,20,0.0861823361823362
0,85,40,26,21,0.25925925925925936
0,85,7,26,22,0.38319088319088324
0,85,1,26,23,0.24145299145299143
0,85,112,26,24,0.2592592592592593
0,85,118,26,25,0.4401709401709403
0,85,85,26,26,0.767806267806268
0,85,79,26,27,0.3831908831908831
0,85,37,26,28,0.09686609686609683
0,85,25,26,29,-0.4074074074074075
0,85,4,26,30,-0.20797720797720795
0,85,22,26,31,-0.13105413105413105
0,85,67,26,32,0.09686609686609683
0,85,70,26,33,-0.058404558404558514
0,85,58,26,34,-0.3433048433048434
0,85,55,26,35,-0.20797720797720795
0,85,115,26,36,-0.058404558404558465
0,85,103,26,37,-0.8490028490028492
0,85,82,26,38,-0.34330484330484323
0,85,100,26,39,-0.40740740740740733
0,85,35,26,40,0.0551994301994302
0,85,41,26,41,-0.00712250712250715
0,85,8,26,42,-0.008547008547008555
0,85,2,26,43,-0.0032051282051282146
0,85,113,26,44,0.003205128205128212
0,85,119,26,45,0.008547008547008548
0,85,86,26,46,-0.20655270655270672
0,85,80,26,47,-0.05519943019943017
0,85,38,26,48,-0.1816239316239316
0,85,26,26,49,-0.03561253561253562
0,85,5,26,50,0.09188034188034189
0,85,23,26,51,-0.07122507122507123
0,85,68,26,52,-0.07122507122507121
0,85,71,26,53,-0.035612535612535585
0,85,59,26,54,0.16381766381766397
0,85,56,26,55,0.07122507122507124
0,85,116,26,56,0.12179487179487178
0,85,104,26,57,0.12108262108262108
0,85,83,26,58,-0.03205128205128208
0,85,101,26,59,0.0712250712250712
0,79,33,27,0,0.0032051282051282
0,79,39,27,1,-0.055199430199430216
0,79,6,27,2,-0.0032051282051282107
0,79,0,27,3,0.0551994301994302
0,79,111,27,4,0.008547008547008543
0,79,117,27,5,0.007122507122507138
0,79,84,27,6,-0.008547008547008558
0,79,78,27,7,0.20655270655270663
0,79,36,27,8,0.07122507122507121
0,79,24,27,9,0.07122507122507123
0,79,3,27,10,-0.07122507122507121
0,79,21,27,11,-0.07122507122507121
0,79,66,27,12,-0.09188034188034187
0,79,69,27,13,0.18162393162393162
0,79,57,27,14,-0.12179487179487179
0,79,54,27,15,0.032051282051282055
0,79,114,27,16,0.035612535612535606
0,79,102,27,17,0.035612535612535606
0,79,81,27,18,-0.12108262108262109
0,79,99,27,19,-0.16381766381766388
0,79,34,27,20,0.25925925925925924
0,79,40,27,21,0.08618233618233619
0,79,7,27,22,0.2414529914529914
0,79,1,27,23,0.38319088319088324
0,79,112,27,24,0.4401709401709402
0,79,118,27,25,0.2592592592592593
0,79,85,27,26,0.3831908831908831
0,79,79,27,27,0.767806267806268
0,79,37,27,28,0.09686609686609682
0,79,25,27,29,-0.13105413105413105
0,79,4,27,30,-0.20797720797720798
0,79,22,27,31,-0.4074074074074075
0,79,67,27,32,-0.058404558404558445
0,79,70,27,33,0.09686609686609679
0,79,58,27,34,-0.20797720797720792
0,79,55,27,35,-0.34330484330484334
0,79,115,27,36,-0.058404558404558465
0,79,103,27,37,-0.4074074074074075
0,79,82,27,38,-0.34330484330484323
0,79,100,27,39,-0.8490028490028492
0,79,35,27,40,-0.007122507122507147
0,79,41,27,41,0.055199430199430195
0,79,8,27,42,-0.0032051282051282007
0,79,2,27,43,-0.008547008547008563
0,79,113,27,44,0.008547008547008541
0,79,119,27,45,0.003205128205128218
0,79,86,27,46,-0.055199430199430174
0,79,80,27,47,-0.20655270655270663
0,79,38,27,48,-0.1816239316239316
0,79,26,27,49,-0.07122507122507124
0,79,5,27,50,0.09188034188034186
0,79,23,27,51,-0.035612535612535585
0,79,68,27,52,-0.03561253561253559
0,79,71,27,53,-0.07122507122507121
0,79,59,27,54,0.07122507122507124
0,79,56,27,55,0.16381766381766386
0,79,116,27,56,0.12179487179487178
0,79,104,27,57,0.07122507122507118
0,79,83,27,58,-0.03205128205128209
0,79,101,27,59,0.12108262108262109
0,37,33,28,0,0.1638176638176638
0,37,39,28,1,-0.16381766381766386
0,37,6,28,2,-0.03561253561253562
0,37,0,28,3,0.035612535612535634
0,37,111,28,4,0.07122507122507123
0,37,117,28,5,-0.07122507122507123
0,37,84,28,6,-0.07122507122507123
0,37,78,28,7,0.07122507122507124
0,37,36,28,8,5.930585883495709e-17
0,37,24,28,9,0.28490028490028496
0,37,3,28,10,-8.72782748850831e-18
0,37,21,28,11,-0.2849002849002851
0,37,66,28,12,0.042735042735042764
0,37,69,28,13,-0.04273504273504277
0,37,57,28,14,0.2136752136752137
0,37,54,28,15,-0.21367521367521372
0,37,114,28,16,6.938893903907228e-18
0,37,102,28,17,0.14245014245014248
0,37,81,28,18,-5.204170427930421e-18
0,37,99,28,19,-0.14245014245014245
0,37,34,28,20,-0.3433048433048434
0,37,40,28,21,-0.34330484330484345
0,37,7,28,22,-0.05840455840455855
0,37,1,28,23,-0.058404558404558486
0,37,112,28,24,-0.20797720797720795
0,37,118,28,25,-0.20797720797720795
0,37,85,28,26,0.09686609686609683
0,37,79,28,27,0.09686609686609682
0,37,37,28,28,1.0712250712250715
0,37,25,28,29,0.0854700854700856
0,37,4,28,30,-0.18233618233618223
0,37,22,28,31,0.08547008547008547
0,37,67,28,32,0.299145299145299
0,37,70,28,33,0.299145299145299
0,37,58,28,34,-0.299145299145299
0,37,55,28,35,-0.299145299145299
0,37,115,28,36,0.33048433048433046
0,37,103,28,37,-0.08547008547008544
0,37,82,28,38,-0.19373219373219358
0,37,100,28,39,-0.08547008547008544
0,37,35,28,40,-0.03205128205128206
0,37,41,28,41,-0.03205128205128203
0,37,8,28,42,-0.09188034188034187
0,37,2,28,43,-0.09188034188034187
0,37,113,28,44,-0.1217948717948718
0,37,119,28,45,-0.1217948717948718
0,37,86,28,46,-0.18162393162393162
0,37,80,28,47,-0.18162393162393156
0,37,38,28,48,-0.25641025641025633
0,37,26,28,49,-0.042735042735042715
0,37,5,28,50,-0.05128205128205127
0,37,23,28,51,-0.0427350427350427
0,37,68,28,52,0.042735042735042784
0,37,71,28,53,0.04273504273504274
0,37,59,28,54,0.21367521367521367
0,37,56,28,55,0.21367521367521364
0,37,116,28,56,0.05128205128205126
0,37,104,28,57,0.21367521367521364
0,37,83,28,58,0.2564102564102562
0,37,101,28,59,0.21367521367521364
0,25,33,29,0,-0.0356125356125356
0,25,39,29,1,-0.12108262108262116
0,25,6,29,2,0.12108262108262108
0,25,0,29,3,0.0356125356125356
0,25,111,29,4,-0.07122507122507121
0,25,117,29,5,-0.07122507122507123
0,25,84,29,6,0.07122507122507124
0,25,78,29,7,0.07122507122507121
0,25,36,29,8,0.28490028490028485
0,25,24,29,9,5.388484797252957e-17
0,25,3,29,10,-0.2849002849002848
0,25,21,29,11,-8.51098705401121e-18
0,25,66,29,12,0.2136752136752137
0,25,69,29,13,0.042735042735042694
0,25,57,29,14,-0.0427350427350427
0,25,54,29,15,-0.21367521367521364
0,25,114,29,16,0.14245014245014245
0,25,102,29,17,1.8214596497756474e-17
0,25,81,29,18,-0.14245014245014248
0,25,99,29,19,-4.553649124439119e-18
0,25,34,29,20,-0.40740740740740766
0,25,40,29,21,-0.8490028490028492
0,25,7,29,22,-0.8490028490028493
0,25,1,29,23,-0.4074074074074076
0,25,112,29,24,-0.13105413105413102
0,25,118,29,25,-0.40740740740740744
0,25,85,29,26,-0.4074074074074075
0,25,79,29,27,-0.13105413105413105
0,25,37,29,28,0.0854700854700856
0,25,25,29,29,1.8689458689458691
0,25,4,29,30,0.08547008547008549
0,25,22,29,31,0.7293447293447295
0,25,67,29,32,-0.08547008547008546
0,25,70,29,33,0.08547008547008546
0,25,58,29,34,0.08547008547008542
0,25,55,29,35,-0.08547008547008549
0,25,115,29,36,-0.08547008547008544
0,25,103,29,37,0.7293447293447295
0,25,82,29,38,-0.08547008547008547
0,25,100,29,39,0.2621082621082621
0,25,35,29,40,0.07122507122507125
0,25,41,29,41,0.1638176638176638
0,25,8,29,42,-0.16381766381766386
0,25,2,29,43,-0.07122507122507124
0,25,113,29,44,0.07122507122507121
0,25,119,29,45,0.03561253561253558
0,25,86,29,46,-0.03561253561253559
0,25,80,29,47,-0.07122507122507123
0,25,38,29,48,0.04273504273504273
0,25,26,29,49,5.0306980803327406e-17
0,25,5,29,50,-0.04273504273504274
0,25,23,29,51,1.5070410197548512e-17
0,25,68,29,52,-0.14245014245014243
0,25,71,29,53,-0.28490028490028496
0,25,59,29,54,0.2849002849002849
0,25,56,29,55,0.14245014245014243
0,25,116,29,56,-0.21367521367521364
0,25,104,29,57,6.938893903907228e-18
0,25,83,29,58,0.21367521367521367
0,25,101,29,59,3.686287386450715e-18
0,4,33,30,0,-0.03561253561253559
0,4,39,30,1,0.03561253561253562
0,4,6,30,2,0.16381766381766386
0,4,0,30,3,-0.1638176638176638
0,4,111,30,4,-0.07122507122507121
0,4,117,30,5,0.07122507122507124
0,4,84,30,6,0.07122507122507123
0,4,78,30,7,-0.0712250712250712
0,4,36,30,8,3.3881317890172014e-18
0,4,24,30,9,-0.284900284900285
0,4,3,30,10,-4.9846194880021066e-17
0,4,21,30,11,0.28490028490028496
0,4,66,30,12,0.21367521367521367
0,4,69,30,13,-0.2136752136752137
0,4,57,30,14,0.042735042735042764
0,4,54,30,15,-0.042735042735042764
0,4,114,30,16,-8.239936510889834e-18
0,4,102,30,17,-0.14245014245014243
0,4,81,30,18,-2.233456475320139e-17
0,4,99,30,19,0.1424501424501424
0,4,34,30,20,-0.05840455840455845
0,4,40,30,21,-0.05840455840455842
0,4,7,30,22,-0.34330484330484334
0,4,1,30,23,-0.3433048433048433
0,4,112,30,24,0.09686609686609686
0,4,118,30,25,0.0968660968660968
0,4,85,30,26,-0.20797720797720795
0,4,79,30,27,-0.20797720797720798
0,4,37,30,28,-0.18233618233618223
0,4,25,30,29,0.08547008547008549
0,4,4,30,30,1.0712250712250717
0,4,22,30,31,0.08547008547008543
0,4,67,30,32,-0.299145299145299
0,4,70,30,33,-0.29914529914529897
0,4,58,30,34,0.299145299145299
0,4,55,30,35,0.2991452991452991
0,4,115,30,36,-0.19373219373219358
0,4,103,30,37,-0.08547008547008544
0,4,82,30,38,0.33048433048433046
0,4,100,30,39,-0.08547008547008549
0,4,35,30,40,0.09188034188034189
0,4,41,30,41,0.09188034188034185
0,4,8,30,42,0.032051282051282076
0,4,2,30,43,0.03205128205128208
0,4,113,30,44,0.18162393162393162
0,4,119,30,45,0.18162393162393162
0,4,86,30,46,0.12179487179487182
0,4,80,30,47,0.12179487179487183
0,4,38,30,48,0.051282051282051246
0,4,26,30,49,0.04273504273504272
0,4,5,30,50,0.25641025641025644
0,4,23,30,51,0.04273504273504272
0,4,68,30,52,-0.21367521367521367
0,4,71,30,53,-0.2136752136752137
0,4,59,30,54,-0.042735042735042736
0,4,56,30,55,-0.04273504273504271
0,4,116,30,56,-0.2564102564102564
0,4,104,30,57,-0.21367521367521364
0,4,83,30,58,-0.051282051282051266
0,4,101,30,59,-0.21367521367521364
0,22,33,31,0,0.12108262108262115
0,22,39,31,1,0.03561253561253561
0,22,6,31,2,-0.03561253561253559
0,22,0,31,3,-0.12108262108262108
0,22,111,31,4,0.07122507122507123
0,22,117,31,5,0.07122507122507121
0,22,84,31,6,-0.0712250712250712
0,22,78,31,7,-0.07122507122507123
0,22,36,31,8,-0.2849002849002848
0,22,24,31,9,-1.0245710529988017e-17
0,22,3,31,10,0.28490028490028474
0,22,21,31,11,-6.26939906239743e-17
0,22,66,31,12,-0.04273504273504273
0,22,69,31,13,-0.21367521367521367
0,22,57,31,14,0.21367521367521364
0,22,54,31,15,0.042735042735042715
0,22,114,31,16,-0.14245014245014245
0,22,102,31,17,8.673617379884035e-19
0,22,81,31,18,0.14245014245014248
0,22,99,31,19,-8.565197162635485e-18
0,22,34,31,20,-0.849002849002849
0,22,40,31,21,-0.4074074074074075
0,22,7,31,22,-0.40740740740740755
0,22,1,31,23,-0.8490028490028491
0,22,112,31,24,-0.40740740740740744
0,22,118,31,25,-0.13105413105413105
0,22,85,31,26,-0.13105413105413105
0,22,79,31,27,-0.4074074074074075
0,22,37,31,28,0.08547008547008547
0,22,25,31,29,0.7293447293447295
0,22,4,31,30,0.08547008547008543
0,22,22,31,31,1.868945868945869
0,22,67,31,32,0.08547008547008544
0,22,70,31,33,-0.08547008547008546
0,22,58,31,34,-0.08547008547008549
0,22,55,31,35,0.0854700854700854
0,22,115,31,36,-0.08547008547008546
0,22,103,31,37,0.2621082621082621
0,22,82,31,38,-0.08547008547008549
0,22,100,31,39,0.7293447293447295
0,22,35,31,40,0.16381766381766386
0,22,41,31,41,0.07122507122507123
0,22,8,31,42,-0.07122507122507125
0,22,2,31,43,-0.1638176638176638
0,22,113,31,44,0.03561253561253562
0,22,119,31,45,0.07122507122507123
0,22,86,31,46,-0.07122507122507121
0,22,80,31,47,-0.03561253561253559
0,22,38,31,48,0.04273504273504274
0,22,26,31,49,2.190088388420719e-17
0,22,5,31,50,-0.042735042735042715
0,22,23,31,51,-5.046961112920023e-17
0,22,68,31,52,-0.2849002849002851
0,22,71,31,53,-0.14245014245014243
0,22,59,31,54,0.14245014245014243
0,22,56,31,55,0.28490028490028496
0,22,116,31,56,-0.21367521367521367
0,22,104,31,57,4.9873299934333204e-18
0,22,83,31,58,0.21367521367521364
0,22,101,31,59,-1.3688052427629493e-17
0,67,33,32,0,-0.0320512820512821
0,67,39,32,1,-0.09188034188034189
0,67,6,32,2,-0.18162393162393162
0,67,0,32,3,-0.1217948717948718
0,67,111,32,4,-0.03205128205128206
0,67,117,32,5,-0.09188034188034187
0,67,84,32,6,-0.1816239316239316
0,67,78,32,7,-0.12179487179487179
0,67,36,32,8,-0.04273504273504269
0,67,24,32,9,0.2136752136752137
0,67,3,32,10,0.21367521367521364
0,67,21,32,11,0.04273504273504277
0,67,66,32,12,-0.2564102564102564
0,67,69,32,13,-0.05128205128205125
0,67,57,32,14,0.25641025641025633
0,67,54,32,15,0.05128205128205127
0,67,114,32,16,-0.04273504273504271
0,67,102,32,17,0.21367521367521367
0,67,81,32,18,0.21367521367521364
0,67,99,32,19,0.042735042735042736
0,67,34,32,20,-0.3433048433048433
0,67,40,32,21,-0.20797720797720795
0,67,7,32,22,0.09686609686609683
0,67,1,32,23,-0.05840455840455841
0,67,112,32,24,-0.3433048433048434
0,67,118,32,25,-0.20797720797720798
0,67,85,32,26,0.09686609686609683
0,67,79,32,27,-0.058404558404558445
0,67,37,32,28,0.299145299145299
0,67,25,32,29,-0.08547008547008546
0,67,4,32,30,-0.299145299145299
0,67,22,32,31,0.08547008547008544
0,67,67,32,32,1.0712250712250715
0,67,70,32,33,0.3304843304843304
0,67,58,32,34,-0.19373219373219364
0,67,55,32,35,-0.18233618233618223
0,67,115,32,36,0.299145299145299
0,67,103,32,37,-0.08547008547008542
0,67,82,32,38,-0.2991452991452991
0,67,100,32,39,0.08547008547008547
0,67,35,32,40,0.1210826210826211
0,67,41,32,41,0.07122507122507121
0,67,8,32,42,0.0712250712250712
0,67,2,32,43,0.035612535612535606
0,67,113,32,44,-0.12108262108262109
0,67,119,32,45,-0.07122507122507123
0,67,86,32,46,-0.07122507122507123
0,67,80,32,47,-0.03561253561253559
0,67,38,32,48,-0.04273504273504271
0,67,26,32,49,-0.14245014245014245
0,67,5,32,50,-0.2136752136752137
0,67,23,32,51,-0.28490028490028485
0,67,68,32,52,9.432558900623889e-18
0,67,71,32,53,-8.673617379884035e-18
0,67,59,32,54,5.204170427930421e-18
0,67,56,32,55,-9.513874063560301e-18
0,67,116,32,56,0.042735042735042694
0,67,104,32,57,0.1424501424501424
0,67,83,32,58,0.21367521367521364
0,67,101,32,59,0.28490028490028485
0,70,33,33,0,0.09188034188034187
0,70,39,33,1,0.03205128205128206
0,70,6,33,2,0.1217948717948718
0,70,0,33,3,0.18162393162393164
0,70,111,33,4,0.09188034188034187
0,70,117,33,5,0.03205128205128204
0,70,84,33,6,0.1217948717948718
0,70,78,33,7,0.18162393162393162
0,70,36,33,8,0.0427350427350427
0,70,24,33,9,-0.042735042735042764
0,70,3,33,10,-0.21367521367521367
0,70,21,33,11,-0.21367521367521367
0,70,66,33,12,0.051282051282051266
0,70,69,33,13,0.25641025641025633
0,70,57,33,14,-0.05128205128205126
0,70,54,33,15,-0.25641025641025633
0,70,114,33,16,0.0427350427350427
0,70,102,33,17,-0.042735042735042736
0,70,81,33,18,-0.21367521367521364
0,70,99,33,19,-0.21367521367521364
0,70,34,33,20,-0.20797720797720798
0,70,40,33,21,-0.3433048433048433
0,70,7,33,22,-0.05840455840455849
0,70,1,33,23,0.09686609686609682
0,70,112,33,24,-0.20797720797720795
0,70,118,33,25,-0.3433048433048434
0,70,85,33,26,-0.058404558404558514
0,70,79,33,27,0.09686609686609679
0,70,37,33,28,0.299145299145299
0,70,25,33,29,0.08547008547008546
0,70,4,33,30,-0.29914529914529897
0,70,22,33,31,-0.08547008547008546
0,70,67,33,32,0.3304843304843304
0,70,70,33,33,1.071225071225071
0,70,58,33,34,-0.18233618233618218
0,70,55,33,35,-0.19373219373219358
0,70,115,33,36,0.29914529914529914
0,70,103,33,37,0.08547008547008556
0,70,82,33,38,-0.2991452991452991
0,70,100,33,39,-0.08547008547008539
0,70,35,33,40,0.07122507122507123
0,70,41,33,41,0.12108262108262113
0,70,8,33,42,0.0356125356125356
0,70,2,33,43,0.0712250712250712
0,70,113,33,44,-0.07122507122507121
0,70,119,33,45,-0.12108262108262108
0,70,86,33,46,-0.03561253561253557
0,70,80,33,47,-0.07122507122507121
0,70,38,33,48,-0.042735042735042715
0,70,26,33,49,-0.28490028490028485
0,70,5,33,50,-0.21367521367521364
0,70,23,33,51,-0.14245014245014245
0,70,68,33,52,0.0
0,70,71,33,53,3.469446951953614e-17
0,70,59,33,54,-2.7755575615628914e-17
0,70,56,33,55,-2.3852447794681098e-18
0,70,116,33,56,0.04273504273504271
0,70,104,33,57,0.28490028490028485
0,70,83,33,58,0.21367521367521364
0,70,101,33,59,0.1424501424501424
0,58,33,34,0,-0.18162393162393162
0,58,39,34,1,-0.12179487179487183
0,58,6,34,2,-0.0320512820512821
0,58,0,34,3,-0.09188034188034185
0,58,111,34,4,-0.1816239316239316
0,58,117,34,5,-0.1217948717948718
0,58,84,34,6,-0.03205128205128205
0,58,78,34,7,-0.09188034188034189
0,58,36,34,8,0.21367521367521367
0,58,24,34,9,0.042735042735042784
0,58,3,34,10,-0.04273504273504268
0,58,21,34,11,0.21367521367521367
0,58,66,34,12,0.25641025641025633
0,58,69,34,13,0.05128205128205128
0,58,57,34,14,-0.25641025641025644
0,58,54,34,15,-0.051282051282051246
0,58,114,34,16,0.21367521367521367
0,58,102,34,17,0.04273504273504279
0,58,81,34,18,-0.042735042735042736
0,58,99,34,19,0.21367521367521364
0,58,34,34,20,0.09686609686609689
0,58,40,34,21,-0.05840455840455842
0,58,7,34,22,-0.3433048433048433
0,58,1,34,23,-0.20797720797720792
0,58,112,34,24,0.09686609686609683
0,58,118,34,25,-0.058404558404558465
0,58,85,34,26,-0.3433048433048434
0,58,79,34,27,-0.20797720797720792
0,58,37,34,28,-0.299145299145299
0,58,25,34,29,0.08547008547008542
0,58,4,34,30,0.299145299145299
0,58,22,34,31,-0.08547008547008549
0,58,67,34,32,-0.19373219373219364
0,58,70,34,33,-0.18233618233618218
0,58,58,34,34,1.0712250712250713
0,58,55,34,35,0.3304843304843304
0,58,115,34,36,-0.29914529914529897
0,58,103,34,37,0.08547008547008551
0,58,82,34,38,0.299145299145299
0,58,100,34,39,-0.08547008547008546
0,58,35,34,40,-0.07122507122507123
0,58,41,34,41,-0.0356125356125356
0,58,8,34,42,-0.12108262108262109
0,58,2,34,43,-0.07122507122507123
0,58,113,34,44,0.07122507122507121
0,58,119,34,45,0.03561253561253562
0,58,86,34,46,0.1210826210826212
0,58,80,34,47,0.07122507122507121
0,58,38,34,48,0.2136752136752137
0,58,26,34,49,0.2849002849002848
0,58,5,34,50,0.04273504273504271
0,58,23,34,51,0.1424501424501425
0,58,68,34,52,-6.938893903907228e-18
0,58,71,34,53,-2.7755575615628914e-17
0,58,59,34,54,-9.80118763926896e-17
0,58,56,34,55,-2.6237692574149207e-17
0,58,116,34,56,-0.21367521367521358
0,58,104,34,57,-0.2849002849002849
0,58,83,34,58,-0.04273504273504266
0,58,101,34,59,-0.14245014245014245
0,55,33,35,0,0.12179487179487182
0,55,39,35,1,0.18162393162393164
0,55,6,35,2,0.09188034188034187
0,55,0,35,3,0.032051282051282104
0,55,111,35,4,0.12179487179487178
0,55,117,35,5,0.18162393162393162
0,55,84,35,6,0.09188034188034189
0,55,78,35,7,0.032051282051282055
0,55,36,35,8,-0.21367521367521367
0,55,24,35,9,-0.2136752136752137
0,55,3,35,10,0.04273504273504269
0,55,21,35,11,-0.042735042735042764
0,55,66,35,12,-0.05128205128205126
0,55,69,35,13,-0.25641025641025633
0,55,57,35,14,0.05128205128205125
0,55,54,35,15,0.25641025641025644
0,55,114,35,16,-0.21367521367521367
0,55,102,35,17,-0.21367521367521367
0,55,81,35,18,0.042735042735042694
0,55,99,35,19,-0.04273504273504274
0,55,34,35,20,-0.05840455840455841
0,55,40,35,21,0.09686609686609685
0,55,7,35,22,-0.20797720797720795
0,55,1,35,23,-0.34330484330484334
0,55,112,35,24,-0.05840455840455843
0,55,118,35,25,0.09686609686609682
0,55,85,35,26,-0.20797720797720795
0,55,79,35,27,-0.34330484330484334
0,55,37,35,28,-0.299145299145299
0,55,25,35,29,-0.08547008547008549
0,55,4,35,30,0.2991452991452991
0,55,22,35,31,0.0854700854700854
0,55,67,35,32,-0.18233618233618223
0,55,70,35,33,-0.19373219373219358
0,55,58,35,34,0.3304843304843304
0,55,55,35,35,1.0712250712250713
0,55,115,35,36,-0.2991452991452991
0,55,103,35,37,-0.08547008547008546
0,55,82,35,38,0.29914529914529914
0,55,100,35,39,0.0854700854700854
0,55,35,35,40,-0.0356125356125356
0,55,41,35,41,-0.07122507122507123
0,55,8,35,42,-0.07122507122507121
0,55,2,35,43,-0.12108262108262108
0,55,113,35,44,0.03561253561253561
0,55,119,35,45,0.07122507122507123
0,55,86,35,46,0.07122507122507123
0,55,80,35,47,0.1210826210826211
0,55,38,35,48,0.2136752136752137
0,55,26,35,49,0.14245014245014248
0,55,5,35,50,0.04273504273504269
0,55,23,35,51,0.28490028490028474
0,55,68,35,52,-4.662069341687669e-18
0,55,71,35,53,-9.540979117872439e-18
0,55,59,35,54,-2.699663409488906e-17
0,55,56,35,55,-6.667843360785852e-18
0,55,116,35,56,-0.2136752136752136
0,55,104,35,57,-0.14245014245014245
0,55,83,35,58,-0.0427350427350427
0,55,101,35,59,-0.28490028490028485
0,115,33,36,0,0.07122507122507121
0,115,39,36,1,-0.07122507122507124
0,115,6,36,2,-0.07122507122507123
0,115,0,36,3,0.07122507122507124
0,115,111,36,4,0.16381766381766388
0,115,117,36,5,-0.16381766381766388
0,115,84,36,6,-0.03561253561253561
0,115,78,36,7,0.03561253561253562
0,115,36,36,8,6.938893903907228e-18
0,115,24,36,9,0.14245014245014248
0,115,3,36,10,-4.7704895589362195e-18
0,115,21,36,11,-0.14245014245014243
0,115,66,36,12,0.04273504273504274
0,115,69,36,13,-0.042735042735042764
0,115,57,36,14,0.2136752136752136
0,115,54,36,15,-0.21367521367521364
0,115,114,36,16,1.3877787807814457e-17
0,115,102,36,17,0.28490028490028496
0,115,81,36,18,6.938893903907228e-18
0,115,99,36,19,-0.2849002849002849
0,115,34,36,20,-0.20797720797720803
0,115,40,36,21,-0.207977207977208
0,115,7,36,22,0.09686609686609679
0,115,1,36,23,0.0968660968660968
0,115,112,36,24,-0.34330484330484334
0,115,118,36,25,-0.34330484330484345
0,115,85,36,26,-0.058404558404558465
0,115,79,36,27,-0.058404558404558465
0,115,37,36,28,0.33048433048433046
0,115,25,36,29,-0.08547008547008544
0,115,4,36,30,-0.19373219373219358
0,115,22,36,31,-0.08547008547008546
0,115,67,36,32,0.299145299145299
0,115,70,36,33,0.29914529914529914
0,115,58,36,34,-0.29914529914529897
0,115,55,36,35,-0.2991452991452991
0,115,115,36,36,1.0712250712250715
0,115,103,36,37,0.0854700854700855
0,115,82,36,38,-0.1823361823361823
0,115,100,36,39,0.08547008547008546
0,115,35,36,40,0.12179487179487176
0,115,41,36,41,0.12179487179487176
0,115,8,36,42,0.18162393162393162
0,115,2,36,43,0.1816239316239316
0,115,113,36,44,0.03205128205128206
0,115,119,36,45,0.032051282051282035
0,115,86,36,46,0.09188034188034189
0,115,80,36,47,0.09188034188034189
0,115,38,36,48,-0.05128205128205126
0,115,26,36,49,-0.21367521367521364
0,115,5,36,50,-0.25641025641025633
0,115,23,36,51,-0.2136752136752136
0,115,68,36,52,-0.042735042735042736
0,115,71,36,53,-0.04273504273504273
0,115,59,36,54,-0.21367521367521358
0,115,56,36,55,-0.21367521367521364
0,115,116,36,56,0.25641025641025633
0,115,104,36,57,0.04273504273504272
0,115,83,36,58,0.05128205128205126
0,115,101,36,59,0.04273504273504267
0,103,33,37,0,-0.07122507122507124
0,103,39,37,1,-0.07122507122507124
0,103,6,37,2,0.07122507122507123
0,103,0,37,3,0.07122507122507121
0,103,111,37,4,-0.03561253561253558
0,103,117,37,5,-0.12108262108262112
0,103,84,37,6,0.12108262108262109
0,103,78,37,7,0.035612535612535606
0,103,36,37,8,0.14245014245014245
0,103,24,37,9,1.6479873021779667e-17
0,103,3,37,10,-0.14245014245014245
0,103,21,37,11,-8.673617379884035e-19
0,103,66,37,12,0.21367521367521367
0,103,69,37,13,0.04273504273504271
0,103,57,37,14,-0.04273504273504268
0,103,54,37,15,-0.21367521367521364
0,103,114,37,16,0.28490028490028485
0,103,102,37,17,-1.3877787807814457e-17
0,103,81,37,18,-0.28490028490028496
0,103,99,37,19,-3.469446951953614e-18
0,103,34,37,20,-0.13105413105413105
0,103,40,37,21,-0.4074074074074075
0,103,7,37,22,-0.40740740740740744
0,103,1,37,23,-0.13105413105413105
0,103,112,37,24,-0.4074074074074074
0,103,118,37,25,-0.8490028490028492
0,103,85,37,26,-0.8490028490028492
0,103,79,37,27,-0.4074074074074075
0,103,37,37,28,-0.08547008547008544
0,103,25,37,29,0.7293447293447295
0,103,4,37,30,-0.08547008547008544
0,103,22,37,31,0.2621082621082621
0,103,67,37,32,-0.08547008547008542
0,103,70,37,33,0.08547008547008556
0,103,58,37,34,0.08547008547008551
0,103,55,37,35,-0.08547008547008546
0,103,115,37,36,0.0854700854700855
0,103,103,37,37,1.8689458689458691
0,103,82,37,38,0.08547008547008539
0,103,100,37,39,0.7293447293447294
0,103,35,37,40,-0.07122507122507121
0,103,41,37,41,-0.035612535612535585
0,103,8,37,42,0.03561253561253559
0,103,2,37,43,0.07122507122507121
0,103,113,37,44,-0.07122507122507125
0,103,119,37,45,-0.16381766381766386
0,103,86,37,46,0.1638176638176639
0,103,80,37,47,0.07122507122507118
0,103,38,37,48,0.21367521367521367
0,103,26,37,49,3.469446951953614e-18
0,103,5,37,50,-0.21367521367521367
0,103,23,37,51,4.336808689942018e-18
0,103,68,37,52,0.14245014245014243
0,103,71,37,53,0.28490028490028485
0,103,59,37,54,-0.284900284900285
0,103,56,37,55,-0.14245014245014243
0,103,116,37,56,-0.04273504273504273
0,103,104,37,57,1.0408340855860843e-16
0,103,83,37,58,0.04273504273504278
0,103,101,37,59,5.2909066017292616e-17
0,82,33,38,0,-0.07122507122507118
0,82,39,38,1,0.07122507122507123
0,82,6,38,2,0.07122507122507125
0,82,0,38,3,-0.07122507122507123
0,82,111,38,4,-0.035612535612535585
0,82,117,38,5,0.03561253561253562
0,82,84,38,6,0.16381766381766388
0,82,78,38,7,-0.16381766381766386
0,82,36,38,8,-6.7220534694101275e-18
0,82,24,38,9,-0.14245014245014245
0,82,3,38,10,-2.4936649967166602e-17
0,82,21,38,11,0.1424501424501424
0,82,66,38,12,0.21367521367521364
0,82,69,38,13,-0.21367521367521367
0,82,57,38,14,0.0427350427350427
0,82,54,38,15,-0.042735042735042764
0,82,114,38,16,-6.938893903907228e-18
0,82,102,38,17,-0.28490028490028496
0,82,81,38,18,2.168404344971009e-17
0,82,99,38,19,0.2849002849002849
0,82,34,38,20,0.09686609686609685
0,82,40,38,21,0.09686609686609683
0,82,7,38,22,-0.20797720797720792
0,82,1,38,23,-0.20797720797720795
0,82,112,38,24,-0.058404558404558424
0,82,118,38,25,-0.058404558404558424
0,82,85,38,26,-0.34330484330484323
0,82,79,38,27,-0.34330484330484323
0,82,37,38,28,-0.19373219373219358
0,82,25,38,29,-0.08547008547008547
0,82,4,38,30,0.33048433048433046
0,82,22,38,31,-0.08547008547008549
0,82,67,38,32,-0.2991452991452991
0,82,70,38,33,-0.2991452991452991
0,82,58,38,34,0.299145299145299
0,82,55,38,35,0.29914529914529914
0,82,115,38,36,-0.1823361823361823
0,82,103,38,37,0.08547008547008539
0,82,82,38,38,1.071225071225071
0,82,100,38,39,0.08547008547008544
0,82,35,38,40,-0.18162393162393156
0,82,41,38,41,-0.18162393162393156
0,82,8,38,42,-0.12179487179487183
0,82,2,38,43,-0.12179487179487182
0,82,113,38,44,-0.09188034188034187
0,82,119,38,45,-0.09188034188034189
0,82,86,38,46,-0.03205128205128209
0,82,80,38,47,-0.03205128205128208
0,82,38,38,48,0.25641025641025633
0,82,26,38,49,0.2136752136752137
0,82,5,38,50,0.05128205128205127
0,82,23,38,51,0.21367521367521367
0,82,68,38,52,0.21367521367521364
0,82,71,38,53,0.2136752136752136
0,82,59,38,54,0.042735042735042784
0,82,56,38,55,0.042735042735042764
0,82,116,38,56,-0.051282051282051266
0,82,104,38,57,-0.04273504273504269
0,82,83,38,58,-0.25641025641025633
0,82,101,38,59,-0.04273504273504268
0,100,33,39,0,0.07122507122507124
0,100,39,39,1,0.07122507122507123
0,100,6,39,2,-0.07122507122507121
0,100,0,39,3,-0.07122507122507121
0,100,111,39,4,0.12108262108262108
0,100,117,39,5,0.035612535612535606
0,100,84,39,6,-0.03561253561253559
0,100,78,39,7,-0.1210826210826211
0,100,36,39,8,-0.14245014245014245
0,100,24,39,9,4.336808689942018e-19
0,100,3,39,10,0.14245014245014248
0,100,21,39,11,-7.806255641895632e-18
0,100,66,39,12,-0.04273504273504271
0,100,69,39,13,-0.21367521367521364
0,100,57,39,14,0.21367521367521367
0,100,54,39,15,0.042735042735042715
0,100,114,39,16,-0.2849002849002849
0,100,102,39,17,0.0
0,100,81,39,18,0.2849002849002849
0,100,99,39,19,1.474514954580286e-17
0,100,34,39,20,-0.4074074074074075
0,100,40,39,21,-0.13105413105413105
0,100,7,39,22,-0.13105413105413102
0,100,1,39,23,-0.4074074074074075
0,100,112,39,24,-0.8490028490028491
0,100,118,39,25,-0.40740740740740755
0,100,85,39,26,-0.40740740740740733
0,100,79,39,27,-0.8490028490028492
0,100,37,39,28,-0.08547008547008544
0,100,25,39,29,0.2621082621082621
0,100,4,39,30,-0.08547008547008549
0,100,22,39,31,0.7293447293447295
0,100,67,39,32,0.08547008547008547
0,100,70,39,33,-0.08547008547008539
0,100,58,39,34,-0.08547008547008546
0,100,55,39,35,0.0854700854700854
0,100,115,39,36,0.08547008547008546
0,100,103,39,37,0.7293447293447294
0,100,82,39,38,0.08547008547008544
0,100,100,39,39,1.8689458689458691
0,100,35,39,40,-0.03561253561253558
0,100,41,39,41,-0.07122507122507121
0,100,8,39,42,0.07122507122507123
0,100,2,39,43,0.03561253561253561
0,100,113,39,44,-0.16381766381766386
0,100,119,39,45,-0.07122507122507124
0,100,86,39,46,0.0712250712250712
0,100,80,39,47,0.16381766381766386
0,100,38,39,48,0.21367521367521364
0,100,26,39,49,4.336808689942018e-18
0,100,5,39,50,-0.21367521367521364
0,100,23,39,51,-2.0166160408230382e-17
0,100,68,39,52,0.2849002849002849
0,100,71,39,53,0.14245014245014243
0,100,59,39,54,-0.14245014245014243
0,100,56,39,55,-0.284900284900285
0,100,116,39,56,-0.042735042735042764
0,100,104,39,57,5.377642775528102e-17
0,100,83,39,58,0.0427350427350428
0,100,101,39,59,9.356664748549903e-17
0,35,33,40,0,0.20655270655270672
0,35,39,40,1,-0.008547008547008534
0,35,6,40,2,-0.0032051282051282024
0,35,0,40,3,0.055199430199430216
0,35,111,40,4,0.008547008547008576
0,35,117,40,5,0.00712250712250715
0,35,84,40,6,-0.05519943019943019
0,35,78,40,7,0.0032051282051282198
0,35,36,40,8,-0.12108262108262109
0,35,24,40,9,-0.12179487179487182
0,35,3,40,10,-0.07122507122507127
0,35,21,40,11,0.03205128205128205
0,35,66,40,12,-0.1638176638176638
0,35,69,40,13,0.03561253561253559
0,35,57,40,14,0.07122507122507118
0,35,54,40,15,-0.07122507122507121
0,35,114,40,16,0.03561253561253557
0,35,102,40,17,0.1816239316239316
0,35,81,40,18,0.07122507122507123
0,35,99,40,19,-0.09188034188034189
0,35,34,40,20,-0.20655270655270663
0,35,40,40,21,-0.055199430199430195
0,35,7,40,22,0.003205128205128205
0,35,1,40,23,0.008547008547008541
0,35,112,40,24,-0.008547008547008572
0,35,118,40,25,-0.0032051282051282163
0,35,85,40,26,0.05519943019943019
0,35,79,40,27,-0.007122507122507154
0,35,37,40,28,-0.03205128205128207
0,35,25,40,29,0.07122507122507124
0,35,4,40,30,0.12179487179487182
0,35,22,40,31,0.12108262108262115
0,35,67,40,32,0.16381766381766383
0,35,70,40,33,0.07122507122507124
0,35,58,40,34,-0.07122507122507121
0,35,55,40,35,-0.0356125356125356
0,35,115,40,36,0.09188034188034187
0,35,103,40,37,-0.07122507122507121
0,35,82,40,38,-0.1816239316239316
0,35,100,40,39,-0.03561253561253557
0,35,35,40,40,0.7678062678062682
0,35,41,40,41,0.3831908831908831
0,35,8,40,42,0.2414529914529914
0,35,2,40,43,0.3831908831908831
0,35,113,40,44,0.44017094017094033
0,35,119,40,45,0.2592592592592593
0,35,86,40,46,0.0861823361823362
0,35,80,40,47,0.2592592592592593
0,35,38,40,48,-0.34330484330484334
0,35,26,40,49,-0.207977207977208
0,35,5,40,50,-0.20797720797720798
0,35,23,40,51,-0.3433048433048434
0,35,68,40,52,-0.849002849002849
0,35,71,40,53,-0.4074074074074075
0,35,59,40,54,-0.13105413105413102
0,35,56,40,55,-0.40740740740740744
0,35,116,40,56,-0.05840455840455855
0,35,104,40,57,0.0968660968660968
0,35,83,40,58,0.0968660968660968
0,35,101,40,59,-0.05840455840455855
0,41,33,41,0,0.008547008547008555
0,41,39,41,1,-0.20655270655270663
0,41,6,41,2,-0.055199430199430195
0,41,0,41,3,0.0032051282051282306
0,41,111,41,4,-0.007122507122507128
0,41,117,41,5,-0.008547008547008527
0,41,84,41,6,-0.0032051282051282102
0,41,78,41,7,0.0551994301994302
0,41,36,41,8,0.12108262108262113
0,41,24,41,9,-0.032051282051282076
0,41,3,41,10,0.07122507122507121
0,41,21,41,11,0.12179487179487179
0,41,66,41,12,-0.03561253561253561
0,41,69,41,13,0.16381766381766377
0,41,57,41,14,0.0712250712250712
0,41,54,41,15,-0.07122507122507121
0,41,114,41,16,-0.03561253561253562
0,41,102,41,17,0.09188034188034187
0,41,81,41,18,-0.07122507122507123
0,41,99,41,19,-0.1816239316239316
0,41,34,41,20,-0.05519943019943019
0,41,40,41,21,-0.20655270655270666
0,41,7,41,22,0.008547008547008569
0,41,1,41,23,0.0032051282051282254
0,41,112,41,24,-0.003205128205128212
0,41,118,41,25,-0.008547008547008558
0,41,85,41,26,-0.007122507122507161
0,41,79,41,27,0.055199430199430195
0,41,37,41,28,-0.03205128205128204
0,41,25,41,29,0.12108262108262106
0,41,4,41,30,0.12179487179487179
0,41,22,41,31,0.07122507122507121
0,41,67,41,32,0.07122507122507121
0,41,70,41,33,0.16381766381766386
0,41,58,41,34,-0.03561253561253559
0,41,55,41,35,-0.0712250712250712
0,41,115,41,36,0.09188034188034187
0,41,103,41,37,-0.035612535612535565
0,41,82,41,38,-0.1816239316239316
0,41,100,41,39,-0.07122507122507121
0,41,35,41,40,0.3831908831908831
0,41,41,41,41,0.767806267806268
0,41,8,41,42,0.3831908831908832
0,41,2,41,43,0.24145299145299134
0,41,113,41,44,0.2592592592592593
0,41,119,41,45,0.44017094017094016
0,41,86,41,46,0.2592592592592593
0,41,80,41,47,0.08618233618233623
0,41,38,41,48,-0.34330484330484345
0,41,26,41,49,-0.3433048433048433
0,41,5,41,50,-0.20797720797720798
0,41,23,41,51,-0.20797720797720798
0,41,68,41,52,-0.40740740740740744
0,41,71,41,53,-0.8490028490028491
0,41,59,41,54,-0.4074074074074075
0,41,56,41,55,-0.13105413105413105
0,41,116,41,56,-0.05840455840455856
0,41,104,41,57,-0.05840455840455853
0,41,83,41,58,0.09686609686609679
0,41,101,41,59,0.09686609686609676
0,8,33,42,0,0.0032051282051282163
0,8,39,42,1,-0.05519943019943019
0,8,6,42,2,-0.20655270655270663
0,8,0,42,3,0.008547008547008557
0,8,111,42,4,0.055199430199430195
0,8,117,42,5,-0.0032051282051282015
0,8,84,42,6,-0.008547008547008553
0,8,78,42,7,-0.007122507122507128
0,8,36,42,8,0.07122507122507123
0,8,24,42,9,-0.03205128205128207
0,8,3,42,10,0.12108262108262113
0,8,21,42,11,0.1217948717948718
0,8,66,42,12,-0.07122507122507123
0,8,69,42,13,0.07122507122507121
0,8,57,42,14,0.1638176638176638
0,8,54,42,15,-0.03561253561253561
0,8,114,42,16,-0.07122507122507123
0,8,102,42,17,0.09188034188034187
0,8,81,42,18,-0.03561253561253559
0,8,99,42,19,-0.18162393162393162
0,8,34,42,20,-0.0032051282051282063
0,8,40,42,21,-0.00854700854700855
0,8,7,42,22,0.20655270655270666
0,8,1,42,23,0.05519943019943022
0,8,112,42,24,-0.055199430199430195
0,8,118,42,25,0.007122507122507142
0,8,85,42,26,0.008547008547008544
0,8,79,42,27,0.0032051282051282163
0,8,37,42,28,-0.12179487179487182
0,8,25,42,29,-0.12108262108262115
0,8,4,42,30,0.03205128205128206
0,8,22,42,31,-0.07122507122507125
0,8,67,42,32,0.07122507122507121
0,8,70,42,33,0.03561253561253563
0,8,58,42,34,-0.1638176638176638
0,8,55,42,35,-0.07122507122507123
0,8,115,42,36,0.18162393162393156
0,8,103,42,37,0.03561253561253558
0,8,82,42,38,-0.09188034188034191
0,8,100,42,39,0.07122507122507123
0,8,35,42,40,0.2414529914529914
0,8,41,42,41,0.3831908831908832
0,8,8,42,42,0.7678062678062682
0,8,2,42,43,0.38319088319088324
0,8,113,42,44,0.08618233618233621
0,8,119,42,45,0.2592592592592593
0,8,86,42,46,0.4401709401709403
0,8,80,42,47,0.25925925925925936
0,8,38,42,48,-0.207977207977208
0,8,26,42,49,-0.3433048433048434
0,8,5,42,50,-0.34330484330484334
0,8,23,42,51,-0.20797720797720795
0,8,68,42,52,-0.13105413105413102
0,8,71,42,53,-0.4074074074074075
0,8,59,42,54,-0.8490028490028493
0,8,56,42,55,-0.40740740740740755
0,8,116,42,56,0.09686609686609678
0,8,104,42,57,-0.058404558404558486
0,8,83,42,58,-0.05840455840455849
0,8,101,42,59,0.0968660968660968
0,2,33,43,0,0.05519943019943022
0,2,39,43,1,-0.0032051282051281872
0,2,6,43,2,-0.008547008547008548
0,2,0,43,3,0.20655270655270663
0,2,111,43,4,0.00320512820512822
0,2,117,43,5,-0.055199430199430195
0,2,84,43,6,0.0071225071225071435
0,2,78,43,7,0.008547008547008569
0,2,36,43,8,-0.07122507122507125
0,2,24,43,9,-0.12179487179487182
0,2,3,43,10,-0.12108262108262112
0,2,21,43,11,0.03205128205128209
0,2,66,43,12,-0.07122507122507123
0,2,69,43,13,0.07122507122507121
0,2,57,43,14,0.035612535612535606
0,2,54,43,15,-0.1638176638176638
0,2,114,43,16,0.0712250712250712
0,2,102,43,17,0.18162393162393162
0,2,81,43,18,0.03561253561253559
0,2,99,43,19,-0.09188034188034189
0,2,34,43,20,-0.008547008547008555
0,2,40,43,21,-0.003205128205128203
0,2,7,43,22,0.0551994301994302
0,2,1,43,23,0.20655270655270663
0,2,112,43,24,0.007122507122507131
0,2,118,43,25,-0.05519943019943021
0,2,85,43,26,0.0032051282051282024
0,2,79,43,27,0.008547008547008553
0,2,37,43,28,-0.12179487179487183
0,2,25,43,29,-0.07122507122507125
0,2,4,43,30,0.032051282051282076
0,2,22,43,31,-0.12108262108262108
0,2,67,43,32,0.03561253561253565
0,2,70,43,33,0.07122507122507124
0,2,58,43,34,-0.07122507122507121
0,2,55,43,35,-0.16381766381766374
0,2,115,43,36,0.1816239316239316
0,2,103,43,37,0.0712250712250712
0,2,82,43,38,-0.0918803418803419
0,2,100,43,39,0.03561253561253561
0,2,35,43,40,0.3831908831908831
0,2,41,43,41,0.24145299145299134
0,2,8,43,42,0.38319088319088324
0,2,2,43,43,0.7678062678062682
0,2,113,43,44,0.2592592592592593
0,2,119,43,45,0.08618233618233617
0,2,86,43,46,0.2592592592592593
0,2,80,43,47,0.4401709401709403
0,2,38,43,48,-0.207977207977208
0,2,26,43,49,-0.20797720797720803
0,2,5,43,50,-0.34330484330484334
0,2,23,43,51,-0.34330484330484334
0,2,68,43,52,-0.40740740740740744
0,2,71,43,53,-0.13105413105413102
0,2,59,43,54,-0.4074074074074075
0,2,56,43,55,-0.8490028490028493
0,2,116,43,56,0.09686609686609685
0,2,104,43,57,0.09686609686609683
0,2,83,43,58,-0.058404558404558465
0,2,101,43,59,-0.05840455840455847
0,113,33,44,0,-0.008547008547008555
0,113,39,44,1,-0.007122507122507131
0,113,6,44,2,0.05519943019943021
0,113,0,44,3,-0.003205128205128202
0,113,111,44,4,-0.20655270655270663
0,113,117,44,5,0.00854700854700859
0,113,84,44,6,0.0032051282051282133
0,113,78,44,7,-0.055199430199430174
0,113,36,44,8,-0.03561253561253565
0,113,24,44,9,-0.1816239316239316
0,113,3,44,10,-0.07122507122507121
0,113,21,44,11,0.09188034188034189
0,113,66,44,12,0.16381766381766386
0,113,69,44,13,-0.035612535612535606
0,113,57,44,14,-0.07122507122507123
0,113,54,44,15,0.07122507122507123
0,113,114,44,16,0.12108262108262108
0,113,102,44,17,0.1217948717948718
0,113,81,44,18,0.0712250712250712
0,113,99,44,19,-0.032051282051282055
0,113,34,44,20,0.008547008547008524
0,113,40,44,21,0.003205128205128204
0,113,7,44,22,-0.05519943019943021
0,113,1,44,23,0.007122507122507142
0,113,112,44,24,0.2065527065527066
0,113,118,44,25,0.0551994301994302
0,113,85,44,26,-0.003205128205128199
0,113,79,44,27,-0.00854700854700855
0,113,37,44,28,-0.09188034188034186
0,113,25,44,29,0.07122507122507121
0,113,4,44,30,0.18162393162393162
0,113,22,44,31,0.03561253561253563
0,113,67,44,32,-0.16381766381766383
0,113,70,44,33,-0.07122507122507123
0,113,58,44,34,0.07122507122507121
0,113,55,44,35,0.03561253561253562
0,113,115,44,36,0.03205128205128207
0,113,103,44,37,-0.07122507122507124
0,113,82,44,38,-0.12179487179487176
0,113,100,44,39,-0.12108262108262113
0,113,35,44,40,0.44017094017094033
0,113,41,44,41,0.2592592592592593
0,113,8,44,42,0.08618233618233621
0,113,2,44,43,0.2592592592592593
0,113,113,44,44,0.7678062678062679
0,113,119,44,45,0.38319088319088335
0,113,86,44,46,0.24145299145299146
0,113,80,44,47,0.3831908831908833
0,113,38,44,48,-0.05840455840455848
0,113,26,44,49,0.09686609686609679
0,113,5,44,50,0.09686609686609686
0,113,23,44,51,-0.05840455840455847
0,113,68,44,52,-0.8490028490028492
0,113,71,44,53,-0.40740740740740744
0,113,59,44,54,-0.13105413105413105
0,113,56,44,55,-0.40740740740740744
0,113,116,44,56,-0.34330484330484345
0,113,104,44,57,-0.20797720797720792
0,113,83,44,58,-0.20797720797720795
0,113,101,44,59,-0.34330484330484334
0,119,33,45,0,0.007122507122507168
0,119,39,45,1,0.008547008547008572
0,119,6,45,2,0.003205128205128213
0,119,0,45,3,-0.0551994301994302
0,119,111,45,4,-0.00854700854700852
0,119,117,45,5,0.2065527065527067
0,119,84,45,6,0.05519943019943021
0,119,78,45,7,-0.003205128205128179
0,119,36,45,8,0.03561253561253559
0,119,24,45,9,-0.09188034188034187
0,119,3,45,10,0.0712250712250712
0,119,21,45,11,0.1816239316239316
0,119,66,45,12,0.03561253561253558
0,119,69,45,13,-0.1638176638176639
0,119,57,45,14,-0.07122507122507123
0,119,54,45,15,0.07122507122507121
0,119,114,45,16,-0.12108262108262118
0,119,102,45,17,0.03205128205128205
0,119,81,45,18,-0.07122507122507125
0,119,99,45,19,-0.1217948717948718
0,119,34,45,20,0.0032051282051282007
0,119,40,45,21,0.008547008547008524
0,119,7,45,22,0.007122507122507142
0,119,1,45,23,-0.05519943019943018
0,119,112,45,24,0.0551994301994302
0,119,118,45,25,0.20655270655270658
0,119,85,45,26,-0.008547008547008551
0,119,79,45,27,-0.003205128205128184
0,119,37,45,28,-0.09188034188034189
0,119,25,45,29,0.03561253561253563
0,119,4,45,30,0.1816239316239316
0,119,22,45,31,0.07122507122507123
0,119,67,45,32,-0.07122507122507121
0,119,70,45,33,-0.1638176638176638
0,119,58,45,34,0.035612535612535606
0,119,55,45,35,0.07122507122507121
0,119,115,45,36,0.03205128205128202
0,119,103,45,37,-0.12108262108262113
0,119,82,45,38,-0.12179487179487178
0,119,100,45,39,-0.07122507122507124
0,119,35,45,40,0.2592592592592593
0,119,41,45,41,0.44017094017094016
0,119,8,45,42,0.2592592592592593
0,119,2,45,43,0.08618233618233617
0,119,113,45,44,0.38319088319088335
0,119,119,45,45,0.767806267806268
0,119,86,45,46,0.3831908831908833
0,119,80,45,47,0.24145299145299148
0,119,38,45,48,-0.058404558404558514
0,119,26,45,49,-0.05840455840455844
0,119,5,45,50,0.09686609686609686
0,119,23,45,51,0.09686609686609686
0,119,68,45,52,-0.4074074074074075
0,119,71,45,53,-0.8490028490028492
0,119,59,45,54,-0.40740740740740744
0,119,56,45,55,-0.13105413105413108
0,119,116,45,56,-0.34330484330484357
0,119,104,45,57,-0.3433048433048434
0,119,83,45,58,-0.20797720797720798
0,119,101,45,59,-0.20797720797720798
0,86,33,46,0,-0.055199430199430195
0,86,39,46,1,0.003205128205128204
0,86,6,46,2,0.008547008547008543
0,86,0,46,3,0.007122507122507142
0,86,111,46,4,-0.003205128205128195
0,86,117,46,5,0.055199430199430216
0,86,84,46,6,0.20655270655270663
0,86,78,46,7,-0.008547008547008525
0,86,36,46,8,0.0712250712250712
0,86,24,46,9,-0.09188034188034189
0,86,3,46,10,0.03561253561253559
0,86,21,46,11,0.18162393162393162
0,86,66,46,12,0.07122507122507121
0,86,69,46,13,-0.07122507122507121
0,86,57,46,14,-0.16381766381766386
0,86,54,46,15,0.0356125356125356
0,86,114,46,16,-0.07122507122507123
0,86,102,46,17,0.032051282051282076
0,86,81,46,18,-0.12108262108262113
0,86,99,46,19,-0.12179487179487176
0,86,34,46,20,0.0551994301994302
0,86,40,46,21,-0.00712250712250715
0,86,7,46,22,-0.008547008547008555
0,86,1,46,23,-0.0032051282051282146
0,86,112,46,24,0.003205128205128212
0,86,118,46,25,0.008547008547008548
0,86,85,46,26,-0.20655270655270672
0,86,79,46,27,-0.05519943019943017
0,86,37,46,28,-0.1816239316239316
0,86,25,46,29,-0.03561253561253562
0,86,4,46,30,0.09188034188034189
0,86,22,46,31,-0.07122507122507123
0,86,67,46,32,-0.07122507122507121
0,86,70,46,33,-0.035612535612535585
0,86,58,46,34,0.16381766381766397
0,86,55,46,35,0.07122507122507124
0,86,115,46,36,0.12179487179487178
0,86,103,46,37,0.12108262108262108
0,86,82,46,38,-0.03205128205128208
0,86,100,46,39,0.0712250712250712
0,86,35,46,40,0.0861823361823362
0,86,41,46,41,0.2592592592592593
0,86,8,46,42,0.4401709401709403
0,86,2,46,43,0.2592592592592593
0,86,113,46,44,0.24145299145299146
0,86,119,46,45,0.3831908831908833
0,86,86,46,46,0.7678062678062682
0,86,80,46,47,0.3831908831908833
0,86,38,46,48,0.09686609686609682
0,86,26,46,49,-0.05840455840455847
0,86,5,46,50,-0.05840455840455847
0,86,23,46,51,0.09686609686609685
0,86,68,46,52,-0.13105413105413105
0,86,71,46,53,-0.40740740740740766
0,86,59,46,54,-0.8490028490028492
0,86,56,46,55,-0.4074074074074075
0,86,116,46,56,-0.20797720797720792
0,86,104,46,57,-0.3433048433048434
0,86,83,46,58,-0.3433048433048433
0,86,101,46,59,-0.207977207977208
0,80,33,47,0,-0.0032051282051281946
0,80,39,47,1,0.05519943019943021
0,80,6,47,2,-0.007122507122507135
0,80,0,47,3,-0.008547008547008537
0,80,111,47,4,-0.05519943019943018
0,80,117,47,5,0.0032051282051282267
0,80,84,47,6,0.008547008547008572
0,80,78,47,7,-0.20655270655270658
0,80,36,47,8,-0.07122507122507123
0,80,24,47,9,-0.18162393162393164
0,80,3,47,10,-0.03561253561253561
0,80,21,47,11,0.09188034188034187
0,80,66,47,12,0.07122507122507121
0,80,69,47,13,-0.07122507122507123
0,80,57,47,14,-0.03561253561253562
0,80,54,47,15,0.16381766381766388
0,80,114,47,16,0.07122507122507118
0,80,102,47,17,0.12179487179487178
0,80,81,47,18,0.12108262108262104
0,80,99,47,19,-0.03205128205128206
0,80,34,47,20,-0.007122507122507147
0,80,40,47,21,0.055199430199430195
0,80,7,47,22,-0.0032051282051282007
0,80,1,47,23,-0.008547008547008563
0,80,112,47,24,0.008547008547008541
0,80,118,47,25,0.003205128205128218
0,80,85,47,26,-0.055199430199430174
0,80,79,47,27,-0.20655270655270663
0,80,37,47,28,-0.1816239316239316
0,80,25,47,29,-0.07122507122507124
0,80,4,47,30,0.09188034188034186
0,80,22,47,31,-0.035612535612535585
0,80,67,47,32,-0.03561253561253559
0,80,70,47,33,-0.07122507122507121
0,80,58,47,34,0.07122507122507124
0,80,55,47,35,0.16381766381766386
0,80,115,47,36,0.12179487179487178
0,80,103,47,37,0.07122507122507118
0,80,82,47,38,-0.03205128205128209
0,80,100,47,39,0.12108262108262109
0,80,35,47,40,0.2592592592592593
0,80,41,47,41,0.08618233618233623
0,80,8,47,42,0.25925925925925936
0,80,2,47,43,0.4401709401709403
0,80,113,47,44,0.3831908831908833
0,80,119,47,45,0.24145299145299148
0,80,86,47,46,0.3831908831908833
0,80,80,47,47,0.7678062678062679
0,80,38,47,48,0.09686609686609686
0,80,26,47,49,0.09686609686609685
0,80,5,47,50,-0.058404558404558465
0,80,23,47,51,-0.0584045584045584
0,80,68,47,52,-0.40740740740740755
0,80,71,47,53,-0.13105413105413108
0,80,59,47,54,-0.4074074074074075
0,80,56,47,55,-0.8490028490028491
0,80,116,47,56,-0.20797720797720792
0,80,104,47,57,-0.20797720797720795
0,80,83,47,58,-0.3433048433048433
0,80,101,47,59,-0.3433048433048434
0,38,33,48,0,-0.16381766381766388
0,38,39,48,1,0.1638176638176638
0,38,6,48,2,0.07122507122507121
0,38,0,48,3,-0.07122507122507124
0,38,111,48,4,-0.035612535612535606
0,38,117,48,5,0.03561253561253555
0,38,84,48,6,0.0712250712250712
0,38,78,48,7,-0.07122507122507124
0,38,36,48,8,-2.42861286636753e-17
0,38,24,48,9,0.04273504273504277
0,38,3,48,10,2.3744027577432547e-17
0,38,21,48,11,-0.042735042735042715
0,38,66,48,12,0.284900284900285
0,38,69,48,13,-0.2849002849002849
0,38,57,48,14,-0.14245014245014245
0,38,54,48,15,0.14245014245014245
0,38,114,48,16,2.949029909160572e-17
0,38,102,48,17,-0.21367521367521364
0,38,81,48,18,9.107298248878237e-18
0,38,99,48,19,0.2136752136752137
0,38,34,48,20,-0.03205128205128206
0,38,40,48,21,-0.03205128205128203
0,38,7,48,22,-0.09188034188034187
0,38,1,48,23,-0.09188034188034187
0,38,112,48,24,-0.1217948717948718
0,38,118,48,25,-0.1217948717948718
0,38,85,48,26,-0.18162393162393162
0,38,79,48,27,-0.18162393162393156
0,38,37,48,28,-0.25641025641025633
0,38,25,48,29,-0.042735042735042715
0,38,4,48,30,-0.05128205128205127
0,38,22,48,31,-0.0427350427350427
0,38,67,48,32,0.042735042735042784
0,38,70,48,33,0.04273504273504274
0,38,58,48,34,0.21367521367521367
0,38,55,48,35,0.21367521367521364
0,38,115,48,36,0.05128205128205126
0,38,103,48,37,0.21367521367521364
0,38,82,48,38,0.2564102564102562
0,38,100,48,39,0.21367521367521364
0,38,35,48,40,-0.34330484330484334
0,38,41,48,41,-0.34330484330484345
0,38,8,48,42,-0.207977207977208
0,38,2,48,43,-0.207977207977208
0,38,113,48,44,-0.05840455840455848
0,38,119,48,45,-0.058404558404558514
0,38,86,48,46,0.09686609686609682
0,38,80,48,47,0.09686609686609686
0,38,38,48,48,1.071225071225071
0,38,26,48,49,0.29914529914529914
0,38,5,48,50,0.33048433048433046
0,38,23,48,51,0.2991452991452991
0,38,68,48,52,0.08547008547008539
0,38,71,48,53,0.08547008547008543
0,38,59,48,54,-0.08547008547008547
0,38,56,48,55,-0.08547008547008546
0,38,116,48,56,-0.18233618233618215
0,38,104,48,57,-0.299145299145299
0,38,83,48,58,-0.19373219373219358
0,38,101,48,59,-0.2991452991452991
0,26,33,49,0,-0.09188034188034189
0,26,39,49,1,-0.032051282051282055
0,26,6,49,2,-0.032051282051282076
0,26,0,49,3,-0.09188034188034187
0,26,111,49,4,-0.18162393162393162
0,26,117,49,5,-0.1217948717948718
0,26,84,49,6,-0.12179487179487178
0,26,78,49,7,-0.18162393162393162
0,26,36,49,8,-0.042735042735042694
0,26,24,49,9,-0.2564102564102564
0,26,3,49,10,-0.042735042735042736
0,26,21,49,11,-0.05128205128205128
0,26,66,49,12,0.21367521367521367
0,26,69,49,13,0.04273504273504277
0,26,57,49,14,0.0427350427350427
0,26,54,49,15,0.21367521367521364
0,26,114,49,16,0.21367521367521364
0,26,102,49,17,0.05128205128205126
0,26,81,49,18,0.21367521367521367
0,26,99,49,19,0.2564102564102563
0,26,34,49,20,0.07122507122507125
0,26,40,49,21,0.1638176638176638
0,26,7,49,22,-0.16381766381766386
0,26,1,49,23,-0.07122507122507124
0,26,112,49,24,0.07122507122507121
0,26,118,49,25,0.03561253561253558
0,26,85,49,26,-0.03561253561253559
0,26,79,49,27,-0.07122507122507123
0,26,37,49,28,0.04273504273504273
0,26,25,49,29,5.0306980803327406e-17
0,26,4,49,30,-0.04273504273504274
0,26,22,49,31,1.5070410197548512e-17
0,26,67,49,32,-0.14245014245014243
0,26,70,49,33,-0.28490028490028496
0,26,58,49,34,0.2849002849002849
0,26,55,49,35,0.14245014245014243
0,26,115,49,36,-0.21367521367521364
0,26,103,49,37,6.938893903907228e-18
0,26,82,49,38,0.21367521367521367
0,26,100,49,39,3.686287386450715e-18
0,26,35,49,40,-0.207977207977208
0,26,41,49,41,-0.3433048433048433
0,26,8,49,42,-0.3433048433048434
0,26,2,49,43,-0.20797720797720803
0,26,113,49,44,0.09686609686609679
0,26,119,49,45,-0.05840455840455844
0,26,86,49,46,-0.05840455840455847
0,26,80,49,47,0.09686609686609685
0,26,38,49,48,0.29914529914529914
0,26,26,49,49,1.0712250712250713
0,26,5,49,50,0.2991452991452992
0,26,23,49,51,0.3304843304843304
0,26,68,49,52,-0.08547008547008543
0,26,71,49,53,0.08547008547008537
0,26,59,49,54,0.08547008547008542
0,26,56,49,55,-0.08547008547008546
0,26,116,49,56,-0.299145299145299
0,26,104,49,57,-0.18233618233618226
0,26,83,49,58,-0.2991452991452991
0,26,101,49,59,-0.19373219373219355
0,5,33,50,0,-0.07122507122507124
0,5,39,50,1,0.07122507122507124
0,5,6,50,2,0.16381766381766386
0,5,0,50,3,-0.16381766381766386
0,5,111,50,4,-0.07122507122507121
0,5,117,50,5,0.07122507122507121
0,5,84,50,6,0.035612535612535606
0,5,78,50,7,-0.03561253561253563
0,5,36,50,8,2.0274580625478933e-17
0,5,24,50,9,0.04273504273504273
0,5,3,50,10,3.560248883899275e-17
0,5,21,50,11,-0.04273504273504275
0,5,66,50,12,0.14245014245014245
0,5,69,50,13,-0.14245014245014245
0,5,57,50,14,-0.28490028490028496
0,5,54,50,15,0.28490028490028496
0,5,114,50,16,8.239936510889834e-18
0,5,102,50,17,-0.21367521367521364
0,5,81,50,18,1.0625181290357943e-17
0,5,99,50,19,0.21367521367521364
0,5,34,50,20,0.09188034188034189
0,5,40,50,21,0.09188034188034185
0,5,7,50,22,0.032051282051282076
0,5,1,50,23,0.03205128205128208
0,5,112,50,24,0.18162393162393162
0,5,118,50,25,0.18162393162393162
0,5,85,50,26,0.12179487179487182
0,5,79,50,27,0.12179487179487183
0,5,37,50,28,0.051282051282051246
0,5,25,50,29,0.04273504273504272
0,5,4,50,30,0.25641025641025644
0,5,22,50,31,0.04273504273504272
0,5,67,50,32,-0.21367521367521367
0,5,70,50,33,-0.2136752136752137
0,5,58,50,34,-0.042735042735042736
0,5,55,50,35,-0.04273504273504271
0,5,115,50,36,-0.2564102564102564
0,5,103,50,37,-0.21367521367521364
0,5,82,50,38,-0.051282051282051266
0,5,100,50,39,-0.21367521367521364
0,5,35,50,40,-0.20797720797720798
0,5,41,50,41,-0.20797720797720798
0,5,8,50,42,-0.34330484330484334
0,5,2,50,43,-0.34330484330484334
0,5,113,50,44,0.09686609686609686
0,5,119,50,45,0.09686609686609686
0,5,86,50,46,-0.05840455840455847
0,5,80,50,47,-0.058404558404558465
0,5,38,50,48,0.33048433048433046
0,5,26,50,49,0.2991452991452992
0,5,5,50,50,1.071225071225071
0,5,23,50,51,0.2991452991452991
0,5,68,50,52,-0.08547008547008551
0,5,71,50,53,-0.08547008547008553
0,5,59,50,54,0.08547008547008542
0,5,56,50,55,0.08547008547008542
0,5,116,50,56,-0.1937321937321936
0,5,104,50,57,-0.2991452991452991
0,5,83,50,58,-0.18233618233618218
0,5,101,50,59,-0.2991452991452991
0,23,33,51,0,0.032051282051282055
0,23,39,51,1,0.09188034188034185
0,23,6,51,2,0.09188034188034189
0,23,0,51,3,0.032051282051282104
0,23,111,51,4,0.1217948717948718
0,23,117,51,5,0.18162393162393162
0,23,84,51,6,0.18162393162393162
0,23,78,51,7,0.12179487179487182
0,23,36,51,8,0.04273504273504273
0,23,24,51,9,0.05128205128205124
0,23,3,51,10,0.042735042735042715
0,23,21,51,11,0.2564102564102564
0,23,66,51,12,-0.042735042735042764
0,23,69,51,13,-0.21367521367521367
0,23,57,51,14,-0.2136752136752137
0,23,54,51,15,-0.042735042735042736
0,23,114,51,16,-0.21367521367521367
0,23,102,51,17,-0.25641025641025633
0,23,81,51,18,-0.21367521367521364
0,23,99,51,19,-0.05128205128205127
0,23,34,51,20,0.16381766381766386
0,23,40,51,21,0.07122507122507123
0,23,7,51,22,-0.07122507122507125
0,23,1,51,23,-0.1638176638176638
0,23,112,51,24,0.03561253561253562
0,23,118,51,25,0.07122507122507123
0,23,85,51,26,-0.07122507122507121
0,23,79,51,27,-0.03561253561253559
0,23,37,51,28,0.04273504273504274
0,23,25,51,29,2.190088388420719e-17
0,23,4,51,30,-0.042735042735042715
0,23,22,51,31,-5.046961112920023e-17
0,23,67,51,32,-0.2849002849002851
0,23,70,51,33,-0.14245014245014243
0,23,58,51,34,0.14245014245014243
0,23,55,51,35,0.28490028490028496
0,23,115,51,36,-0.21367521367521367
0,23,103,51,37,4.9873299934333204e-18
0,23,82,51,38,0.21367521367521364
0,23,100,51,39,-1.3688052427629493e-17
0,23,35,51,40,-0.3433048433048434
0,23,41,51,41,-0.20797720797720798
0,23,8,51,42,-0.20797720797720795
0,23,2,51,43,-0.34330484330484334
0,23,113,51,44,-0.05840455840455847
0,23,119,51,45,0.09686609686609686
0,23,86,51,46,0.09686609686609685
0,23,80,51,47,-0.0584045584045584
0,23,38,51,48,0.2991452991452991
0,23,26,51,49,0.3304843304843304
0,23,5,51,50,0.2991452991452991
0,23,23,51,51,1.071225071225071
0,23,68,51,52,0.08547008547008546
0,23,71,51,53,-0.0854700854700855
0,23,59,51,54,-0.08547008547008553
0,23,56,51,55,0.08547008547008539
0,23,116,51,56,-0.2991452991452991
0,23,104,51,57,-0.19373219373219358
0,23,83,51,58,-0.2991452991452991
0,23,101,51,59,-0.1823361823361822
0,68,33,52,0,-0.12108262108262109
0,68,39,52,1,-0.035612535612535606
0,68,6,52,2,-0.07122507122507123
0,68,0,52,3,-0.07122507122507123
0,68,111,52,4,0.1210826210826211
0,68,117,52,5,0.03561253561253557
0,68,84,52,6,0.07122507122507121
0,68,78,52,7,0.07122507122507123
0,68,36,52,8,0.2849002849002849
0,68,24,52,9,0.2136752136752137
0,68,3,52,10,0.1424501424501425
0,68,21,52,11,0.042735042735042715
0,68,66,52,12,-7.45931094670027e-17
0,68,69,52,13,6.938893903907228e-18
0,68,57,52,14,4.7704895589362195e-18
0,68,54,52,15,-2.992397996059992e-17
0,68,114,52,16,-0.2849002849002849
0,68,102,52,17,-0.21367521367521358
0,68,81,52,18,-0.14245014245014243
0,68,99,52,19,-0.042735042735042694
0,68,34,52,20,0.1210826210826211
0,68,40,52,21,0.07122507122507121
0,68,7,52,22,0.0712250712250712
0,68,1,52,23,0.035612535612535606
0,68,112,52,24,-0.12108262108262109
0,68,118,52,25,-0.07122507122507123
0,68,85,52,26,-0.07122507122507123
0,68,79,52,27,-0.03561253561253559
0,68,37,52,28,-0.04273504273504271
0,68,25,52,29,-0.14245014245014245
0,68,4,52,30,-0.2136752136752137
0,68,22,52,31,-0.28490028490028485
0,68,67,52,32,9.432558900623889e-18
0,68,70,52,33,-8.673617379884035e-18
0,68,58,52,34,5.204170427930421e-18
0,68,55,52,35,-9.513874063560301e-18
0,68,115,52,36,0.042735042735042694
0,68,103,52,37,0.1424501424501424
0,68,82,52,38,0.21367521367521364
0,68,100,52,39,0.28490028490028485
0,68,35,52,40,-0.849002849002849
0,68,41,52,41,-0.40740740740740744
0,68,8,52,42,-0.13105413105413102
0,68,2,52,43,-0.40740740740740744
0,68,113,52,44,-0.8490028490028492
0,68,119,52,45,-0.4074074074074075
0,68,86,52,46,-0.13105413105413105
0,68,80,52,47,-0.40740740740740755
0,68,38,52,48,0.08547008547008539
0,68,26,52,49,-0.08547008547008543
0,68,5,52,50,-0.08547008547008551
0,68,23,52,51,0.08547008547008546
0,68,68,52,52,1.8689458689458691
0,68,71,52,53,0.7293447293447293
0,68,59,52,54,0.2621082621082622
0,68,56,52,55,0.7293447293447295
0,68,116,52,56,0.08547008547008553
0,68,104,52,57,-0.08547008547008539
0,68,83,52,58,-0.0854700854700854
0,68,101,52,59,0.08547008547008564
0,71,33,53,0,0.035612535612535585
0,71,39,53,1,0.12108262108262108
0,71,6,53,2,0.07122507122507123
0,71,0,53,3,0.07122507122507121
0,71,111,53,4,-0.035612535612535606
0,71,117,53,5,-0.12108262108262116
0,71,84,53,6,-0.07122507122507121
0,71,78,53,7,-0.07122507122507121
0,71,36,53,8,-0.28490028490028485
0,71,24,53,9,-0.04273504273504272
0,71,3,53,10,-0.1424501424501425
0,71,21,53,11,-0.21367521367521364
0,71,66,53,12,1.0408340855860843e-17
0,71,69,53,13,7.632783294297951e-17
0,71,57,53,14,9.540979117872439e-18
0,71,54,53,15,3.686287386450715e-18
0,71,114,53,16,0.28490028490028496
0,71,102,53,17,0.042735042735042666
0,71,81,53,18,0.14245014245014243
0,71,99,53,19,0.2136752136752136
0,71,34,53,20,0.07122507122507123
0,71,40,53,21,0.12108262108262113
0,71,7,53,22,0.0356125356125356
0,71,1,53,23,0.0712250712250712
0,71,112,53,24,-0.07122507122507121
0,71,118,53,25,-0.12108262108262108
0,71,85,53,26,-0.03561253561253557
0,71,79,53,27,-0.07122507122507121
0,71,37,53,28,-0.042735042735042715
0,71,25,53,29,-0.28490028490028485
0,71,4,53,30,-0.21367521367521364
0,71,22,53,31,-0.14245014245014245
0,71,67,53,32,0.0
0,71,70,53,33,3.469446951953614e-17
0,71,58,53,34,-2.7755575615628914e-17
0,71,55,53,35,-2.3852447794681098e-18
0,71,115,53,36,0.04273504273504271
0,71,103,53,37,0.28490028490028485
0,71,82,53,38,0.21367521367521364
0,71,100,53,39,0.1424501424501424
0,71,35,53,40,-0.4074074074074075
0,71,41,53,41,-0.8490028490028491
0,71,8,53,42,-0.4074074074074075
0,71,2,53,43,-0.13105413105413102
0,71,113,53,44,-0.40740740740740744
0,71,119,53,45,-0.8490028490028492
0,71,86,53,46,-0.40740740740740766
0,71,80,53,47,-0.13105413105413108
0,71,38,53,48,0.08547008547008543
0,71,26,53,49,0.08547008547008537
0,71,5,53,50,-0.08547008547008553
0,71,23,53,51,-0.0854700854700855
0,71,68,53,52,0.7293447293447293
0,71,71,53,53,1.868945868945869
0,71,59,53,54,0.7293447293447294
0,71,56,53,55,0.26210826210826216
0,71,116,53,56,0.08547008547008574
0,71,104,53,57,0.08547008547008572
0,71,83,53,58,-0.08547008547008533
0,71,101,53,59,-0.08547008547008533
0,59,33,54,0,0.07122507122507118
0,59,39,54,1,0.07122507122507121
0,59,6,54,2,0.1210826210826211
0,59,0,54,3,0.03561253561253561
0,59,111,54,4,-0.07122507122507123
0,59,117,54,5,-0.07122507122507123
0,59,84,54,6,-0.12108262108262108
0,59,78,54,7,-0.035612535612535606
0,59,36,54,8,-0.14245014245014245
0,59,24,54,9,-0.042735042735042694
0,59,3,54,10,-0.2849002849002848
0,59,21,54,11,-0.2136752136752137
0,59,66,54,12,1.951563910473908e-18
0,59,69,54,13,3.469446951953614e-18
0,59,57,54,14,-2.190088388420719e-17
0,59,54,54,15,-3.333921680392926e-18
0,59,114,54,16,0.14245014245014243
0,59,102,54,17,0.0427350427350427
0,59,81,54,18,0.28490028490028485
0,59,99,54,19,0.2136752136752136
0,59,34,54,20,-0.07122507122507123
0,59,40,54,21,-0.0356125356125356
0,59,7,54,22,-0.12108262108262109
0,59,1,54,23,-0.07122507122507123
0,59,112,54,24,0.07122507122507121
0,59,118,54,25,0.03561253561253562
0,59,85,54,26,0.1210826210826212
0,59,79,54,27,0.07122507122507121
0,59,37,54,28,0.2136752136752137
0,59,25,54,29,0.2849002849002848
0,59,4,54,30,0.04273504273504271
0,59,22,54,31,0.1424501424501425
0,59,67,54,32,-6.938893903907228e-18
0,59,70,54,33,-2.7755575615628914e-17
0,59,58,54,34,-9.80118763926896e-17
0,59,55,54,35,-2.6237692574149207e-17
0,59,115,54,36,-0.21367521367521358
0,59,103,54,37,-0.2849002849002849
0,59,82,54,38,-0.04273504273504266
0,59,100,54,39,-0.14245014245014245
0,59,35,54,40,-0.13105413105413102
0,59,41,54,41,-0.4074074074074075
0,59,8,54,42,-0.8490028490028493
0,59,2,54,43,-0.4074074074074075
0,59,113,54,44,-0.13105413105413105
0,59,119,54,45,-0.40740740740740744
0,59,86,54,46,-0.8490028490028492
0,59,80,54,47,-0.4074074074074075
0,59,38,54,48,-0.08547008547008547
0,59,26,54,49,0.08547008547008542
0,59,5,54,50,0.08547008547008542
0,59,23,54,51,-0.08547008547008553
0,59,68,54,52,0.2621082621082622
0,59,71,54,53,0.7293447293447294
0,59,59,54,54,1.8689458689458691
0,59,56,54,55,0.7293447293447296
0,59,116,54,56,-0.08547008547008542
0,59,104,54,57,0.08547008547008553
0,59,83,54,58,0.08547008547008553
0,59,101,54,59,-0.08547008547008539
0,56,33,55,0,-0.0712250712250712
0,56,39,55,1,-0.07122507122507121
0,56,6,55,2,-0.03561253561253561
0,56,0,55,3,-0.12108262108262108
0,56,111,55,4,0.07122507122507123
0,56,117,55,5,0.07122507122507121
0,56,84,55,6,0.03561253561253559
0,56,78,55,7,0.12108262108262112
0,56,36,55,8,0.1424501424501425
0,56,24,55,9,0.21367521367521367
0,56,3,55,10,0.28490028490028485
0,56,21,55,11,0.04273504273504268
0,56,66,55,12,-3.003240017784847e-17
0,56,69,55,13,-3.903127820947816e-18
0,56,57,55,14,-2.6020852139652106e-18
0,56,54,55,15,-7.501323780884084e-17
0,56,114,55,16,-0.14245014245014243
0,56,102,55,17,-0.2136752136752136
0,56,81,55,18,-0.28490028490028485
0,56,99,55,19,-0.042735042735042715
0,56,34,55,20,-0.0356125356125356
0,56,40,55,21,-0.07122507122507123
0,56,7,55,22,-0.07122507122507121
0,56,1,55,23,-0.12108262108262108
0,56,112,55,24,0.03561253561253561
0,56,118,55,25,0.07122507122507123
0,56,85,55,26,0.07122507122507123
0,56,79,55,27,0.1210826210826211
0,56,37,55,28,0.2136752136752137
0,56,25,55,29,0.14245014245014248
0,56,4,55,30,0.04273504273504269
0,56,22,55,31,0.28490028490028474
0,56,67,55,32,-4.662069341687669e-18
0,56,70,55,33,-9.540979117872439e-18
0,56,58,55,34,-2.699663409488906e-17
0,56,55,55,35,-6.667843360785852e-18
0,56,115,55,36,-0.2136752136752136
0,56,103,55,37,-0.14245014245014245
0,56,82,55,38,-0.0427350427350427
0,56,100,55,39,-0.28490028490028485
0,56,35,55,40,-0.40740740740740744
0,56,41,55,41,-0.13105413105413105
0,56,8,55,42,-0.40740740740740755
0,56,2,55,43,-0.8490028490028493
0,56,113,55,44,-0.40740740740740744
0,56,119,55,45,-0.13105413105413108
0,56,86,55,46,-0.4074074074074075
0,56,80,55,47,-0.8490028490028491
0,56,38,55,48,-0.08547008547008546
0,56,26,55,49,-0.08547008547008546
0,56,5,55,50,0.08547008547008542
0,56,23,55,51,0.08547008547008539
0,56,68,55,52,0.7293447293447295
0,56,71,55,53,0.26210826210826216
0,56,59,55,54,0.7293447293447296
0,56,56,55,55,1.8689458689458691
0,56,116,55,56,-0.08547008547008544
0,56,104,55,57,-0.08547008547008547
0,56,83,55,58,0.08547008547008554
0,56,101,55,59,0.08547008547008544
0,116,33,56,0,0.035612535612535585
0,116,39,56,1,-0.035612535612535634
0,116,6,56,2,-0.07122507122507123
0,116,0,56,3,0.0712250712250712
0,116,111,56,4,0.16381766381766383
0,116,117,56,5,-0.16381766381766394
0,116,84,56,6,-0.07122507122507124
0,116,78,56,7,0.0712250712250712
0,116,36,56,8,2.7755575615628914e-17
0,116,24,56,9,0.2136752136752137
0,116,3,56,10,1.1709383462843448e-17
0,116,21,56,11,-0.21367521367521364
0,116,66,56,12,-0.28490028490028485
0,116,69,56,13,0.28490028490028496
0,116,57,56,14,0.14245014245014248
0,116,54,56,15,-0.14245014245014243
0,116,114,56,16,6.938893903907228e-17
0,116,102,56,17,-0.04273504273504276
0,116,81,56,18,4.336808689942018e-17
0,116,99,56,19,0.042735042735042764
0,116,34,56,20,0.12179487179487176
0,116,40,56,21,0.12179487179487176
0,116,7,56,22,0.18162393162393162
0,116,1,56,23,0.1816239316239316
0,116,112,56,24,0.03205128205128206
0,116,118,56,25,0.032051282051282035
0,116,85,56,26,0.09188034188034189
0,116,79,56,27,0.09188034188034189
0,116,37,56,28,-0.05128205128205126
0,116,25,56,29,-0.21367521367521364
0,116,4,56,30,-0.25641025641025633
0,116,22,56,31,-0.2136752136752136
0,116,67,56,32,-0.042735042735042736
0,116,70,56,33,-0.04273504273504273
0,116,58,56,34,-0.21367521367521358
0,116,55,56,35,-0.21367521367521364
0,116,115,56,36,0.25641025641025633
0,116,103,56,37,0.04273504273504272
0,116,82,56,38,0.05128205128205126
0,116,100,56,39,0.04273504273504267
0,116,35,56,40,-0.05840455840455855
0,116,41,56,41,-0.05840455840455856
0,116,8,56,42,0.09686609686609678
0,116,2,56,43,0.09686609686609685
0,116,113,56,44,-0.34330484330484345
0,116,119,56,45,-0.34330484330484357
0,116,86,56,46,-0.20797720797720792
0,116,80,56,47,-0.20797720797720792
0,116,38,56,48,-0.18233618233618215
0,116,26,56,49,-0.299145299145299
0,116,5,56,50,-0.1937321937321936
0,116,23,56,51,-0.2991452991452991
0,116,68,56,52,0.08547008547008553
0,116,71,56,53,0.08547008547008574
0,116,59,56,54,-0.08547008547008542
0,116,56,56,55,-0.08547008547008544
0,116,116,56,56,1.0712250712250713
0,116,104,56,57,0.29914529914529897
0,116,83,56,58,0.3304843304843303
0,116,101,56,59,0.2991452991452991
0,104,33,57,0,0.1816239316239316
0,104,39,57,1,0.12179487179487179
0,104,6,57,2,0.1217948717948718
0,104,0,57,3,0.1816239316239316
0,104,111,57,4,0.0918803418803419
0,104,117,57,5,0.03205128205128206
0,104,84,57,6,0.03205128205128206
0,104,78,57,7,0.09188034188034189
0,104,36,57,8,-0.2136752136752136
0,104,24,57,9,-0.05128205128205126
0,104,3,57,10,-0.21367521367521367
0,104,21,57,11,-0.25641025641025633
0,104,66,57,12,-0.2136752136752136
0,104,69,57,13,-0.042735042735042764
0,104,57,57,14,-0.042735042735042736
0,104,54,57,15,-0.21367521367521364
0,104,114,57,16,0.042735042735042694
0,104,102,57,17,0.25641025641025633
0,104,81,57,18,0.04273504273504268
0,104,99,57,19,0.05128205128205125
0,104,34,57,20,-0.07122507122507121
0,104,40,57,21,-0.035612535612535585
0,104,7,57,22,0.03561253561253559
0,104,1,57,23,0.07122507122507121
0,104,112,57,24,-0.07122507122507125
0,104,118,57,25,-0.16381766381766386
0,104,85,57,26,0.1638176638176639
0,104,79,57,27,0.07122507122507118
0,104,37,57,28,0.21367521367521367
0,104,25,57,29,3.469446951953614e-18
0,104,4,57,30,-0.21367521367521367
0,104,22,57,31,4.336808689942018e-18
0,104,67,57,32,0.14245014245014243
0,104,70,57,33,0.28490028490028485
0,104,58,57,34,-0.284900284900285
0,104,55,57,35,-0.14245014245014243
0,104,115,57,36,-0.04273504273504273
0,104,103,57,37,1.0408340855860843e-16
0,104,82,57,38,0.04273504273504278
0,104,100,57,39,5.2909066017292616e-17
0,104,35,57,40,0.0968660968660968
0,104,41,57,41,-0.05840455840455853
0,104,8,57,42,-0.058404558404558486
0,104,2,57,43,0.09686609686609683
0,104,113,57,44,-0.20797720797720792
0,104,119,57,45,-0.3433048433048434
0,104,86,57,46,-0.3433048433048434
0,104,80,57,47,-0.20797720797720795
0,104,38,57,48,-0.299145299145299
0,104,26,57,49,-0.18233618233618226
0,104,5,57,50,-0.2991452991452991
0,104,23,57,51,-0.19373219373219358
0,104,68,57,52,-0.08547008547008539
0,104,71,57,53,0.08547008547008572
0,104,59,57,54,0.08547008547008553
0,104,56,57,55,-0.08547008547008547
0,104,116,57,56,0.29914529914529897
0,104,104,57,57,1.071225071225071
0,104,83,57,58,0.299145299145299
0,104,101,57,59,0.33048433048433035
0,83,33,58,0,0.07122507122507121
0,83,39,58,1,-0.07122507122507124
0,83,6,58,2,-0.03561253561253562
0,83,0,58,3,0.035612535612535585
0,83,111,58,4,0.0712250712250712
0,83,117,58,5,-0.07122507122507124
0,83,84,58,6,-0.16381766381766394
0,83,78,58,7,0.16381766381766383
0,83,36,58,8,1.0408340855860843e-17
0,83,24,58,9,0.21367521367521364
0,83,3,58,10,1.7564075194265172e-17
0,83,21,58,11,-0.21367521367521364
0,83,66,58,12,-0.14245014245014243
0,83,69,58,13,0.14245014245014245
0,83,57,58,14,0.2849002849002849
0,83,54,58,15,-0.2849002849002849
0,83,114,58,16,3.9898639947466563e-17
0,83,102,58,17,-0.042735042735042764
0,83,81,58,18,4.911435841359335e-17
0,83,99,58,19,0.042735042735042764
0,83,34,58,20,-0.18162393162393156
0,83,40,58,21,-0.18162393162393156
0,83,7,58,22,-0.12179487179487183
0,83,1,58,23,-0.12179487179487182
0,83,112,58,24,-0.09188034188034187
0,83,118,58,25,-0.09188034188034189
0,83,85,58,26,-0.03205128205128209
0,83,79,58,27,-0.03205128205128208
0,83,37,58,28,0.25641025641025633
0,83,25,58,29,0.2136752136752137
0,83,4,58,30,0.05128205128205127
0,83,22,58,31,0.21367521367521367
0,83,67,58,32,0.21367521367521364
0,83,70,58,33,0.2136752136752136
0,83,58,58,34,0.042735042735042784
0,83,55,58,35,0.042735042735042764
0,83,115,58,36,-0.051282051282051266
0,83,103,58,37,-0.04273504273504269
0,83,82,58,38,-0.25641025641025633
0,83,100,58,39,-0.04273504273504268
0,83,35,58,40,0.0968660968660968
0,83,41,58,41,0.09686609686609679
0,83,8,58,42,-0.05840455840455849
0,83,2,58,43,-0.058404558404558465
0,83,113,58,44,-0.20797720797720795
0,83,119,58,45,-0.20797720797720798
0,83,86,58,46,-0.3433048433048433
0,83,80,58,47,-0.3433048433048433
0,83,38,58,48,-0.19373219373219358
0,83,26,58,49,-0.2991452991452991
0,83,5,58,50,-0.18233618233618218
0,83,23,58,51,-0.2991452991452991
0,83,68,58,52,-0.0854700854700854
0,83,71,58,53,-0.08547008547008533
0,83,59,58,54,0.08547008547008553
0,83,56,58,55,0.08547008547008554
0,83,116,58,56,0.3304843304843303
0,83,104,58,57,0.299145299145299
0,83,83,58,58,1.0712250712250713
0,83,101,58,59,0.29914529914529897
0,101,33,59,0,-0.12179487179487179
0,101,39,59,1,-0.18162393162393156
0,101,6,59,2,-0.1816239316239316
0,101,0,59,3,-0.12179487179487179
0,101,111,59,4,-0.032051282051282076
0,101,117,59,5,-0.0918803418803419
0,101,84,59,6,-0.09188034188034187
0,101,78,59,7,-0.03205128205128207
0,101,36,59,8,0.21367521367521367
0,101,24,59,9,0.25641025641025633
0,101,3,59,10,0.21367521367521367
0,101,21,59,11,0.05128205128205127
0,101,66,59,12,0.042735042735042764
0,101,69,59,13,0.2136752136752136
0,101,57,59,14,0.21367521367521364
0,101,54,59,15,0.042735042735042764
0,101,114,59,16,-0.042735042735042694
0,101,102,59,17,-0.05128205128205128
0,101,81,59,18,-0.042735042735042694
0,101,99,59,19,-0.25641025641025633
0,101,34,59,20,-0.03561253561253558
0,101,40,59,21,-0.07122507122507121
0,101,7,59,22,0.07122507122507123
0,101,1,59,23,0.03561253561253561
0,101,112,59,24,-0.16381766381766386
0,101,118,59,25,-0.07122507122507124
0,101,85,59,26,0.0712250712250712
0,101,79,59,27,0.16381766381766386
0,101,37,59,28,0.21367521367521364
0,101,25,59,29,4.336808689942018e-18
0,101,4,59,30,-0.21367521367521364
0,101,22,59,31,-2.0166160408230382e-17
0,101,67,59,32,0.2849002849002849
0,101,70,59,33,0.14245014245014243
0,101,58,59,34,-0.14245014245014243
0,101,55,59,35,-0.284900284900285
0,101,115,59,36,-0.042735042735042764
0,101,103,59,37,5.377642775528102e-17
0,101,82,59,38,0.0427350427350428
0,101,100,59,39,9.356664748549903e-17
0,101,35,59,40,-0.05840455840455855
0,101,41,59,41,0.09686609686609676
0,101,8,59,42,0.0968660968660968
0,101,2,59,43,-0.05840455840455847
0,101,113,59,44,-0.34330484330484334
0,101,119,59,45,-0.20797720797720798
0,101,86,59,46,-0.207977207977208
0,101,80,59,47,-0.3433048433048434
0,101,38,59,48,-0.2991452991452991
0,101,26,59,49,-0.19373219373219355
0,101,5,59,50,-0.2991452991452991
0,101,23,59,51,-0.1823361823361822
0,101,68,59,52,0.08547008547008564
0,101,71,59,53,-0.08547008547008533
0,101,59,59,54,-0.08547008547008539
0,101,56,59,55,0.08547008547008544
0,101,116,59,56,0.2991452991452991
0,101,104,59,57,0.33048433048433035
0,101,83,59,58,0.29914529914529897
0,101,101,59,59,1.0712250712250713
1,39,39,0,0,1.535612535612536
1,39,45,0,1,0.4401709401709404
1,39,12,0,2,0.25925925925925924
1,39,6,0,3,0.7663817663817665
1,39,117,0,4,0.7663817663817665
1,39,123,0,5,0.2592592592592593
1,39,90,0,6,0.0861823361823362
1,39,84,0,7,0.48290598290598286
1,39,42,0,8,-0.8490028490028488
1,39,27,0,9,-0.05840455840455855
1,39,9,0,10,-0.4074074074074073
1,39,24,0,11,-0.6866096866096867
1,39,69,0,12,-0.6866096866096866
1,39,72,0,13,-0.05840455840455849
1,39,60,0,14,0.09686609686609682
1,39,57,0,15,-0.41595441595441596
1,39,120,0,16,-0.4074074074074074
1,39,105,0,17,0.09686609686609678
1,39,87,0,18,-0.13105413105413108
1,39,102,0,19,-0.41595441595441596
1,39,40,0,20,8.326672684688674e-17
1,39,46,0,21,0.0085470085470086
1,39,13,0,22,-0.007122507122507131
1,39,7,0,23,2.42861286636753e-17
1,39,118,0,24,1.3877787807814457e-17
1,39,124,0,25,0.003205128205128211
1,39,91,0,26,0.05519943019943021
1,39,85,0,27,1.0408340855860843e-17
1,39,43,0,28,0.121082621082621
1,39,28,0,29,-0.035612535612535634
1,39,10,0,30,-0.03561253561253559
1,39,25,0,31,2.7755575615628914e-17
1,39,70,0,32,-3.469446951953614e-17
1,39,73,0,33,0.12179487179487183
1,39,61,0,34,-0.18162393162393162
1,39,58,0,35,0.0
1,39,121,0,36,0.07122507122507121
1,39,106,0,37,-0.07122507122507123
1,39,88,0,38,-0.07122507122507123
1,39,103,0,39,-1.3877787807814457e-17
1,39,41,0,40,0.0
1,39,47,0,41,-0.00854700854700853
1,39,14,0,42,-0.003205128205128172
1,39,8,0,43,4.163336342344337e-17
1,39,119,0,44,2.6020852139652106e-17
1,39,125,0,45,0.007122507122507157
1,39,92,0,46,-0.055199430199430195
1,39,86,0,47,1.3010426069826053e-17
1,39,44,0,48,-0.12108262108262108
1,39,29,0,49,-0.12179487179487182
1,39,11,0,50,-0.07122507122507132
1,39,26,0,51,6.938893903907228e-18
1,39,71,0,52,-2.7755575615628914e-17
1,39,74,0,53,0.03561253561253562
1,39,62,0,54,0.07122507122507121
1,39,59,0,55,-1.3877787807814457e-17
1,39,122,0,56,0.03561253561253557
1,39,107,0,57,0.18162393162393156
1,39,89,0,58,0.0712250712250712
1,39,104,0,59,0.0
1,45,39,1,0,0.44017094017094033
1,45,45,1,1,0.7678062678062682
1,45,12,1,2,0.3831908831908832
1,45,6,1,3,0.2592592592592592
1,45,117,1,4,0.25925925925925924
1,45,123,1,5,0.3831908831908832
1,45,90,1,6,0.24145299145299148
1,45,84,1,7,0.08618233618233617
1,45,42,1,8,-0.849002849002849
1,45,27,1,9,-0.3433048433048434
1,45,9,1,10,-0.40740740740740733
1,45,24,1,11,-0.0584045584045584
1,45,69,1,12,-0.05840455840455843
1,45,72,1,13,-0.34330484330484334
1,45,60,1,14,-0.2079772079772081
1,45,57,1,15,0.0968660968660968
1,45,120,1,16,-0.4074074074074075
1,45,105,1,17,-0.20797720797720798
1,45,87,1,18,-0.131054131054131
1,45,102,1,19,0.09686609686609682
1,45,40,1,20,-0.008547008547008505
1,45,46,1,21,0.2065527065527067
1,45,13,1,22,0.008547008547008569
1,45,7,1,23,0.0071225071225071305
1,45,118,1,24,-0.003205128205128202
1,45,124,1,25,0.0551994301994302
1,45,91,1,26,0.003205128205128213
1,45,85,1,27,-0.0551994301994302
1,45,43,1,28,-0.1210826210826212
1,45,28,1,29,-0.16381766381766388
1,45,10,1,30,0.035612535612535585
1,45,25,1,31,0.03561253561253563
1,45,70,1,32,-0.12179487179487183
1,45,73,1,33,0.03205128205128211
1,45,61,1,34,-0.09188034188034189
1,45,58,1,35,0.18162393162393162
1,45,121,1,36,-0.07122507122507121
1,45,106,1,37,-0.07122507122507125
1,45,88,1,38,0.07122507122507123
1,45,103,1,39,0.07122507122507124
1,45,41,1,40,0.008547008547008567
1,45,47,1,41,-0.20655270655270666
1,45,14,1,42,-0.05519943019943014
1,45,8,1,43,0.003205128205128258
1,45,119,1,44,-0.007122507122507138
1,45,125,1,45,-0.008547008547008534
1,45,92,1,46,-0.0032051282051282102
1,45,86,1,47,0.05519943019943019
1,45,44,1,48,0.12108262108262108
1,45,29,1,49,-0.03205128205128211
1,45,11,1,50,0.07122507122507113
1,45,26,1,51,0.12179487179487182
1,45,71,1,52,-0.035612535612535606
1,45,74,1,53,0.1638176638176638
1,45,62,1,54,0.07122507122507121
1,45,59,1,55,-0.07122507122507128
1,45,122,1,56,-0.03561253561253559
1,45,107,1,57,0.09188034188034189
1,45,89,1,58,-0.07122507122507121
1,45,104,1,59,-0.18162393162393156
1,12,39,2,0,0.2592592592592592
1,12,45,2,1,0.3831908831908832
1,12,12,2,2,0.7678062678062682
1,12,6,2,3,0.44017094017094033
1,12,117,2,4,0.08618233618233621
1,12,123,2,5,0.24145299145299148
1,12,90,2,6,0.38319088319088324
1,12,84,2,7,0.25925925925925936
1,12,42,2,8,-0.40740740740740744
1,12,27,2,9,-0.3433048433048434
1,12,9,2,10,-0.8490028490028488
1,12,24,2,11,-0.05840455840455838
1,12,69,2,12,0.09686609686609679
1,12,72,2,13,-0.20797720797720795
1,12,60,2,14,-0.3433048433048433
1,12,57,2,15,-0.05840455840455848
1,12,120,2,16,-0.13105413105413102
1,12,105,2,17,-0.20797720797720795
1,12,87,2,18,-0.4074074074074075
1,12,102,2,19,0.09686609686609682
1,12,40,2,20,-0.007122507122507114
1,12,46,2,21,-0.008547008547008536
1,12,13,2,22,-0.20655270655270663
1,12,7,2,23,0.008547008547008541
1,12,118,2,24,0.0551994301994302
1,12,124,2,25,-0.0032051282051282076
1,12,91,2,26,-0.05519943019943017
1,12,85,2,27,0.003205128205128231
1,12,43,2,28,-0.03561253561253562
1,12,28,2,29,0.16381766381766383
1,12,10,2,30,0.12108262108262112
1,12,25,2,31,-0.03561253561253561
1,12,70,2,32,-0.18162393162393162
1,12,73,2,33,0.09188034188034186
1,12,61,2,34,-0.0320512820512821
1,12,58,2,35,0.12179487179487179
1,12,121,2,36,-0.07122507122507124
1,12,106,2,37,0.07122507122507121
1,12,88,2,38,0.07122507122507118
1,12,103,2,39,-0.07122507122507121
1,12,41,2,40,0.003205128205128244
1,12,47,2,41,-0.05519943019943013
1,12,14,2,42,-0.20655270655270663
1,12,8,2,43,0.008547008547008593
1,12,119,2,44,0.0551994301994302
1,12,125,2,45,-0.0032051282051282137
1,12,92,2,46,-0.008547008547008546
1,12,86,2,47,-0.0071225071225071174
1,12,44,2,48,0.07122507122507114
1,12,29,2,49,-0.0320512820512821
1,12,11,2,50,0.12108262108262106
1,12,26,2,51,0.12179487179487185
1,12,71,2,52,-0.07122507122507124
1,12,74,2,53,0.07122507122507123
1,12,62,2,54,0.1638176638176638
1,12,59,2,55,-0.035612535612535634
1,12,122,2,56,-0.07122507122507121
1,12,107,2,57,0.09188034188034189
1,12,89,2,58,-0.03561253561253561
1,12,104,2,59,-0.1816239316239316
1,6,39,3,0,0.7663817663817665
1,6,45,3,1,0.2592592592592592
1,6,12,3,2,0.44017094017094033
1,6,6,3,3,1.5356125356125363
1,6,117,3,4,0.48290598290598286
1,6,123,3,5,0.08618233618233616
1,6,90,3,6,0.2592592592592593
1,6,84,3,7,0.7663817663817665
1,6,42,3,8,-0.4074074074074074
1,6,27,3,9,-0.05840455840455849
1,6,9,3,10,-0.8490028490028488
1,6,24,3,11,-0.6866096866096867
1,6,69,3,12,-0.41595441595441596
1,6,72,3,13,0.0968660968660968
1,6,60,3,14,-0.05840455840455834
1,6,57,3,15,-0.6866096866096867
1,6,120,3,16,-0.13105413105413102
1,6,105,3,17,0.09686609686609686
1,6,87,3,18,-0.4074074074074075
1,6,102,3,19,-0.4159544159544159
1,6,40,3,20,1.5612511283791264e-17
1,6,46,3,21,0.007122507122507172
1,6,13,3,22,-0.00854700854700855
1,6,7,3,23,-2.7755575615628914e-17
1,6,118,3,24,2.47198095326695e-17
1,6,124,3,25,-0.055199430199430195
1,6,91,3,26,-0.003205128205128185
1,6,85,3,27,4.85722573273506e-17
1,6,43,3,28,0.035612535612535585
1,6,28,3,29,0.03561253561253564
1,6,10,3,30,-0.12108262108262104
1,6,25,3,31,5.551115123125783e-17
1,6,70,3,32,-2.7755575615628914e-17
1,6,73,3,33,0.18162393162393164
1,6,61,3,34,-0.12179487179487175
1,6,58,3,35,-2.0816681711721685e-17
1,6,121,3,36,0.07122507122507121
1,6,106,3,37,0.07122507122507124
1,6,88,3,38,-0.0712250712250713
1,6,103,3,39,-1.3877787807814457e-17
1,6,41,3,40,4.85722573273506e-17
1,6,47,3,41,-0.0032051282051281616
1,6,14,3,42,-0.008547008547008517
1,6,8,3,43,0.0
1,6,119,3,44,1.8214596497756474e-17
1,6,125,3,45,-0.05519943019943019
1,6,92,3,46,0.007122507122507156
1,6,86,3,47,2.0816681711721685e-17
1,6,44,3,48,-0.07122507122507132
1,6,29,3,49,-0.12179487179487182
1,6,11,3,50,-0.12108262108262119
1,6,26,3,51,5.551115123125783e-17
1,6,71,3,52,-1.3877787807814457e-17
1,6,74,3,53,0.07122507122507125
1,6,62,3,54,0.03561253561253565
1,6,59,3,55,0.0
1,6,122,3,56,0.0712250712250712
1,6,107,3,57,0.18162393162393162
1,6,89,3,58,0.035612535612535565
1,6,104,3,59,-1.3877787807814457e-17
1,117,39,4,0,0.7663817663817665
1,117,45,4,1,0.25925925925925924
1,117,12,4,2,0.08618233618233621
1,117,6,4,3,0.48290598290598286
1,117,117,4,4,1.5356125356125359
1,117,123,4,5,0.44017094017094016
1,117,90,4,6,0.25925925925925924
1,117,84,4,7,0.7663817663817665
1,117,42,4,8,-0.4074074074074073
1,117,27,4,9,0.0968660968660968
1,117,9,4,10,-0.13105413105413105
1,117,24,4,11,-0.41595441595441585
1,117,69,4,12,-0.6866096866096867
1,117,72,4,13,-0.058404558404558514
1,117,60,4,14,0.09686609686609679
1,117,57,4,15,-0.41595441595441596
1,117,120,4,16,-0.8490028490028487
1,117,105,4,17,-0.05840455840455851
1,117,87,4,18,-0.40740740740740733
1,117,102,4,19,-0.6866096866096867
1,117,40,4,20,1.3877787807814457e-17
1,117,46,4,21,0.0032051282051281994
1,117,13,4,22,0.05519943019943021
1,117,7,4,23,1.5178830414797062e-17
1,117,118,4,24,5.551115123125783e-17
1,117,124,4,25,0.008547008547008537
1,117,91,4,26,-0.007122507122507138
1,117,85,4,27,2.7755575615628914e-17
1,117,43,4,28,0.07122507122507121
1,117,28,4,29,-0.07122507122507121
1,117,10,4,30,-0.07122507122507121
1,117,25,4,31,-1.3877787807814457e-17
1,117,70,4,32,-1.3877787807814457e-17
1,117,73,4,33,0.12179487179487182
1,117,61,4,34,-0.1816239316239316
1,117,58,4,35,-1.3877787807814457e-17
1,117,121,4,36,0.1210826210826211
1,117,106,4,37,-0.03561253561253562
1,117,88,4,38,-0.03561253561253559
1,117,103,4,39,-5.551115123125783e-17
1,117,41,4,40,4.85722573273506e-17
1,117,47,4,41,-0.007122507122507138
1,117,14,4,42,0.0551994301994302
1,117,8,4,43,1.1275702593849246e-17
1,117,119,4,44,8.326672684688674e-17
1,117,125,4,45,0.008547008547008583
1,117,92,4,46,0.003205128205128196
1,117,86,4,47,-6.938893903907228e-18
1,117,44,4,48,-0.035612535612535634
1,117,29,4,49,-0.1816239316239316
1,117,11,4,50,-0.07122507122507121
1,117,26,4,51,1.3877787807814457e-17
1,117,71,4,52,-2.7755575615628914e-17
1,117,74,4,53,-0.035612535612535634
1,117,62,4,54,-0.07122507122507123
1,117,59,4,55,1.3877787807814457e-17
1,117,122,4,56,0.12108262108262106
1,117,107,4,57,0.12179487179487182
1,117,89,4,58,0.07122507122507125
1,117,104,4,59,-2.0816681711721685e-17
1,123,39,5,0,0.2592592592592593
1,123,45,5,1,0.3831908831908832
1,123,12,5,2,0.24145299145299148
1,123,6,5,3,0.08618233618233616
1,123,117,5,4,0.44017094017094016
1,123,123,5,5,0.7678062678062682
1,123,90,5,6,0.3831908831908832
1,123,84,5,7,0.2592592592592593
1,123,42,5,8,-0.4074074074074074
1,123,27,5,9,-0.20797720797720795
1,123,9,5,10,-0.13105413105413097
1,123,24,5,11,0.09686609686609683
1,123,69,5,12,-0.05840455840455846
1,123,72,5,13,-0.3433048433048433
1,123,60,5,14,-0.2079772079772081
1,123,57,5,15,0.0968660968660968
1,123,120,5,16,-0.8490028490028493
1,123,105,5,17,-0.34330484330484323
1,123,87,5,18,-0.4074074074074074
1,123,102,5,19,-0.0584045584045584
1,123,40,5,20,-0.003205128205128204
1,123,46,5,21,0.0551994301994302
1,123,13,5,22,0.0032051282051282068
1,123,7,5,23,-0.0551994301994302
1,123,118,5,24,-0.008547008547008544
1,123,124,5,25,0.2065527065527067
1,123,91,5,26,0.008547008547008565
1,123,85,5,27,0.007122507122507164
1,123,43,5,28,-0.07122507122507123
1,123,28,5,29,-0.07122507122507121
1,123,10,5,30,0.0712250712250712
1,123,25,5,31,0.07122507122507123
1,123,70,5,32,-0.12179487179487183
1,123,73,5,33,0.03205128205128208
1,123,61,5,34,-0.09188034188034187
1,123,58,5,35,0.18162393162393156
1,123,121,5,36,-0.12108262108262113
1,123,106,5,37,-0.16381766381766388
1,123,88,5,38,0.03561253561253558
1,123,103,5,39,0.035612535612535585
1,123,41,5,40,0.007122507122507157
1,123,47,5,41,0.008547008547008565
1,123,14,5,42,0.003205128205128206
1,123,8,5,43,-0.05519943019943019
1,123,119,5,44,-0.00854700854700852
1,123,125,5,45,0.2065527065527067
1,123,92,5,46,0.05519943019943017
1,123,86,5,47,-0.0032051282051282137
1,123,44,5,48,0.03561253561253559
1,123,29,5,49,-0.09188034188034189
1,123,11,5,50,0.07122507122507118
1,123,26,5,51,0.1816239316239316
1,123,71,5,52,0.03561253561253556
1,123,74,5,53,-0.16381766381766394
1,123,62,5,54,-0.07122507122507123
1,123,59,5,55,0.07122507122507121
1,123,122,5,56,-0.12108262108262115
1,123,107,5,57,0.0320512820512821
1,123,89,5,58,-0.07122507122507117
1,123,104,5,59,-0.12179487179487182
1,90,39,6,0,0.0861823361823362
1,90,45,6,1,0.24145299145299146
1,90,12,6,2,0.3831908831908833
1,90,6,6,3,0.2592592592592593
1,90,117,6,4,0.25925925925925924
1,90,123,6,5,0.3831908831908832
1,90,90,6,6,0.7678062678062679
1,90,84,6,7,0.44017094017094033
1,90,42,6,8,-0.13105413105413105
1,90,27,6,9,-0.20797720797720792
1,90,9,6,10,-0.4074074074074075
1,90,24,6,11,0.09686609686609679
1,90,69,6,12,0.09686609686609675
1,90,72,6,13,-0.20797720797720795
1,90,60,6,14,-0.34330484330484334
1,90,57,6,15,-0.058404558404558486
1,90,120,6,16,-0.4074074074074074
1,90,105,6,17,-0.3433048433048434
1,90,87,6,18,-0.8490028490028491
1,90,102,6,19,-0.05840455840455836
1,90,40,6,20,0.05519943019943021
1,90,46,6,21,-0.003205128205128209
1,90,13,6,22,-0.05519943019943017
1,90,7,6,23,0.0032051282051282232
1,90,118,6,24,-0.007122507122507142
1,90,124,6,25,-0.008547008547008537
1,90,91,6,26,-0.2065527065527066
1,90,85,6,27,0.008547008547008583
1,90,43,6,28,-0.07122507122507123
1,90,28,6,29,0.07122507122507123
1,90,10,6,30,0.07122507122507117
1,90,25,6,31,-0.07122507122507123
1,90,70,6,32,-0.18162393162393156
1,90,73,6,33,0.09188034188034187
1,90,61,6,34,-0.032051282051282055
1,90,58,6,35,0.1217948717948718
1,90,121,6,36,-0.035612535612535606
1,90,106,6,37,0.16381766381766386
1,90,88,6,38,0.12108262108262108
1,90,103,6,39,-0.03561253561253561
1,90,41,6,40,-0.0551994301994302
1,90,47,6,41,0.003205128205128203
1,90,14,6,42,0.008547008547008546
1,90,8,6,43,0.007122507122507156
1,90,119,6,44,-0.0032051282051282224
1,90,125,6,45,0.05519943019943017
1,90,92,6,46,0.20655270655270666
1,90,86,6,47,-0.008547008547008505
1,90,44,6,48,0.07122507122507118
1,90,29,6,49,-0.09188034188034186
1,90,11,6,50,0.03561253561253558
1,90,26,6,51,0.18162393162393162
1,90,71,6,52,0.07122507122507118
1,90,74,6,53,-0.0712250712250712
1,90,62,6,54,-0.16381766381766383
1,90,59,6,55,0.03561253561253557
1,90,122,6,56,-0.07122507122507117
1,90,107,6,57,0.03205128205128212
1,90,89,6,58,-0.12108262108262119
1,90,104,6,59,-0.1217948717948718
1,84,39,7,0,0.48290598290598286
1,84,45,7,1,0.08618233618233617
1,84,12,7,2,0.25925925925925936
1,84,6,7,3,0.7663817663817665
1,84,117,7,4,0.7663817663817665
1,84,123,7,5,0.2592592592592593
1,84,90,7,6,0.44017094017094033
1,84,84,7,7,1.535612535612536
1,84,42,7,8,-0.13105413105413108
1,84,27,7,9,0.09686609686609682
1,84,9,7,10,-0.4074074074074075
1,84,24,7,11,-0.41595441595441585
1,84,69,7,12,-0.41595441595441596
1,84,72,7,13,0.09686609686609682
1,84,60,7,14,-0.05840455840455843
1,84,57,7,15,-0.6866096866096867
1,84,120,7,16,-0.4074074074074073
1,84,105,7,17,-0.05840455840455848
1,84,87,7,18,-0.8490028490028494
1,84,102,7,19,-0.6866096866096867
1,84,40,7,20,9.107298248878237e-18
1,84,46,7,21,-0.055199430199430195
1,84,13,7,22,-0.003205128205128178
1,84,7,7,23,4.163336342344337e-17
1,84,118,7,24,2.2551405187698492e-17
1,84,124,7,25,0.0071225071225071625
1,84,91,7,26,-0.008547008547008513
1,84,85,7,27,5.551115123125783e-17
1,84,43,7,28,0.0712250712250712
1,84,28,7,29,0.07122507122507123
1,84,10,7,30,-0.07122507122507131
1,84,25,7,31,1.3877787807814457e-17
1,84,70,7,32,-1.3877787807814457e-17
1,84,73,7,33,0.18162393162393162
1,84,61,7,34,-0.12179487179487176
1,84,58,7,35,-2.0816681711721685e-17
1,84,121,7,36,0.035612535612535585
1,84,106,7,37,0.03561253561253562
1,84,88,7,38,-0.12108262108262119
1,84,103,7,39,-5.551115123125783e-17
1,84,41,7,40,1.0408340855860843e-17
1,84,47,7,41,0.055199430199430195
1,84,14,7,42,-0.007122507122507135
1,84,8,7,43,1.5612511283791264e-17
1,84,119,7,44,6.938893903907228e-18
1,84,125,7,45,0.0032051282051282033
1,84,92,7,46,0.008547008547008602
1,84,86,7,47,5.551115123125783e-17
1,84,44,7,48,-0.07122507122507121
1,84,29,7,49,-0.18162393162393164
1,84,11,7,50,-0.03561253561253566
1,84,26,7,51,-1.3877787807814457e-17
1,84,71,7,52,0.0
1,84,74,7,53,-0.07122507122507123
1,84,62,7,54,-0.03561253561253562
1,84,59,7,55,-2.7755575615628914e-17
1,84,122,7,56,0.07122507122507127
1,84,107,7,57,0.12179487179487179
1,84,89,7,58,0.12108262108262101
1,84,104,7,59,-6.938893903907228e-18
1,42,39,8,0,-0.849002849002849
1,42,45,8,1,-0.849002849002849
1,42,12,8,2,-0.40740740740740744
1,42,6,8,3,-0.4074074074074074
1,42,117,8,4,-0.4074074074074073
1,42,123,8,5,-0.4074074074074074
1,42,90,8,6,-0.13105413105413105
1,42,84,8,7,-0.13105413105413108
1,42,42,8,8,1.8689458689458684
1,42,27,8,9,0.08547008547008572
1,42,9,8,10,0.7293447293447293
1,42,24,8,11,0.08547008547008535
1,42,69,8,12,0.08547008547008532
1,42,72,8,13,0.08547008547008556
1,42,60,8,14,-0.08547008547008544
1,42,57,8,15,-0.08547008547008544
1,42,120,8,16,0.7293447293447293
1,42,105,8,17,-0.0854700854700854
1,42,87,8,18,0.26210826210826205
1,42,102,8,19,-0.08547008547008544
1,42,40,8,20,0.16381766381766372
1,42,46,8,21,-0.16381766381766394
1,42,13,8,22,-0.03561253561253564
1,42,7,8,23,0.035612535612535606
1,42,118,8,24,0.0712250712250712
1,42,124,8,25,-0.07122507122507123
1,42,91,8,26,-0.07122507122507123
1,42,85,8,27,0.07122507122507121
1,42,43,8,28,2.329950468671349e-16
1,42,28,8,29,0.28490028490028496
1,42,10,8,30,2.087089182034596e-17
1,42,25,8,31,-0.284900284900285
1,42,70,8,32,0.04273504273504282
1,42,73,8,33,-0.042735042735042805
1,42,61,8,34,0.21367521367521367
1,42,58,8,35,-0.2136752136752137
1,42,121,8,36,5.204170427930421e-18
1,42,106,8,37,0.14245014245014248
1,42,88,8,38,1.5612511283791264e-17
1,42,103,8,39,-0.14245014245014245
1,42,41,8,40,-0.16381766381766386
1,42,47,8,41,0.16381766381766383
1,42,14,8,42,0.07122507122507114
1,42,8,8,43,-0.07122507122507132
1,42,119,8,44,-0.03561253561253562
1,42,125,8,45,0.03561253561253558
1,42,92,8,46,0.07122507122507121
1,42,86,8,47,-0.07122507122507124
1,42,44,8,48,-6.591949208711867e-17
1,42,29,8,49,0.042735042735042784
1,42,11,8,50,1.8062808193608504e-16
1,42,26,8,51,-0.04273504273504278
1,42,71,8,52,0.284900284900285
1,42,74,8,53,-0.28490028490028496
1,42,62,8,54,-0.14245014245014248
1,42,59,8,55,0.14245014245014248
1,42,122,8,56,3.469446951953614e-18
1,42,107,8,57,-0.21367521367521364
1,42,89,8,58,1.3660947373317356e-17
1,42,104,8,59,0.2136752136752137
1,27,39,9,0,-0.05840455840455855
1,27,45,9,1,-0.3433048433048434
1,27,12,9,2,-0.34330484330484334
1,27,6,9,3,-0.05840455840455851
1,27,117,9,4,0.0968660968660968
1,27,123,9,5,-0.20797720797720795
1,27,90,9,6,-0.20797720797720792
1,27,84,9,7,0.09686609686609682
1,27,42,9,8,0.08547008547008572
1,27,27,9,9,1.071225071225071
1,27,9,9,10,0.08547008547008556
1,27,24,9,11,-0.18233618233618207
1,27,69,9,12,-0.2991452991452989
1,27,72,9,13,0.2991452991452989
1,27,60,9,14,0.29914529914529914
1,27,57,9,15,-0.299145299145299
1,27,120,9,16,-0.08547008547008546
1,27,105,9,17,0.33048433048433046
1,27,87,9,18,-0.0854700854700855
1,27,102,9,19,-0.19373219373219364
1,27,40,9,20,-0.03561253561253561
1,27,46,9,21,-0.12108262108262113
1,27,13,9,22,0.12108262108262109
1,27,7,9,23,0.03561253561253562
1,27,118,9,24,-0.0712250712250712
1,27,124,9,25,-0.07122507122507121
1,27,91,9,26,0.07122507122507123
1,27,85,9,27,0.07122507122507121
1,27,43,9,28,0.28490028490028485
1,27,28,9,29,3.664603343001005e-17
1,27,10,9,30,-0.2849002849002848
1,27,25,9,31,-4.933119884809045e-18
1,27,70,9,32,0.21367521367521367
1,27,73,9,33,0.04273504273504271
1,27,61,9,34,-0.04273504273504269
1,27,58,9,35,-0.21367521367521364
1,27,121,9,36,0.14245014245014243
1,27,106,9,37,1.9081958235744878e-17
1,27,88,9,38,-0.1424501424501425
1,27,103,9,39,-4.553649124439119e-18
1,27,41,9,40,-0.09188034188034187
1,27,47,9,41,-0.03205128205128207
1,27,14,9,42,-0.032051282051282104
1,27,8,9,43,-0.09188034188034187
1,27,119,9,44,-0.18162393162393164
1,27,125,9,45,-0.12179487179487179
1,27,92,9,46,-0.12179487179487176
1,27,86,9,47,-0.1816239316239316
1,27,44,9,48,-0.04273504273504266
1,27,29,9,49,-0.25641025641025633
1,27,11,9,50,-0.042735042735042694
1,27,26,9,51,-0.051282051282051336
1,27,71,9,52,0.21367521367521367
1,27,74,9,53,0.042735042735042715
1,27,62,9,54,0.042735042735042715
1,27,59,9,55,0.21367521367521367
1,27,122,9,56,0.21367521367521364
1,27,107,9,57,0.05128205128205127
1,27,89,9,58,0.2136752136752136
1,27,104,9,59,0.2564102564102563
1,9,39,10,0,-0.4074074074074073
1,9,45,10,1,-0.40740740740740733
1,9,12,10,2,-0.849002849002849
1,9,6,10,3,-0.8490028490028488
1,9,117,10,4,-0.13105413105413105
1,9,123,10,5,-0.13105413105413097
1,9,90,10,6,-0.4074074074074075
1,9,84,10,7,-0.4074074074074075
1,9,42,10,8,0.7293447293447293
1,9,27,10,9,0.08547008547008554
1,9,9,10,10,1.8689458689458684
1,9,24,10,11,0.08547008547008529
1,9,69,10,12,-0.08547008547008544
1,9,72,10,13,-0.0854700854700855
1,9,60,10,14,0.08547008547008535
1,9,57,10,15,0.08547008547008554
1,9,120,10,16,0.262108262108262
1,9,105,10,17,-0.0854700854700855
1,9,87,10,18,0.7293447293447295
1,9,102,10,19,-0.08547008547008546
1,9,40,10,20,-0.035612535612535655
1,9,46,10,21,0.0356125356125356
1,9,13,10,22,0.16381766381766383
1,9,7,10,23,-0.1638176638176638
1,9,118,10,24,-0.07122507122507121
1,9,124,10,25,0.07122507122507121
1,9,91,10,26,0.07122507122507117
1,9,85,10,27,-0.07122507122507127
1,9,43,10,28,3.1929753979698106e-17
1,9,28,10,29,-0.284900284900285
1,9,10,10,30,-7.879439288538403e-17
1,9,25,10,31,0.2849002849002851
1,9,70,10,32,0.2136752136752137
1,9,73,10,33,-0.21367521367521364
1,9,61,10,34,0.04273504273504272
1,9,58,10,35,-0.04273504273504272
1,9,121,10,36,1.5395670849294163e-17
1,9,106,10,37,-0.14245014245014245
1,9,88,10,38,1.347663300399482e-16
1,9,103,10,39,0.1424501424501424
1,9,41,10,40,-0.07122507122507132
1,9,47,10,41,0.07122507122507114
1,9,14,10,42,0.16381766381766377
1,9,8,10,43,-0.16381766381766388
1,9,119,10,44,-0.07122507122507125
1,9,125,10,45,0.07122507122507123
1,9,92,10,46,0.03561253561253557
1,9,86,10,47,-0.035612535612535676
1,9,44,10,48,1.7618285302889447e-16
1,9,29,10,49,0.04273504273504277
1,9,11,10,50,9.809319155562601e-17
1,9,26,10,51,-0.0427350427350428
1,9,71,10,52,0.14245014245014248
1,9,74,10,53,-0.14245014245014248
1,9,62,10,54,-0.284900284900285
1,9,59,10,55,0.284900284900285
1,9,122,10,56,1.1926223897340549e-17
1,9,107,10,57,-0.21367521367521367
1,9,89,10,58,5.515878552520004e-17
1,9,104,10,59,0.2136752136752137
1,24,39,11,0,-0.6866096866096867
1,24,45,11,1,-0.05840455840455842
1,24,12,11,2,-0.05840455840455839
1,24,6,11,3,-0.6866096866096866
1,24,117,11,4,-0.41595441595441585
1,24,123,11,5,0.09686609686609683
1,24,90,11,6,0.09686609686609679
1,24,84,11,7,-0.41595441595441585
1,24,42,11,8,0.08547008547008533
1,24,27,11,9,-0.18233618233618207
1,24,9,11,10,0.08547008547008528
1,24,24,11,11,2.1424501424501425
1,24,69,11,12,0.5982905982905979
1,24,72,11,13,-0.299145299145299
1,24,60,11,14,-0.299145299145299
1,24,57,11,15,0.598290598290598
1,24,120,11,16,-0.08547008547008542
1,24,105,11,17,-0.19373219373219358
1,24,87,11,18,-0.08547008547008542
1,24,102,11,19,0.6609686609686607
1,24,40,11,20,-1.3877787807814457e-17
1,24,46,11,21,0.03561253561253559
1,24,13,11,22,-0.03561253561253558
1,24,7,11,23,-2.7755575615628914e-17
1,24,118,11,24,0.0
1,24,124,11,25,0.07122507122507121
1,24,91,11,26,-0.07122507122507121
1,24,85,11,27,0.0
1,24,43,11,28,-0.2849002849002848
1,24,28,11,29,1.8973538018496328e-18
1,24,10,11,30,0.28490028490028474
1,24,25,11,31,-1.1289255121005315e-17
1,24,70,11,32,-1.3877787807814457e-17
1,24,73,11,33,-0.2136752136752137
1,24,61,11,34,0.2136752136752136
1,24,58,11,35,2.7755575615628914e-17
1,24,121,11,36,-0.14245014245014243
1,24,106,11,37,-2.6020852139652106e-18
1,24,88,11,38,0.1424501424501425
1,24,103,11,39,1.4094628242311558e-17
1,24,41,11,40,-1.3877787807814457e-17
1,24,47,11,41,0.09188034188034189
1,24,14,11,42,0.0918803418803419
1,24,8,11,43,2.7755575615628914e-17
1,24,119,11,44,-1.3877787807814457e-17
1,24,125,11,45,0.1816239316239316
1,24,92,11,46,0.18162393162393156
1,24,86,11,47,1.3877787807814457e-17
1,24,44,11,48,0.04273504273504268
1,24,29,11,49,0.05128205128205119
1,24,11,11,50,0.042735042735042666
1,24,26,11,51,5.551115123125783e-17
1,24,71,11,52,2.0816681711721685e-17
1,24,74,11,53,-0.21367521367521367
1,24,62,11,54,-0.21367521367521367
1,24,59,11,55,-3.469446951953614e-17
1,24,122,11,56,-0.21367521367521358
1,24,107,11,57,-0.25641025641025633
1,24,89,11,58,-0.2136752136752136
1,24,104,11,59,-6.938893903907228e-18
1,69,39,12,0,-0.6866096866096866
1,69,45,12,1,-0.05840455840455846
1,69,12,12,2,0.09686609686609679
1,69,6,12,3,-0.41595441595441596
1,69,117,12,4,-0.6866096866096867
1,69,123,12,5,-0.05840455840455846
1,69,90,12,6,0.09686609686609675
1,69,84,12,7,-0.41595441595441596
1,69,42,12,8,0.08547008547008535
1,69,27,12,9,-0.299145299145299
1,69,9,12,10,-0.08547008547008544
1,69,24,12,11,0.5982905982905979
1,69,69,12,12,2.142450142450142
1,69,72,12,13,-0.18233618233618226
1,69,60,12,14,-0.19373219373219353
1,69,57,12,15,0.6609686609686609
1,69,120,12,16,0.08547008547008547
1,69,105,12,17,-0.29914529914529897
1,69,87,12,18,-0.08547008547008537
1,69,102,12,19,0.598290598290598
1,69,40,12,20,-2.7755575615628914e-17
1,69,46,12,21,-0.09188034188034191
1,69,13,12,22,-0.18162393162393162
1,69,7,12,23,0.0
1,69,118,12,24,-2.0816681711721685e-17
1,69,124,12,25,-0.09188034188034193
1,69,91,12,26,-0.1816239316239316
1,69,85,12,27,0.0
1,69,43,12,28,-0.042735042735042646
1,69,28,12,29,0.21367521367521367
1,69,10,12,30,0.21367521367521367
1,69,25,12,31,6.938893903907228e-18
1,69,70,12,32,0.0
1,69,73,12,33,-0.051282051282051266
1,69,61,12,34,0.25641025641025633
1,69,58,12,35,3.469446951953614e-17
1,69,121,12,36,-0.04273504273504265
1,69,106,12,37,0.21367521367521364
1,69,88,12,38,0.21367521367521364
1,69,103,12,39,2.0816681711721685e-17
1,69,41,12,40,-4.163336342344337e-17
1,69,47,12,41,-0.0356125356125356
1,69,14,12,42,-0.07122507122507121
1,69,8,12,43,-1.3877787807814457e-17
1,69,119,12,44,-2.7755575615628914e-17
1,69,125,12,45,0.035612535612535565
1,69,92,12,46,0.0712250712250712
1,69,86,12,47,1.3877787807814457e-17
1,69,44,12,48,0.28490028490028485
1,69,29,12,49,0.21367521367521367
1,69,11,12,50,0.14245014245014254
1,69,26,12,51,0.0
1,69,71,12,52,-2.6020852139652106e-18
1,69,74,12,53,4.85722573273506e-17
1,69,62,12,54,1.3877787807814457e-17
1,69,59,12,55,-6.396792817664476e-18
1,69,122,12,56,-0.2849002849002849
1,69,107,12,57,-0.21367521367521358
1,69,89,12,58,-0.14245014245014243
1,69,104,12,59,-4.163336342344337e-17
1,72,39,13,0,-0.05840455840455851
1,72,45,13,1,-0.3433048433048433
1,72,12,13,2,-0.20797720797720795
1,72,6,13,3,0.09686609686609679
1,72,117,13,4,-0.05840455840455852
1,72,123,13,5,-0.34330484330484323
1,72,90,13,6,-0.20797720797720795
1,72,84,13,7,0.09686609686609682
1,72,42,13,8,0.08547008547008556
1,72,27,13,9,0.2991452991452989
1,72,9,13,10,-0.0854700854700855
1,72,24,13,11,-0.299145299145299
1,72,69,13,12,-0.18233618233618226
1,72,72,13,13,1.0712250712250713
1,72,60,13,14,0.33048433048433057
1,72,57,13,15,-0.19373219373219358
1,72,120,13,16,0.08547008547008556
1,72,105,13,17,0.299145299145299
1,72,87,13,18,-0.08547008547008549
1,72,102,13,19,-0.299145299145299
1,72,40,13,20,0.0918803418803419
1,72,46,13,21,0.0320512820512821
1,72,13,13,22,0.1217948717948718
1,72,7,13,23,0.18162393162393164
1,72,118,13,24,0.0918803418803419
1,72,124,13,25,0.0320512820512821
1,72,91,13,26,0.12179487179487179
1,72,85,13,27,0.18162393162393162
1,72,43,13,28,0.04273504273504266
1,72,28,13,29,-0.04273504273504275
1,72,10,13,30,-0.2136752136752137
1,72,25,13,31,-0.21367521367521364
1,72,70,13,32,0.05128205128205127
1,72,73,13,33,0.2564102564102564
1,72,61,13,34,-0.05128205128205126
1,72,58,13,35,-0.25641025641025633
1,72,121,13,36,0.042735042735042646
1,72,106,13,37,-0.042735042735042694
1,72,88,13,38,-0.21367521367521364
1,72,103,13,39,-0.21367521367521364
1,72,41,13,40,0.03561253561253559
1,72,47,13,41,0.12108262108262108
1,72,14,13,42,0.07122507122507124
1,72,8,13,43,0.0712250712250712
1,72,119,13,44,-0.03561253561253562
1,72,125,13,45,-0.12108262108262115
1,72,92,13,46,-0.0712250712250712
1,72,86,13,47,-0.07122507122507121
1,72,44,13,48,-0.2849002849002848
1,72,29,13,49,-0.042735042735042715
1,72,11,13,50,-0.1424501424501425
1,72,26,13,51,-0.21367521367521364
1,72,71,13,52,4.683753385137379e-17
1,72,74,13,53,2.7755575615628914e-17
1,72,62,13,54,-1.734723475976807e-18
1,72,59,13,55,1.5395670849294163e-17
1,72,122,13,56,0.28490028490028496
1,72,107,13,57,0.04273504273504268
1,72,89,13,58,0.1424501424501424
1,72,104,13,59,0.2136752136752136
1,60,39,14,0,0.0968660968660968
1,60,45,14,1,-0.20797720797720806
1,60,12,14,2,-0.3433048433048433
1,60,6,14,3,-0.05840455840455831
1,60,117,14,4,0.09686609686609679
1,60,123,14,5,-0.2079772079772081
1,60,90,14,6,-0.34330484330484323
1,60,84,14,7,-0.05840455840455843
1,60,42,14,8,-0.08547008547008544
1,60,27,14,9,0.29914529914529914
1,60,9,14,10,0.08547008547008535
1,60,24,14,11,-0.299145299145299
1,60,69,14,12,-0.19373219373219353
1,60,72,14,13,0.33048433048433057
1,60,60,14,14,1.0712250712250713
1,60,57,14,15,-0.18233618233618235
1,60,120,14,16,-0.0854700854700854
1,60,105,14,17,0.29914529914529914
1,60,87,14,18,0.08547008547008542
1,60,102,14,19,-0.299145299145299
1,60,40,14,20,-0.18162393162393162
1,60,46,14,21,-0.12179487179487178
1,60,13,14,22,-0.03205128205128209
1,60,7,14,23,-0.09188034188034183
1,60,118,14,24,-0.1816239316239316
1,60,124,14,25,-0.1217948717948718
1,60,91,14,26,-0.032051282051282055
1,60,85,14,27,-0.09188034188034185
1,60,43,14,28,0.2136752136752136
1,60,28,14,29,0.04273504273504276
1,60,10,14,30,-0.04273504273504276
1,60,25,14,31,0.21367521367521364
1,60,70,14,32,0.2564102564102563
1,60,73,14,33,0.05128205128205129
1,60,61,14,34,-0.2564102564102564
1,60,58,14,35,-0.051282051282051336
1,60,121,14,36,0.21367521367521364
1,60,106,14,37,0.04273504273504278
1,60,88,14,38,-0.04273504273504276
1,60,103,14,39,0.2136752136752136
1,60,41,14,40,0.07122507122507118
1,60,47,14,41,0.07122507122507121
1,60,14,14,42,0.12108262108262112
1,60,8,14,43,0.03561253561253562
1,60,119,14,44,-0.07122507122507121
1,60,125,14,45,-0.07122507122507123
1,60,92,14,46,-0.12108262108262106
1,60,86,14,47,-0.035612535612535606
1,60,44,14,48,-0.1424501424501425
1,60,29,14,49,-0.042735042735042694
1,60,11,14,50,-0.28490028490028485
1,60,26,14,51,-0.2136752136752137
1,60,71,14,52,1.734723475976807e-17
1,60,74,14,53,-8.673617379884035e-19
1,60,62,14,54,-2.5478751053409354e-17
1,60,59,14,55,1.5016200088924236e-17
1,60,122,14,56,0.1424501424501424
1,60,107,14,57,0.04273504273504267
1,60,89,14,58,0.2849002849002848
1,60,104,14,59,0.2136752136752136
1,57,39,15,0,-0.41595441595441596
1,57,45,15,1,0.0968660968660968
1,57,12,15,2,-0.05840455840455849
1,57,6,15,3,-0.6866096866096867
1,57,117,15,4,-0.41595441595441596
1,57,123,15,5,0.09686609686609679
1,57,90,15,6,-0.058404558404558486
1,57,84,15,7,-0.6866096866096867
1,57,42,15,8,-0.08547008547008544
1,57,27,15,9,-0.299145299145299
1,57,9,15,10,0.08547008547008554
1,57,24,15,11,0.598290598290598
1,57,69,15,12,0.6609686609686609
1,57,72,15,13,-0.19373219373219358
1,57,60,15,14,-0.18233618233618235
1,57,57,15,15,2.142450142450143
1,57,120,15,16,-0.0854700854700854
1,57,105,15,17,-0.299145299145299
1,57,87,15,18,0.08547008547008554
1,57,102,15,19,0.5982905982905982
1,57,40,15,20,-1.3877787807814457e-17
1,57,46,15,21,0.18162393162393162
1,57,13,15,22,0.09188034188034189
1,57,7,15,23,-4.163336342344337e-17
1,57,118,15,24,-2.7755575615628914e-17
1,57,124,15,25,0.18162393162393162
1,57,91,15,26,0.09188034188034191
1,57,85,15,27,-2.0816681711721685e-17
1,57,43,15,28,-0.21367521367521364
1,57,28,15,29,-0.21367521367521367
1,57,10,15,30,0.042735042735042736
1,57,25,15,31,3.469446951953614e-17
1,57,70,15,32,2.7755575615628914e-17
1,57,73,15,33,-0.25641025641025633
1,57,61,15,34,0.051282051282051204
1,57,58,15,35,5.551115123125783e-17
1,57,121,15,36,-0.21367521367521364
1,57,106,15,37,-0.21367521367521364
1,57,88,15,38,0.04273504273504272
1,57,103,15,39,1.0408340855860843e-16
1,57,41,15,40,1.3877787807814457e-17
1,57,47,15,41,-0.0712250712250712
1,57,14,15,42,-0.0356125356125356
1,57,8,15,43,-2.7755575615628914e-17
1,57,119,15,44,-1.3877787807814457e-17
1,57,125,15,45,0.0712250712250712
1,57,92,15,46,0.035612535612535565
1,57,86,15,47,4.163336342344337e-17
1,57,44,15,48,0.14245014245014254
1,57,29,15,49,0.21367521367521367
1,57,11,15,50,0.28490028490028485
1,57,26,15,51,0.0
1,57,71,15,52,-1.4203048459560108e-17
1,57,74,15,53,7.806255641895632e-18
1,57,62,15,54,1.6479873021779667e-17
1,57,59,15,55,-8.432382396506011e-17
1,57,122,15,56,-0.14245014245014243
1,57,107,15,57,-0.2136752136752136
1,57,89,15,58,-0.28490028490028474
1,57,104,15,59,-3.469446951953614e-17
1,120,39,16,0,-0.40740740740740744
1,120,45,16,1,-0.4074074074074075
1,120,12,16,2,-0.13105413105413102
1,120,6,16,3,-0.13105413105413102
1,120,117,16,4,-0.8490028490028487
1,120,123,16,5,-0.8490028490028492
1,120,90,16,6,-0.4074074074074074
1,120,84,16,7,-0.4074074074074073
1,120,42,16,8,0.7293447293447293
1,120,27,16,9,-0.08547008547008546
1,120,9,16,10,0.262108262108262
1,120,24,16,11,-0.08547008547008542
1,120,69,16,12,0.0854700854700855
1,120,72,16,13,0.08547008547008556
1,120,60,16,14,-0.08547008547008542
1,120,57,16,15,-0.0854700854700854
1,120,120,16,16,1.8689458689458691
1,120,105,16,17,0.08547008547008556
1,120,87,16,18,0.7293447293447292
1,120,102,16,19,0.0854700854700853
1,120,40,16,20,0.07122507122507118
1,120,46,16,21,-0.07122507122507123
1,120,13,16,22,-0.07122507122507124
1,120,7,16,23,0.07122507122507123
1,120,118,16,24,0.16381766381766386
1,120,124,16,25,-0.16381766381766388
1,120,91,16,26,-0.03561253561253562
1,120,85,16,27,0.035612535612535585
1,120,43,16,28,5.204170427930421e-18
1,120,28,16,29,0.14245014245014248
1,120,10,16,30,1.5178830414797062e-17
1,120,25,16,31,-0.14245014245014245
1,120,70,16,32,0.04273504273504281
1,120,73,16,33,-0.04273504273504281
1,120,61,16,34,0.2136752136752136
1,120,58,16,35,-0.21367521367521364
1,120,121,16,36,0.0
1,120,106,16,37,0.28490028490028496
1,120,88,16,38,1.734723475976807e-17
1,120,103,16,39,-0.2849002849002849
1,120,41,16,40,0.03561253561253559
1,120,47,16,41,-0.035612535612535606
1,120,14,16,42,-0.07122507122507121
1,120,8,16,43,0.0712250712250712
1,120,119,16,44,0.16381766381766383
1,120,125,16,45,-0.16381766381766388
1,120,92,16,46,-0.07122507122507117
1,120,86,16,47,0.07122507122507125
1,120,44,16,48,0.0
1,120,29,16,49,0.2136752136752137
1,120,11,16,50,1.3444106938820255e-17
1,120,26,16,51,-0.2136752136752136
1,120,71,16,52,-0.2849002849002849
1,120,74,16,53,0.28490028490028496
1,120,62,16,54,0.14245014245014243
1,120,59,16,55,-0.1424501424501424
1,120,122,16,56,4.85722573273506e-17
1,120,107,16,57,-0.042735042735042805
1,120,89,16,58,-7.892991815694472e-17
1,120,104,16,59,0.04273504273504279
1,105,39,17,0,0.09686609686609678
1,105,45,17,1,-0.20797720797720798
1,105,12,17,2,-0.2079772079772079
1,105,6,17,3,0.09686609686609686
1,105,117,17,4,-0.05840455840455851
1,105,123,17,5,-0.34330484330484323
1,105,90,17,6,-0.3433048433048434
1,105,84,17,7,-0.05840455840455851
1,105,42,17,8,-0.08547008547008539
1,105,27,17,9,0.33048433048433046
1,105,9,17,10,-0.0854700854700855
1,105,24,17,11,-0.19373219373219358
1,105,69,17,12,-0.29914529914529897
1,105,72,17,13,0.299145299145299
1,105,60,17,14,0.29914529914529914
1,105,57,17,15,-0.299145299145299
1,105,120,17,16,0.08547008547008556
1,105,105,17,17,1.071225071225071
1,105,87,17,18,0.08547008547008558
1,105,102,17,19,-0.18233618233618215
1,105,40,17,20,-0.07122507122507123
1,105,46,17,21,-0.07122507122507124
1,105,13,17,22,0.07122507122507123
1,105,7,17,23,0.07122507122507121
1,105,118,17,24,-0.03561253561253562
1,105,124,17,25,-0.12108262108262113
1,105,91,17,26,0.12108262108262108
1,105,85,17,27,0.03561253561253562
1,105,43,17,28,0.14245014245014243
1,105,28,17,29,1.9081958235744878e-17
1,105,10,17,30,-0.14245014245014248
1,105,25,17,31,-2.8189256484623115e-18
1,105,70,17,32,0.21367521367521364
1,105,73,17,33,0.04273504273504272
1,105,61,17,34,-0.042735042735042666
1,105,58,17,35,-0.21367521367521367
1,105,121,17,36,0.28490028490028485
1,105,106,17,37,-1.3877787807814457e-17
1,105,88,17,38,-0.28490028490028496
1,105,103,17,39,-1.734723475976807e-18
1,105,41,17,40,0.18162393162393156
1,105,47,17,41,0.1217948717948718
1,105,14,17,42,0.1217948717948718
1,105,8,17,43,0.18162393162393162
1,105,119,17,44,0.09188034188034189
1,105,125,17,45,0.03205128205128211
1,105,92,17,46,0.03205128205128212
1,105,86,17,47,0.0918803418803419
1,105,44,17,48,-0.21367521367521364
1,105,29,17,49,-0.05128205128205127
1,105,11,17,50,-0.2136752136752137
1,105,26,17,51,-0.25641025641025633
1,105,71,17,52,-0.21367521367521358
1,105,74,17,53,-0.04273504273504279
1,105,62,17,54,-0.04273504273504274
1,105,59,17,55,-0.2136752136752136
1,105,122,17,56,0.04273504273504265
1,105,107,17,57,0.2564102564102563
1,105,89,17,58,0.042735042735042625
1,105,104,17,59,0.051282051282051336
1,87,39,18,0,-0.13105413105413108
1,87,45,18,1,-0.131054131054131
1,87,12,18,2,-0.4074074074074075
1,87,6,18,3,-0.40740740740740744
1,87,117,18,4,-0.40740740740740733
1,87,123,18,5,-0.4074074074074074
1,87,90,18,6,-0.8490028490028491
1,87,84,18,7,-0.8490028490028494
1,87,42,18,8,0.2621082621082621
1,87,27,18,9,-0.0854700854700855
1,87,9,18,10,0.7293447293447295
1,87,24,18,11,-0.08547008547008542
1,87,69,18,12,-0.08547008547008537
1,87,72,18,13,-0.08547008547008549
1,87,60,18,14,0.0854700854700854
1,87,57,18,15,0.08547008547008554
1,87,120,18,16,0.7293447293447292
1,87,105,18,17,0.0854700854700856
1,87,87,18,18,1.868945868945869
1,87,102,18,19,0.08547008547008528
1,87,40,18,20,-0.07122507122507121
1,87,46,18,21,0.07122507122507121
1,87,13,18,22,0.07122507122507118
1,87,7,18,23,-0.0712250712250713
1,87,118,18,24,-0.03561253561253561
1,87,124,18,25,0.03561253561253559
1,87,91,18,26,0.16381766381766383
1,87,85,18,27,-0.16381766381766394
1,87,43,18,28,1.496198998029996e-17
1,87,28,18,29,-0.14245014245014248
1,87,10,18,30,1.3639263329867646e-16
1,87,25,18,31,0.14245014245014243
1,87,70,18,32,0.21367521367521364
1,87,73,18,33,-0.21367521367521367
1,87,61,18,34,0.04273504273504269
1,87,58,18,35,-0.04273504273504275
1,87,121,18,36,1.9081958235744878e-17
1,87,106,18,37,-0.2849002849002849
1,87,88,18,38,1.3964523981613297e-16
1,87,103,18,39,0.28490028490028496
1,87,41,18,40,0.07122507122507121
1,87,47,18,41,-0.07122507122507121
1,87,14,18,42,-0.03561253561253563
1,87,8,18,43,0.03561253561253558
1,87,119,18,44,0.07122507122507125
1,87,125,18,45,-0.07122507122507117
1,87,92,18,46,-0.16381766381766394
1,87,86,18,47,0.16381766381766377
1,87,44,18,48,9.107298248878237e-18
1,87,29,18,49,0.21367521367521364
1,87,11,18,50,4.5644911461639737e-17
1,87,26,18,51,-0.21367521367521364
1,87,71,18,52,-0.1424501424501424
1,87,74,18,53,0.1424501424501424
1,87,62,18,54,0.28490028490028485
1,87,59,18,55,-0.2849002849002849
1,87,122,18,56,-8.239936510889834e-17
1,87,107,18,57,-0.04273504273504285
1,87,89,18,58,1.6284716630732277e-16
1,87,104,18,59,0.042735042735042826
1,102,39,19,0,-0.41595441595441596
1,102,45,19,1,0.09686609686609679
1,102,12,19,2,0.09686609686609679
1,102,6,19,3,-0.41595441595441596
1,102,117,19,4,-0.6866096866096867
1,102,123,19,5,-0.05840455840455842
1,102,90,19,6,-0.058404558404558396
1,102,84,19,7,-0.6866096866096867
1,102,42,19,8,-0.08547008547008544
1,102,27,19,9,-0.19373219373219358
1,102,9,19,10,-0.08547008547008546
1,102,24,19,11,0.6609686609686607
1,102,69,19,12,0.598290598290598
1,102,72,19,13,-0.299145299145299
1,102,60,19,14,-0.299145299145299
1,102,57,19,15,0.5982905982905982
1,102,120,19,16,0.0854700854700853
1,102,105,19,17,-0.18233618233618215
1,102,87,19,18,0.08547008547008528
1,102,102,19,19,2.1424501424501425
1,102,40,19,20,0.0
1,102,46,19,21,0.07122507122507121
1,102,13,19,22,-0.07122507122507123
1,102,7,19,23,-1.3877787807814457e-17
1,102,118,19,24,-1.3877787807814457e-17
1,102,124,19,25,0.03561253561253556
1,102,91,19,26,-0.03561253561253559
1,102,85,19,27,-2.7755575615628914e-17
1,102,43,19,28,-0.14245014245014243
1,102,28,19,29,-5.637851296924623e-18
1,102,10,19,30,0.1424501424501425
1,102,25,19,31,1.3986208025063007e-17
1,102,70,19,32,6.938893903907228e-18
1,102,73,19,33,-0.2136752136752137
1,102,61,19,34,0.21367521367521364
1,102,58,19,35,5.551115123125783e-17
1,102,121,19,36,-0.28490028490028485
1,102,106,19,37,6.938893903907228e-18
1,102,88,19,38,0.28490028490028496
1,102,103,19,39,8.673617379884035e-18
1,102,41,19,40,0.0
1,102,47,19,41,-0.18162393162393156
1,102,14,19,42,-0.1816239316239316
1,102,8,19,43,2.7755575615628914e-17
1,102,119,19,44,-1.3877787807814457e-17
1,102,125,19,45,-0.09188034188034194
1,102,92,19,46,-0.09188034188034191
1,102,86,19,47,-2.7755575615628914e-17
1,102,44,19,48,0.21367521367521364
1,102,29,19,49,0.25641025641025633
1,102,11,19,50,0.21367521367521367
1,102,26,19,51,6.938893903907228e-18
1,102,71,19,52,-3.469446951953614e-17
1,102,74,19,53,0.21367521367521367
1,102,62,19,54,0.21367521367521364
1,102,59,19,55,-2.0816681711721685e-17
1,102,122,19,56,-0.04273504273504265
1,102,107,19,57,-0.051282051282051204
1,102,89,19,58,-0.042735042735042625
1,102,104,19,59,-5.551115123125783e-17
1,40,39,20,0,8.326672684688674e-17
1,40,45,20,1,0.0085470085470086
1,40,12,20,2,-0.007122507122507131
1,40,6,20,3,2.42861286636753e-17
1,40,117,20,4,1.3877787807814457e-17
1,40,123,20,5,0.003205128205128211
1,40,90,20,6,0.05519943019943021
1,40,84,20,7,1.0408340855860843e-17
1,40,42,20,8,0.121082621082621
1,40,27,20,9,-0.035612535612535634
1,40,9,20,10,-0.03561253561253559
1,40,24,20,11,2.7755575615628914e-17
1,40,69,20,12,-3.469446951953614e-17
1,40,72,20,13,0.12179487179487183
1,40,60,20,14,-0.18162393162393162
1,40,57,20,15,0.0
1,40,120,20,16,0.07122507122507121
1,40,105,20,17,-0.07122507122507123
1,40,87,20,18,-0.07122507122507123
1,40,102,20,19,-1.3877787807814457e-17
1,40,40,20,20,1.5356125356125363
1,40,46,20,21,0.3831908831908832
1,40,13,20,22,0.2592592592592593
1,40,7,20,23,0.8803418803418805
1,40,118,20,24,0.7663817663817665
1,40,124,20,25,0.2414529914529914
1,40,91,20,26,0.08618233618233623
1,40,85,20,27,0.5185185185185186
1,40,43,20,28,-0.3433048433048432
1,40,28,20,29,-0.40740740740740744
1,40,10,20,30,-0.05840455840455837
1,40,25,20,31,-1.698005698005698
1,40,70,20,32,-0.6866096866096866
1,40,73,20,33,-0.20797720797720787
1,40,61,20,34,0.09686609686609676
1,40,58,20,35,-0.11680911680911685
1,40,121,20,36,-0.20797720797720792
1,40,106,20,37,-0.13105413105413105
1,40,88,20,38,0.09686609686609675
1,40,103,20,39,-0.814814814814815
1,40,41,20,40,-0.41310541310541316
1,40,47,20,41,-0.05519943019943019
1,40,14,20,42,0.0032051282051282024
1,40,8,20,43,0.017094017094017123
1,40,119,20,44,-0.017094017094017082
1,40,125,20,45,-0.0032051282051281955
1,40,92,20,46,0.05519943019943017
1,40,86,20,47,-0.014245014245014256
1,40,44,20,48,-0.032051282051282104
1,40,29,20,49,0.07122507122507123
1,40,11,20,50,0.12179487179487182
1,40,26,20,51,0.2421652421652421
1,40,71,20,52,0.32763532763532766
1,40,74,20,53,0.07122507122507121
1,40,62,20,54,-0.0712250712250712
1,40,59,20,55,-0.07122507122507123
1,40,122,20,56,0.09188034188034189
1,40,107,20,57,-0.0712250712250712
1,40,89,20,58,-0.18162393162393153
1,40,104,20,59,-0.07122507122507121
1,46,39,21,0,-0.008547008547008505
1,46,45,21,1,0.2065527065527067
1,46,12,21,2,0.008547008547008569
1,46,6,21,3,0.0071225071225071305
1,46,117,21,4,-0.003205128205128202
1,46,123,21,5,0.0551994301994302
1,46,90,21,6,0.003205128205128213
1,46,84,21,7,-0.0551994301994302
1,46,42,21,8,-0.1210826210826212
1,46,27,21,9,-0.16381766381766388
1,46,9,21,10,0.035612535612535585
1,46,24,21,11,0.03561253561253563
1,46,69,21,12,-0.12179487179487183
1,46,72,21,13,0.03205128205128211
1,46,60,21,14,-0.09188034188034189
1,46,57,21,15,0.18162393162393162
1,46,120,21,16,-0.07122507122507121
1,46,105,21,17,-0.07122507122507125
1,46,87,21,18,0.07122507122507123
1,46,102,21,19,0.07122507122507124
1,46,40,21,20,0.3831908831908832
1,46,46,21,21,0.7678062678062683
1,46,13,21,22,0.44017094017094033
1,46,7,21,23,0.2592592592592592
1,46,118,21,24,0.24145299145299143
1,46,124,21,25,0.3831908831908831
1,46,91,21,26,0.2592592592592593
1,46,85,21,27,0.08618233618233619
1,46,43,21,28,-0.34330484330484345
1,46,28,21,29,-0.849002849002849
1,46,10,21,30,-0.05840455840455839
1,46,25,21,31,-0.40740740740740744
1,46,70,21,32,-0.207977207977208
1,46,73,21,33,-0.3433048433048433
1,46,61,21,34,-0.05840455840455867
1,46,58,21,35,0.09686609686609678
1,46,121,21,36,-0.20797720797720795
1,46,106,21,37,-0.4074074074074075
1,46,88,21,38,0.09686609686609689
1,46,103,21,39,-0.13105413105413102
1,46,41,21,40,-0.05519943019943019
1,46,47,21,41,-0.20655270655270672
1,46,14,21,42,0.008547008547008527
1,46,8,21,43,0.0032051282051282102
1,46,119,21,44,-0.0032051282051282237
1,46,125,21,45,-0.008547008547008558
1,46,92,21,46,-0.007122507122507213
1,46,86,21,47,0.055199430199430195
1,46,44,21,48,-0.03205128205128203
1,46,29,21,49,0.12108262108262106
1,46,11,21,50,0.12179487179487179
1,46,26,21,51,0.07122507122507121
1,46,71,21,52,0.07122507122507121
1,46,74,21,53,0.16381766381766388
1,46,62,21,54,-0.03561253561253552
1,46,59,21,55,-0.07122507122507125
1,46,122,21,56,0.0918803418803419
1,46,107,21,57,-0.03561253561253552
1,46,89,21,58,-0.1816239316239316
1,46,104,21,59,-0.07122507122507123
1,13,39,22,0,-0.007122507122507114
1,13,45,22,1,-0.008547008547008536
1,13,12,22,2,-0.20655270655270663
1,13,6,22,3,0.008547008547008541
1,13,117,22,4,0.0551994301994302
1,13,123,22,5,-0.0032051282051282076
1,13,90,22,6,-0.05519943019943017
1,13,84,22,7,0.003205128205128231
1,13,42,22,8,-0.03561253561253562
1,13,27,22,9,0.16381766381766383
1,13,9,22,10,0.12108262108262112
1,13,24,22,11,-0.03561253561253561
1,13,69,22,12,-0.18162393162393162
1,13,72,22,13,0.09188034188034186
1,13,60,22,14,-0.0320512820512821
1,13,57,22,15,0.12179487179487179
1,13,120,22,16,-0.07122507122507124
1,13,105,22,17,0.07122507122507121
1,13,87,22,18,0.07122507122507118
1,13,102,22,19,-0.07122507122507121
1,13,40,22,20,0.2592592592592593
1,13,46,22,21,0.44017094017094033
1,13,13,22,22,0.7678062678062682
1,13,7,22,23,0.3831908831908832
1,13,118,22,24,0.08618233618233621
1,13,124,22,25,0.2592592592592593
1,13,91,22,26,0.3831908831908832
1,13,85,22,27,0.24145299145299146
1,13,43,22,28,-0.05840455840455849
1,13,28,22,29,-0.849002849002849
1,13,10,22,30,-0.3433048433048433
1,13,25,22,31,-0.40740740740740755
1,13,70,22,32,0.09686609686609673
1,13,73,22,33,-0.058404558404558396
1,13,61,22,34,-0.34330484330484345
1,13,58,22,35,-0.20797720797720798
1,13,121,22,36,0.09686609686609682
1,13,106,22,37,-0.4074074074074073
1,13,88,22,38,-0.20797720797720792
1,13,103,22,39,-0.1310541310541311
1,13,41,22,40,-0.0032051282051282068
1,13,47,22,41,-0.008547008547008584
1,13,14,22,42,0.2065527065527067
1,13,8,22,43,0.05519943019943019
1,13,119,22,44,-0.05519943019943022
1,13,125,22,45,0.007122507122507199
1,13,92,22,46,0.008547008547008557
1,13,86,22,47,0.003205128205128211
1,13,44,22,48,-0.12179487179487178
1,13,29,22,49,-0.12108262108262112
1,13,11,22,50,0.032051282051282055
1,13,26,22,51,-0.07122507122507124
1,13,71,22,52,0.07122507122507124
1,13,74,22,53,0.03561253561253558
1,13,62,22,54,-0.16381766381766388
1,13,59,22,55,-0.07122507122507118
1,13,122,22,56,0.1816239316239316
1,13,107,22,57,0.03561253561253558
1,13,89,22,58,-0.09188034188034186
1,13,104,22,59,0.07122507122507121
1,7,39,23,0,1.5612511283791264e-17
1,7,45,23,1,0.007122507122507172
1,7,12,23,2,-0.00854700854700855
1,7,6,23,3,-2.7755575615628914e-17
1,7,117,23,4,2.47198095326695e-17
1,7,123,23,5,-0.055199430199430195
1,7,90,23,6,-0.003205128205128185
1,7,84,23,7,4.85722573273506e-17
1,7,42,23,8,0.035612535612535585
1,7,27,23,9,0.03561253561253564
1,7,9,23,10,-0.12108262108262104
1,7,24,23,11,5.551115123125783e-17
1,7,69,23,12,-2.7755575615628914e-17
1,7,72,23,13,0.18162393162393164
1,7,60,23,14,-0.12179487179487175
1,7,57,23,15,-2.0816681711721685e-17
1,7,120,23,16,0.07122507122507121
1,7,105,23,17,0.07122507122507124
1,7,87,23,18,-0.0712250712250713
1,7,102,23,19,-1.3877787807814457e-17
1,7,40,23,20,0.8803418803418805
1,7,46,23,21,0.2592592592592592
1,7,13,23,22,0.3831908831908832
1,7,7,23,23,1.535612535612536
1,7,118,23,24,0.5185185185185186
1,7,124,23,25,0.08618233618233621
1,7,91,23,26,0.24145299145299143
1,7,85,23,27,0.7663817663817665
1,7,43,23,28,-0.0584045584045584
1,7,28,23,29,-0.4074074074074074
1,7,10,23,30,-0.34330484330484323
1,7,25,23,31,-1.6980056980056981
1,7,70,23,32,-0.11680911680911693
1,7,73,23,33,0.09686609686609685
1,7,61,23,34,-0.20797720797720798
1,7,58,23,35,-0.6866096866096867
1,7,121,23,36,0.09686609686609678
1,7,106,23,37,-0.131054131054131
1,7,88,23,38,-0.207977207977208
1,7,103,23,39,-0.8148148148148149
1,7,41,23,40,-0.01709401709401706
1,7,47,23,41,-0.003205128205128196
1,7,14,23,42,0.05519943019943018
1,7,8,23,43,0.41310541310541327
1,7,119,23,44,0.01424501424501429
1,7,125,23,45,-0.055199430199430195
1,7,92,23,46,0.003205128205128199
1,7,86,23,47,0.017094017094017123
1,7,44,23,48,-0.12179487179487185
1,7,29,23,49,-0.07122507122507127
1,7,11,23,50,0.03205128205128209
1,7,26,23,51,-0.2421652421652422
1,7,71,23,52,0.07122507122507123
1,7,74,23,53,0.0712250712250712
1,7,62,23,54,-0.0712250712250712
1,7,59,23,55,-0.32763532763532754
1,7,122,23,56,0.1816239316239316
1,7,107,23,57,0.07122507122507123
1,7,89,23,58,-0.09188034188034189
1,7,104,23,59,0.07122507122507116
1,118,39,24,0,1.3877787807814457e-17
1,118,45,24,1,0.0032051282051281994
1,118,12,24,2,0.05519943019943021
1,118,6,24,3,1.5178830414797062e-17
1,118,117,24,4,5.551115123125783e-17
1,118,123,24,5,0.008547008547008537
1,118,90,24,6,-0.007122507122507138
1,118,84,24,7,2.7755575615628914e-17
1,118,42,24,8,0.07122507122507121
1,118,27,24,9,-0.07122507122507121
1,118,9,24,10,-0.07122507122507121
1,118,24,24,11,-1.3877787807814457e-17
1,118,69,24,12,-1.3877787807814457e-17
1,118,72,24,13,0.12179487179487182
1,118,60,24,14,-0.1816239316239316
1,118,57,24,15,-1.3877787807814457e-17
1,118,120,24,16,0.1210826210826211
1,118,105,24,17,-0.03561253561253562
1,118,87,24,18,-0.03561253561253559
1,118,102,24,19,-5.551115123125783e-17
1,118,40,24,20,0.7663817663817665
1,118,46,24,21,0.24145299145299143
1,118,13,24,22,0.08618233618233621
1,118,7,24,23,0.5185185185185186
1,118,118,24,24,1.535612535612536
1,118,124,24,25,0.3831908831908831
1,118,91,24,26,0.2592592592592593
1,118,85,24,27,0.8803418803418805
1,118,43,24,28,-0.20797720797720792
1,118,28,24,29,-0.13105413105413102
1,118,10,24,30,0.09686609686609679
1,118,25,24,31,-0.8148148148148149
1,118,70,24,32,-0.6866096866096867
1,118,73,24,33,-0.20797720797720792
1,118,61,24,34,0.09686609686609675
1,118,58,24,35,-0.11680911680911696
1,118,121,24,36,-0.34330484330484323
1,118,106,24,37,-0.4074074074074074
1,118,88,24,38,-0.05840455840455847
1,118,103,24,39,-1.6980056980056983
1,118,41,24,40,0.01709401709401708
1,118,47,24,41,0.0032051282051281833
1,118,14,24,42,-0.0551994301994302
1,118,8,24,43,0.014245014245014306
1,118,119,24,44,0.41310541310541327
1,118,125,24,45,0.0551994301994302
1,118,92,24,46,-0.003205128205128187
1,118,86,24,47,-0.01709401709401704
1,118,44,24,48,-0.0918803418803419
1,118,29,24,49,0.07122507122507121
1,118,11,24,50,0.18162393162393162
1,118,26,24,51,0.07122507122507124
1,118,71,24,52,-0.3276353276353277
1,118,74,24,53,-0.0712250712250712
1,118,62,24,54,0.07122507122507124
1,118,59,24,55,0.07122507122507117
1,118,122,24,56,0.032051282051282104
1,118,107,24,57,-0.07122507122507125
1,118,89,24,58,-0.1217948717948718
1,118,104,24,59,-0.24216524216524227
1,124,39,25,0,-0.003205128205128204
1,124,45,25,1,0.0551994301994302
1,124,12,25,2,0.0032051282051282068
1,124,6,25,3,-0.0551994301994302
1,124,117,25,4,-0.008547008547008544
1,124,123,25,5,0.2065527065527067
1,124,90,25,6,0.008547008547008565
1,124,84,25,7,0.007122507122507164
1,124,42,25,8,-0.07122507122507123
1,124,27,25,9,-0.07122507122507121
1,124,9,25,10,0.0712250712250712
1,124,24,25,11,0.07122507122507123
1,124,69,25,12,-0.12179487179487183
1,124,72,25,13,0.03205128205128208
1,124,60,25,14,-0.09188034188034187
1,124,57,25,15,0.18162393162393156
1,124,120,25,16,-0.12108262108262113
1,124,105,25,17,-0.16381766381766388
1,124,87,25,18,0.03561253561253558
1,124,102,25,19,0.035612535612535585
1,124,40,25,20,0.2414529914529914
1,124,46,25,21,0.3831908831908831
1,124,13,25,22,0.2592592592592593
1,124,7,25,23,0.08618233618233621
1,124,118,25,24,0.3831908831908831
1,124,124,25,25,0.767806267806268
1,124,91,25,26,0.4401709401709402
1,124,85,25,27,0.25925925925925924
1,124,43,25,28,-0.20797720797720798
1,124,28,25,29,-0.40740740740740744
1,124,10,25,30,0.09686609686609685
1,124,25,25,31,-0.13105413105413105
1,124,70,25,32,-0.20797720797720798
1,124,73,25,33,-0.34330484330484323
1,124,61,25,34,-0.05840455840455871
1,124,58,25,35,0.09686609686609679
1,124,121,25,36,-0.34330484330484334
1,124,106,25,37,-0.849002849002849
1,124,88,25,38,-0.058404558404558424
1,124,103,25,39,-0.40740740740740744
1,124,41,25,40,0.003205128205128232
1,124,47,25,41,0.008547008547008548
1,124,14,25,42,0.007122507122507185
1,124,8,25,43,-0.05519943019943018
1,124,119,25,44,0.0551994301994302
1,124,125,25,45,0.20655270655270666
1,124,92,25,46,-0.008547008547008527
1,124,86,25,47,-0.0032051282051282102
1,124,44,25,48,-0.09188034188034189
1,124,29,25,49,0.035612535612535544
1,124,11,25,50,0.1816239316239316
1,124,26,25,51,0.0712250712250712
1,124,71,25,52,-0.07122507122507125
1,124,74,25,53,-0.16381766381766388
1,124,62,25,54,0.035612535612535516
1,124,59,25,55,0.07122507122507118
1,124,122,25,56,0.032051282051282076
1,124,107,25,57,-0.12108262108262109
1,124,89,25,58,-0.12179487179487172
1,124,104,25,59,-0.07122507122507121
1,91,39,26,0,0.05519943019943021
1,91,45,26,1,-0.003205128205128209
1,91,12,26,2,-0.05519943019943017
1,91,6,26,3,0.0032051282051282232
1,91,117,26,4,-0.007122507122507142
1,91,123,26,5,-0.008547008547008537
1,91,90,26,6,-0.2065527065527066
1,91,84,26,7,0.008547008547008583
1,91,42,26,8,-0.07122507122507123
1,91,27,26,9,0.07122507122507123
1,91,9,26,10,0.07122507122507117
1,91,24,26,11,-0.07122507122507123
1,91,69,26,12,-0.18162393162393156
1,91,72,26,13,0.09188034188034187
1,91,60,26,14,-0.032051282051282055
1,91,57,26,15,0.1217948717948718
1,91,120,26,16,-0.035612535612535606
1,91,105,26,17,0.16381766381766386
1,91,87,26,18,0.12108262108262108
1,91,102,26,19,-0.03561253561253561
1,91,40,26,20,0.08618233618233623
1,91,46,26,21,0.2592592592592593
1,91,13,26,22,0.3831908831908832
1,91,7,26,23,0.24145299145299143
1,91,118,26,24,0.2592592592592593
1,91,124,26,25,0.4401709401709402
1,91,91,26,26,0.767806267806268
1,91,85,26,27,0.3831908831908832
1,91,43,26,28,0.09686609686609678
1,91,28,26,29,-0.40740740740740744
1,91,10,26,30,-0.207977207977208
1,91,25,26,31,-0.13105413105413105
1,91,70,26,32,0.09686609686609672
1,91,73,26,33,-0.05840455840455843
1,91,61,26,34,-0.34330484330484345
1,91,58,26,35,-0.207977207977208
1,91,121,26,36,-0.058404558404558486
1,91,106,26,37,-0.849002849002849
1,91,88,26,38,-0.3433048433048433
1,91,103,26,39,-0.40740740740740755
1,91,41,26,40,0.05519943019943019
1,91,47,26,41,-0.007122507122507209
1,91,14,26,42,-0.008547008547008572
1,91,8,26,43,-0.0032051282051282293
1,91,119,26,44,0.003205128205128218
1,91,125,26,45,0.008547008547008558
1,91,92,26,46,-0.20655270655270672
1,91,86,26,47,-0.05519943019943021
1,91,44,26,48,-0.18162393162393156
1,91,29,26,49,-0.03561253561253559
1,91,11,26,50,0.09188034188034185
1,91,26,26,51,-0.07122507122507123
1,91,71,26,52,-0.07122507122507121
1,91,74,26,53,-0.035612535612535565
1,91,62,26,54,0.163817663817664
1,91,59,26,55,0.07122507122507127
1,91,122,26,56,0.12179487179487178
1,91,107,26,57,0.12108262108262106
1,91,89,26,58,-0.03205128205128205
1,91,104,26,59,0.07122507122507118
1,85,39,27,0,9.107298248878237e-18
1,85,45,27,1,-0.055199430199430195
1,85,12,27,2,-0.003205128205128178
1,85,6,27,3,4.163336342344337e-17
1,85,117,27,4,2.2551405187698492e-17
1,85,123,27,5,0.0071225071225071625
1,85,90,27,6,-0.008547008547008513
1,85,84,27,7,5.551115123125783e-17
1,85,42,27,8,0.0712250712250712
1,85,27,27,9,0.07122507122507123
1,85,9,27,10,-0.07122507122507131
1,85,24,27,11,1.3877787807814457e-17
1,85,69,27,12,-1.3877787807814457e-17
1,85,72,27,13,0.18162393162393162
1,85,60,27,14,-0.12179487179487176
1,85,57,27,15,-2.0816681711721685e-17
1,85,120,27,16,0.035612535612535585
1,85,105,27,17,0.03561253561253562
1,85,87,27,18,-0.12108262108262119
1,85,102,27,19,-5.551115123125783e-17
1,85,40,27,20,0.5185185185185186
1,85,46,27,21,0.08618233618233619
1,85,13,27,22,0.24145299145299146
1,85,7,27,23,0.7663817663817665
1,85,118,27,24,0.8803418803418805
1,85,124,27,25,0.25925925925925924
1,85,91,27,26,0.3831908831908832
1,85,85,27,27,1.535612535612536
1,85,43,27,28,0.09686609686609679
1,85,28,27,29,-0.13105413105413097
1,85,10,27,30,-0.20797720797720803
1,85,25,27,31,-0.8148148148148149
1,85,70,27,32,-0.11680911680911693
1,85,73,27,33,0.09686609686609687
1,85,61,27,34,-0.20797720797720803
1,85,58,27,35,-0.6866096866096867
1,85,121,27,36,-0.05840455840455841
1,85,106,27,37,-0.4074074074074074
1,85,88,27,38,-0.3433048433048434
1,85,103,27,39,-1.6980056980056983
1,85,41,27,40,-0.014245014245014231
1,85,47,27,41,0.055199430199430195
1,85,14,27,42,-0.0032051282051281924
1,85,8,27,43,-0.017094017094017058
1,85,119,27,44,0.01709401709401715
1,85,125,27,45,0.0032051282051282024
1,85,92,27,46,-0.05519943019943018
1,85,86,27,47,-0.4131054131054132
1,85,44,27,48,-0.18162393162393162
1,85,29,27,49,-0.07122507122507124
1,85,11,27,50,0.09188034188034185
1,85,26,27,51,-0.07122507122507127
1,85,71,27,52,-0.0712250712250713
1,85,74,27,53,-0.07122507122507124
1,85,62,27,54,0.0712250712250712
1,85,59,27,55,0.3276353276353277
1,85,122,27,56,0.12179487179487185
1,85,107,27,57,0.07122507122507123
1,85,89,27,58,-0.03205128205128204
1,85,104,27,59,0.2421652421652421
1,43,39,28,0,0.16381766381766372
1,43,45,28,1,-0.16381766381766394
1,43,12,28,2,-0.03561253561253564
1,43,6,28,3,0.035612535612535606
1,43,117,28,4,0.0712250712250712
1,43,123,28,5,-0.07122507122507123
1,43,90,28,6,-0.07122507122507123
1,43,84,28,7,0.07122507122507121
1,43,42,28,8,2.329950468671349e-16
1,43,27,28,9,0.28490028490028496
1,43,9,28,10,2.087089182034596e-17
1,43,24,28,11,-0.284900284900285
1,43,69,28,12,0.04273504273504282
1,43,72,28,13,-0.042735042735042805
1,43,60,28,14,0.21367521367521367
1,43,57,28,15,-0.2136752136752137
1,43,120,28,16,5.204170427930421e-18
1,43,105,28,17,0.14245014245014248
1,43,87,28,18,1.5612511283791264e-17
1,43,102,28,19,-0.14245014245014245
1,43,40,28,20,-0.3433048433048432
1,43,46,28,21,-0.34330484330484345
1,43,13,28,22,-0.05840455840455849
1,43,7,28,23,-0.0584045584045584
1,43,118,28,24,-0.20797720797720792
1,43,124,28,25,-0.20797720797720798
1,43,91,28,26,0.09686609686609678
1,43,85,28,27,0.09686609686609679
1,43,43,28,28,1.0712250712250713
1,43,28,28,29,0.08547008547008574
1,43,10,28,30,-0.1823361823361823
1,43,25,28,31,0.08547008547008537
1,43,70,28,32,0.29914529914529897
1,43,73,28,33,0.29914529914529897
1,43,61,28,34,-0.29914529914529886
1,43,58,28,35,-0.2991452991452989
1,43,121,28,36,0.33048433048433024
1,43,106,28,37,-0.08547008547008543
1,43,88,28,38,-0.1937321937321936
1,43,103,28,39,-0.08547008547008537
1,43,41,28,40,-0.03205128205128209
1,43,47,28,41,-0.032051282051282
1,43,14,28,42,-0.09188034188034185
1,43,8,28,43,-0.0918803418803419
1,43,119,28,44,-0.12179487179487183
1,43,125,28,45,-0.12179487179487182
1,43,92,28,46,-0.18162393162393162
1,43,86,28,47,-0.1816239316239316
1,43,44,28,48,-0.2564102564102563
1,43,29,28,49,-0.04273504273504276
1,43,11,28,50,-0.05128205128205127
1,43,26,28,51,-0.04273504273504267
1,43,71,28,52,0.04273504273504287
1,43,74,28,53,0.042735042735042666
1,43,62,28,54,0.21367521367521364
1,43,59,28,55,0.21367521367521367
1,43,122,28,56,0.05128205128205126
1,43,107,28,57,0.21367521367521358
1,43,89,28,58,0.2564102564102563
1,43,104,28,59,0.21367521367521364
1,28,39,29,0,-0.03561253561253561
1,28,45,29,1,-0.12108262108262113
1,28,12,29,2,0.12108262108262109
1,28,6,29,3,0.03561253561253562
1,28,117,29,4,-0.0712250712250712
1,28,123,29,5,-0.07122507122507121
1,28,90,29,6,0.07122507122507123
1,28,84,29,7,0.07122507122507121
1,28,42,29,8,0.28490028490028485
1,28,27,29,9,3.664603343001005e-17
1,28,9,29,10,-0.2849002849002848
1,28,24,29,11,-4.933119884809045e-18
1,28,69,29,12,0.21367521367521367
1,28,72,29,13,0.04273504273504271
1,28,60,29,14,-0.04273504273504269
1,28,57,29,15,-0.21367521367521364
1,28,120,29,16,0.14245014245014243
1,28,105,29,17,1.9081958235744878e-17
1,28,87,29,18,-0.1424501424501425
1,28,102,29,19,-4.553649124439119e-18
1,28,40,29,20,-0.40740740740740744
1,28,46,29,21,-0.849002849002849
1,28,13,29,22,-0.849002849002849
1,28,7,29,23,-0.4074074074074074
1,28,118,29,24,-0.13105413105413102
1,28,124,29,25,-0.40740740740740744
1,28,91,29,26,-0.40740740740740744
1,28,85,29,27,-0.13105413105413097
1,28,43,29,28,0.08547008547008574
1,28,28,29,29,1.8689458689458687
1,28,10,29,30,0.08547008547008557
1,28,25,29,31,0.7293447293447293
1,28,70,29,32,-0.08547008547008542
1,28,73,29,33,0.08547008547008526
1,28,61,29,34,0.0854700854700857
1,28,58,29,35,-0.08547008547008546
1,28,121,29,36,-0.08547008547008544
1,28,106,29,37,0.7293447293447294
1,28,88,29,38,-0.08547008547008557
1,28,103,29,39,0.2621082621082621
1,28,41,29,40,0.07122507122507123
1,28,47,29,41,0.16381766381766383
1,28,14,29,42,-0.16381766381766383
1,28,8,29,43,-0.07122507122507121
1,28,119,29,44,0.07122507122507124
1,28,125,29,45,0.035612535612535565
1,28,92,29,46,-0.03561253561253554
1,28,86,29,47,-0.07122507122507124
1,28,44,29,48,0.04273504273504267
1,28,29,29,49,1.0234868508263162e-16
1,28,11,29,50,-0.04273504273504266
1,28,26,29,51,2.8189256484623115e-17
1,28,71,29,52,-0.14245014245014248
1,28,74,29,53,-0.2849002849002849
1,28,62,29,54,0.2849002849002849
1,28,59,29,55,0.14245014245014243
1,28,122,29,56,-0.21367521367521367
1,28,107,29,57,0.0
1,28,89,29,58,0.21367521367521367
1,28,104,29,59,6.071532165918825e-18
1,10,39,30,0,-0.035612535612535655
1,10,45,30,1,0.0356125356125356
1,10,12,30,2,0.16381766381766383
1,10,6,30,3,-0.1638176638176638
1,10,117,30,4,-0.07122507122507121
1,10,123,30,5,0.07122507122507121
1,10,90,30,6,0.07122507122507117
1,10,84,30,7,-0.07122507122507127
1,10,42,30,8,3.1929753979698106e-17
1,10,27,30,9,-0.284900284900285
1,10,9,30,10,-7.879439288538403e-17
1,10,24,30,11,0.2849002849002851
1,10,69,30,12,0.2136752136752137
1,10,72,30,13,-0.21367521367521364
1,10,60,30,14,0.04273504273504272
1,10,57,30,15,-0.04273504273504272
1,10,120,30,16,1.5395670849294163e-17
1,10,105,30,17,-0.14245014245014245
1,10,87,30,18,1.347663300399482e-16
1,10,102,30,19,0.1424501424501424
1,10,40,30,20,-0.05840455840455837
1,10,46,30,21,-0.05840455840455839
1,10,13,30,22,-0.3433048433048433
1,10,7,30,23,-0.34330484330484323
1,10,118,30,24,0.09686609686609679
1,10,124,30,25,0.09686609686609685
1,10,91,30,26,-0.207977207977208
1,10,85,30,27,-0.20797720797720803
1,10,43,30,28,-0.1823361823361823
1,10,28,30,29,0.08547008547008557
1,10,10,30,30,1.0712250712250715
1,10,25,30,31,0.08547008547008524
1,10,70,30,32,-0.2991452991452989
1,10,73,30,33,-0.29914529914529914
1,10,61,30,34,0.29914529914529914
1,10,58,30,35,0.299145299145299
1,10,121,30,36,-0.1937321937321936
1,10,106,30,37,-0.08547008547008556
1,10,88,30,38,0.33048433048433046
1,10,103,30,39,-0.08547008547008536
1,10,41,30,40,0.0918803418803419
1,10,47,30,41,0.09188034188034186
1,10,14,30,42,0.0320512820512821
1,10,8,30,43,0.03205128205128211
1,10,119,30,44,0.18162393162393164
1,10,125,30,45,0.18162393162393162
1,10,92,30,46,0.12179487179487179
1,10,86,30,47,0.12179487179487186
1,10,44,30,48,0.051282051282051246
1,10,29,30,49,0.04273504273504278
1,10,11,30,50,0.2564102564102564
1,10,26,30,51,0.04273504273504271
1,10,71,30,52,-0.2136752136752137
1,10,74,30,53,-0.21367521367521367
1,10,62,30,54,-0.042735042735042646
1,10,59,30,55,-0.04273504273504285
1,10,122,30,56,-0.2564102564102564
1,10,107,30,57,-0.21367521367521367
1,10,89,30,58,-0.051282051282051266
1,10,104,30,59,-0.21367521367521367
1,25,39,31,0,-1.3877787807814457e-17
1,25,45,31,1,0.03561253561253559
1,25,12,31,2,-0.03561253561253558
1,25,6,31,3,-2.7755575615628914e-17
1,25,117,31,4,0.0
1,25,123,31,5,0.07122507122507121
1,25,90,31,6,-0.07122507122507121
1,25,84,31,7,0.0
1,25,42,31,8,-0.2849002849002848
1,25,27,31,9,1.8973538018496328e-18
1,25,9,31,10,0.28490028490028474
1,25,24,31,11,-1.1289255121005315e-17
1,25,69,31,12,-1.3877787807814457e-17
1,25,72,31,13,-0.2136752136752137
1,25,60,31,14,0.2136752136752136
1,25,57,31,15,2.7755575615628914e-17
1,25,120,31,16,-0.14245014245014243
1,25,105,31,17,-2.6020852139652106e-18
1,25,87,31,18,0.1424501424501425
1,25,102,31,19,1.4094628242311558e-17
1,25,40,31,20,-1.698005698005698
1,25,46,31,21,-0.40740740740740744
1,25,13,31,22,-0.40740740740740755
1,25,7,31,23,-1.6980056980056981
1,25,118,31,24,-0.8148148148148149
1,25,124,31,25,-0.13105413105413105
1,25,91,31,26,-0.13105413105413105
1,25,85,31,27,-0.8148148148148149
1,25,43,31,28,0.08547008547008537
1,25,28,31,29,0.7293447293447293
1,25,10,31,30,0.08547008547008524
1,25,25,31,31,3.737891737891738
1,25,70,31,32,0.17094017094017086
1,25,73,31,33,-0.08547008547008546
1,25,61,31,34,-0.08547008547008547
1,25,58,31,35,0.17094017094017078
1,25,121,31,36,-0.0854700854700854
1,25,106,31,37,0.2621082621082621
1,25,88,31,38,-0.0854700854700854
1,25,103,31,39,1.4586894586894588
1,25,41,31,40,0.32763532763532754
1,25,47,31,41,0.07122507122507121
1,25,14,31,42,-0.07122507122507125
1,25,8,31,43,-0.32763532763532766
1,25,119,31,44,0.0712250712250712
1,25,125,31,45,0.0712250712250712
1,25,92,31,46,-0.07122507122507121
1,25,86,31,47,-0.07122507122507124
1,25,44,31,48,0.04273504273504281
1,25,29,31,49,2.5912431922403556e-17
1,25,11,31,50,-0.04273504273504278
1,25,26,31,51,-7.508100044462118e-18
1,25,71,31,52,-0.5698005698005699
1,25,74,31,53,-0.14245014245014243
1,25,62,31,54,0.14245014245014245
1,25,59,31,55,0.5698005698005699
1,25,122,31,56,-0.21367521367521367
1,25,107,31,57,-1.0842021724855044e-18
1,25,89,31,58,0.2136752136752136
1,25,104,31,59,2.2822455730819868e-17
1,70,39,32,0,-2.7755575615628914e-17
1,70,45,32,1,-0.09188034188034191
1,70,12,32,2,-0.18162393162393162
1,70,6,32,3,0.0
1,70,117,32,4,-2.0816681711721685e-17
1,70,123,32,5,-0.09188034188034193
1,70,90,32,6,-0.1816239316239316
1,70,84,32,7,0.0
1,70,42,32,8,-0.042735042735042646
1,70,27,32,9,0.21367521367521367
1,70,9,32,10,0.21367521367521367
1,70,24,32,11,6.938893903907228e-18
1,70,69,32,12,0.0
1,70,72,32,13,-0.051282051282051266
1,70,60,32,14,0.25641025641025633
1,70,57,32,15,3.469446951953614e-17
1,70,120,32,16,-0.04273504273504265
1,70,105,32,17,0.21367521367521364
1,70,87,32,18,0.21367521367521364
1,70,102,32,19,2.0816681711721685e-17
1,70,40,32,20,-0.6866096866096866
1,70,46,32,21,-0.207977207977208
1,70,13,32,22,0.09686609686609673
1,70,7,32,23,-0.11680911680911693
1,70,118,32,24,-0.6866096866096867
1,70,124,32,25,-0.20797720797720798
1,70,91,32,26,0.09686609686609672
1,70,85,32,27,-0.11680911680911693
1,70,43,32,28,0.29914529914529897
1,70,28,32,29,-0.08547008547008542
1,70,10,32,30,-0.2991452991452989
1,70,25,32,31,0.17094017094017086
1,70,70,32,32,2.1424501424501425
1,70,73,32,33,0.33048433048433046
1,70,61,32,34,-0.19373219373219353
1,70,58,32,35,-0.3646723646723645
1,70,121,32,36,0.299145299145299
1,70,106,32,37,-0.08547008547008533
1,70,88,32,38,-0.29914529914529897
1,70,103,32,39,0.17094017094017092
1,70,41,32,40,0.24216524216524216
1,70,47,32,41,0.07122507122507121
1,70,14,32,42,0.07122507122507121
1,70,8,32,43,0.0712250712250712
1,70,119,32,44,-0.2421652421652422
1,70,125,32,45,-0.07122507122507124
1,70,92,32,46,-0.0712250712250712
1,70,86,32,47,-0.07122507122507124
1,70,44,32,48,-0.042735042735042625
1,70,29,32,49,-0.14245014245014248
1,70,11,32,50,-0.21367521367521367
1,70,26,32,51,-0.5698005698005697
1,70,71,32,52,7.546047120499111e-17
1,70,74,32,53,1.734723475976807e-18
1,70,62,32,54,-1.929879867024198e-17
1,70,59,32,55,8.782037597132586e-18
1,70,122,32,56,0.042735042735042666
1,70,107,32,57,0.1424501424501424
1,70,89,32,58,0.21367521367521358
1,70,104,32,59,0.5698005698005699
1,73,39,33,0,0.0918803418803419
1,73,45,33,1,0.0320512820512821
1,73,12,33,2,0.1217948717948718
1,73,6,33,3,0.18162393162393164
1,73,117,33,4,0.0918803418803419
1,73,123,33,5,0.0320512820512821
1,73,90,33,6,0.12179487179487179
1,73,84,33,7,0.18162393162393162
1,73,42,33,8,0.04273504273504266
1,73,27,33,9,-0.04273504273504275
1,73,9,33,10,-0.2136752136752137
1,73,24,33,11,-0.21367521367521364
1,73,69,33,12,0.05128205128205127
1,73,72,33,13,0.2564102564102564
1,73,60,33,14,-0.05128205128205126
1,73,57,33,15,-0.25641025641025633
1,73,120,33,16,0.042735042735042646
1,73,105,33,17,-0.042735042735042694
1,73,87,33,18,-0.21367521367521364
1,73,102,33,19,-0.21367521367521364
1,73,40,33,20,-0.20797720797720787
1,73,46,33,21,-0.3433048433048433
1,73,13,33,22,-0.058404558404558396
1,73,7,33,23,0.09686609686609685
1,73,118,33,24,-0.20797720797720792
1,73,124,33,25,-0.34330484330484323
1,73,91,33,26,-0.05840455840455843
1,73,85,33,27,0.09686609686609687
1,73,43,33,28,0.29914529914529897
1,73,28,33,29,0.08547008547008526
1,73,10,33,30,-0.29914529914529914
1,73,25,33,31,-0.08547008547008546
1,73,70,33,32,0.33048433048433046
1,73,73,33,33,1.071225071225071
1,73,61,33,34,-0.18233618233618207
1,73,58,33,35,-0.19373219373219366
1,73,121,33,36,0.2991452991452992
1,73,106,33,37,0.08547008547008525
1,73,88,33,38,-0.29914529914529925
1,73,103,33,39,-0.08547008547008547
1,73,41,33,40,0.07122507122507121
1,73,47,33,41,0.12108262108262113
1,73,14,33,42,0.035612535612535585
1,73,8,33,43,0.07122507122507117
1,73,119,33,44,-0.0712250712250712
1,73,125,33,45,-0.12108262108262108
1,73,92,33,46,-0.035612535612535565
1,73,86,33,47,-0.07122507122507121
1,73,44,33,48,-0.04273504273504278
1,73,29,33,49,-0.28490028490028485
1,73,11,33,50,-0.21367521367521364
1,73,26,33,51,-0.14245014245014245
1,73,71,33,52,-2.6020852139652106e-18
1,73,74,33,53,-2.7755575615628914e-17
1,73,62,33,54,-2.7755575615628914e-17
1,73,59,33,55,6.288372600415926e-18
1,73,122,33,56,0.04273504273504272
1,73,107,33,57,0.28490028490028496
1,73,89,33,58,0.21367521367521364
1,73,104,33,59,0.14245014245014248
1,61,39,34,0,-0.18162393162393162
1,61,45,34,1,-0.12179487179487178
1,61,12,34,2,-0.03205128205128209
1,61,6,34,3,-0.09188034188034183
1,61,117,34,4,-0.1816239316239316
1,61,123,34,5,-0.1217948717948718
1,61,90,34,6,-0.032051282051282055
1,61,84,34,7,-0.09188034188034185
1,61,42,34,8,0.2136752136752136
1,61,27,34,9,0.04273504273504276
1,61,9,34,10,-0.04273504273504276
1,61,24,34,11,0.21367521367521364
1,61,69,34,12,0.2564102564102563
1,61,72,34,13,0.05128205128205129
1,61,60,34,14,-0.2564102564102564
1,61,57,34,15,-0.051282051282051336
1,61,120,34,16,0.21367521367521364
1,61,105,34,17,0.04273504273504278
1,61,87,34,18,-0.04273504273504276
1,61,102,34,19,0.2136752136752136
1,61,40,34,20,0.09686609686609676
1,61,46,34,21,-0.05840455840455867
1,61,13,34,22,-0.34330484330484345
1,61,7,34,23,-0.20797720797720798
1,61,118,34,24,0.09686609686609675
1,61,124,34,25,-0.05840455840455871
1,61,91,34,26,-0.34330484330484345
1,61,85,34,27,-0.20797720797720803
1,61,43,34,28,-0.29914529914529886
1,61,28,34,29,0.0854700854700857
1,61,10,34,30,0.29914529914529914
1,61,25,34,31,-0.08547008547008547
1,61,70,34,32,-0.19373219373219353
1,61,73,34,33,-0.18233618233618207
1,61,61,34,34,1.071225071225071
1,61,58,34,35,0.33048433048433046
1,61,121,34,36,-0.299145299145299
1,61,106,34,37,0.08547008547008578
1,61,88,34,38,0.2991452991452992
1,61,103,34,39,-0.08547008547008535
1,61,41,34,40,-0.07122507122507118
1,61,47,34,41,-0.03561253561253552
1,61,14,34,42,-0.12108262108262113
1,61,8,34,43,-0.0712250712250712
1,61,119,34,44,0.07122507122507123
1,61,125,34,45,0.035612535612535544
1,61,92,34,46,0.12108262108262119
1,61,86,34,47,0.0712250712250712
1,61,44,34,48,0.2136752136752136
1,61,29,34,49,0.2849002849002847
1,61,11,34,50,0.042735042735042736
1,61,26,34,51,0.14245014245014248
1,61,71,34,52,-1.6479873021779667e-17
1,61,74,34,53,-6.938893903907228e-18
1,61,62,34,54,-7.112366251504909e-17
1,61,59,34,55,-2.8297676701871666e-17
1,61,122,34,56,-0.21367521367521364
1,61,107,34,57,-0.2849002849002848
1,61,89,34,58,-0.04273504273504265
1,61,104,34,59,-0.14245014245014243
1,58,39,35,0,-1.3877787807814457e-17
1,58,45,35,1,0.18162393162393162
1,58,12,35,2,0.09188034188034189
1,58,6,35,3,-4.163336342344337e-17
1,58,117,35,4,-2.7755575615628914e-17
1,58,123,35,5,0.18162393162393162
1,58,90,35,6,0.09188034188034191
1,58,84,35,7,-2.0816681711721685e-17
1,58,42,35,8,-0.21367521367521364
1,58,27,35,9,-0.21367521367521367
1,58,9,35,10,0.042735042735042736
1,58,24,35,11,3.469446951953614e-17
1,58,69,35,12,2.7755575615628914e-17
1,58,72,35,13,-0.25641025641025633
1,58,60,35,14,0.051282051282051204
1,58,57,35,15,5.551115123125783e-17
1,58,120,35,16,-0.21367521367521364
1,58,105,35,17,-0.21367521367521364
1,58,87,35,18,0.04273504273504272
1,58,102,35,19,1.0408340855860843e-16
1,58,40,35,20,-0.11680911680911685
1,58,46,35,21,0.09686609686609678
1,58,13,35,22,-0.20797720797720798
1,58,7,35,23,-0.6866096866096867
1,58,118,35,24,-0.11680911680911696
1,58,124,35,25,0.09686609686609679
1,58,91,35,26,-0.207977207977208
1,58,85,35,27,-0.6866096866096867
1,58,43,35,28,-0.2991452991452989
1,58,28,35,29,-0.08547008547008546
1,58,10,35,30,0.299145299145299
1,58,25,35,31,0.17094017094017078
1,58,70,35,32,-0.3646723646723645
1,58,73,35,33,-0.19373219373219366
1,58,61,35,34,0.33048433048433046
1,58,58,35,35,2.1424501424501425
1,58,121,35,36,-0.299145299145299
1,58,106,35,37,-0.08547008547008543
1,58,88,35,38,0.299145299145299
1,58,103,35,39,0.170940170940171
1,58,41,35,40,-0.07122507122507121
1,58,47,35,41,-0.07122507122507123
1,58,14,35,42,-0.07122507122507118
1,58,8,35,43,-0.2421652421652421
1,58,119,35,44,0.07122507122507121
1,58,125,35,45,0.07122507122507118
1,58,92,35,46,0.07122507122507124
1,58,86,35,47,0.24216524216524227
1,58,44,35,48,0.21367521367521372
1,58,29,35,49,0.14245014245014248
1,58,11,35,50,0.042735042735042604
1,58,26,35,51,0.5698005698005697
1,58,71,35,52,2.3852447794681098e-18
1,58,74,35,53,1.431146867680866e-17
1,58,62,35,54,-3.599551212651875e-17
1,58,59,35,55,-1.6753634070332257e-16
1,58,122,35,56,-0.2136752136752136
1,58,107,35,57,-0.1424501424501424
1,58,89,35,58,-0.04273504273504273
1,58,104,35,59,-0.5698005698005697
1,121,39,36,0,0.07122507122507118
1,121,45,36,1,-0.07122507122507123
1,121,12,36,2,-0.07122507122507124
1,121,6,36,3,0.07122507122507123
1,121,117,36,4,0.16381766381766386
1,121,123,36,5,-0.16381766381766388
1,121,90,36,6,-0.03561253561253562
1,121,84,36,7,0.035612535612535585
1,121,42,36,8,5.204170427930421e-18
1,121,27,36,9,0.14245014245014248
1,121,9,36,10,1.5178830414797062e-17
1,121,24,36,11,-0.14245014245014245
1,121,69,36,12,0.04273504273504281
1,121,72,36,13,-0.04273504273504281
1,121,60,36,14,0.2136752136752136
1,121,57,36,15,-0.21367521367521364
1,121,120,36,16,0.0
1,121,105,36,17,0.28490028490028496
1,121,87,36,18,1.734723475976807e-17
1,121,102,36,19,-0.2849002849002849
1,121,40,36,20,-0.20797720797720792
1,121,46,36,21,-0.20797720797720795
1,121,13,36,22,0.09686609686609682
1,121,7,36,23,0.09686609686609678
1,121,118,36,24,-0.34330484330484323
1,121,124,36,25,-0.34330484330484334
1,121,91,36,26,-0.058404558404558486
1,121,85,36,27,-0.05840455840455841
1,121,43,36,28,0.33048433048433024
1,121,28,36,29,-0.08547008547008544
1,121,10,36,30,-0.1937321937321936
1,121,25,36,31,-0.0854700854700854
1,121,70,36,32,0.299145299145299
1,121,73,36,33,0.2991452991452992
1,121,61,36,34,-0.299145299145299
1,121,58,36,35,-0.299145299145299
1,121,121,36,36,1.071225071225071
1,121,106,36,37,0.0854700854700855
1,121,88,36,38,-0.1823361823361823
1,121,103,36,39,0.08547008547008536
1,121,41,36,40,0.12179487179487178
1,121,47,36,41,0.12179487179487179
1,121,14,36,42,0.1816239316239316
1,121,8,36,43,0.18162393162393162
1,121,119,36,44,0.032051282051282076
1,121,125,36,45,0.032051282051282076
1,121,92,36,46,0.09188034188034191
1,121,86,36,47,0.09188034188034191
1,121,44,36,48,-0.051282051282051246
1,121,29,36,49,-0.2136752136752137
1,121,11,36,50,-0.2564102564102563
1,121,26,36,51,-0.21367521367521364
1,121,71,36,52,-0.04273504273504275
1,121,74,36,53,-0.042735042735042764
1,121,62,36,54,-0.21367521367521367
1,121,59,36,55,-0.2136752136752136
1,121,122,36,56,0.25641025641025633
1,121,107,36,57,0.04273504273504269
1,121,89,36,58,0.05128205128205123
1,121,104,36,59,0.042735042735042646
1,106,39,37,0,-0.07122507122507123
1,106,45,37,1,-0.07122507122507124
1,106,12,37,2,0.07122507122507123
1,106,6,37,3,0.07122507122507121
1,106,117,37,4,-0.03561253561253562
1,106,123,37,5,-0.12108262108262113
1,106,90,37,6,0.12108262108262108
1,106,84,37,7,0.03561253561253562
1,106,42,37,8,0.14245014245014243
1,106,27,37,9,1.9081958235744878e-17
1,106,9,37,10,-0.14245014245014248
1,106,24,37,11,-2.8189256484623115e-18
1,106,69,37,12,0.21367521367521364
1,106,72,37,13,0.04273504273504272
1,106,60,37,14,-0.042735042735042666
1,106,57,37,15,-0.21367521367521367
1,106,120,37,16,0.28490028490028485
1,106,105,37,17,-1.3877787807814457e-17
1,106,87,37,18,-0.28490028490028496
1,106,102,37,19,-1.734723475976807e-18
1,106,40,37,20,-0.13105413105413105
1,106,46,37,21,-0.4074074074074075
1,106,13,37,22,-0.4074074074074073
1,106,7,37,23,-0.131054131054131
1,106,118,37,24,-0.4074074074074074
1,106,124,37,25,-0.849002849002849
1,106,91,37,26,-0.849002849002849
1,106,85,37,27,-0.4074074074074074
1,106,43,37,28,-0.08547008547008543
1,106,28,37,29,0.7293447293447294
1,106,10,37,30,-0.08547008547008556
1,106,25,37,31,0.2621082621082621
1,106,70,37,32,-0.08547008547008533
1,106,73,37,33,0.08547008547008525
1,106,61,37,34,0.08547008547008578
1,106,58,37,35,-0.08547008547008543
1,106,121,37,36,0.0854700854700855
1,106,106,37,37,1.8689458689458691
1,106,88,37,38,0.08547008547008536
1,106,103,37,39,0.7293447293447294
1,106,41,37,40,-0.0712250712250712
1,106,47,37,41,-0.035612535612535544
1,106,14,37,42,0.03561253561253558
1,106,8,37,43,0.07122507122507124
1,106,119,37,44,-0.07122507122507124
1,106,125,37,45,-0.16381766381766386
1,106,92,37,46,0.16381766381766383
1,106,86,37,47,0.07122507122507124
1,106,44,37,48,0.2136752136752136
1,106,29,37,49,2.42861286636753e-17
1,106,11,37,50,-0.21367521367521364
1,106,26,37,51,1.3010426069826053e-18
1,106,71,37,52,0.14245014245014243
1,106,74,37,53,0.28490028490028485
1,106,62,37,54,-0.28490028490028496
1,106,59,37,55,-0.14245014245014237
1,106,122,37,56,-0.04273504273504275
1,106,107,37,57,7.632783294297951e-17
1,106,89,37,58,0.04273504273504266
1,106,104,37,59,2.42861286636753e-17
1,88,39,38,0,-0.07122507122507121
1,88,45,38,1,0.07122507122507121
1,88,12,38,2,0.07122507122507118
1,88,6,38,3,-0.0712250712250713
1,88,117,38,4,-0.03561253561253561
1,88,123,38,5,0.03561253561253559
1,88,90,38,6,0.16381766381766383
1,88,84,38,7,-0.16381766381766394
1,88,42,38,8,1.496198998029996e-17
1,88,27,38,9,-0.14245014245014248
1,88,9,38,10,1.3639263329867646e-16
1,88,24,38,11,0.14245014245014243
1,88,69,38,12,0.21367521367521364
1,88,72,38,13,-0.21367521367521367
1,88,60,38,14,0.04273504273504269
1,88,57,38,15,-0.04273504273504275
1,88,120,38,16,1.9081958235744878e-17
1,88,105,38,17,-0.2849002849002849
1,88,87,38,18,1.3964523981613297e-16
1,88,102,38,19,0.28490028490028496
1,88,40,38,20,0.09686609686609675
1,88,46,38,21,0.09686609686609689
1,88,13,38,22,-0.20797720797720792
1,88,7,38,23,-0.207977207977208
1,88,118,38,24,-0.05840455840455847
1,88,124,38,25,-0.058404558404558424
1,88,91,38,26,-0.3433048433048433
1,88,85,38,27,-0.3433048433048434
1,88,43,38,28,-0.1937321937321936
1,88,28,38,29,-0.08547008547008557
1,88,10,38,30,0.33048433048433046
1,88,25,38,31,-0.0854700854700854
1,88,70,38,32,-0.29914529914529897
1,88,73,38,33,-0.29914529914529925
1,88,61,38,34,0.2991452991452992
1,88,58,38,35,0.299145299145299
1,88,121,38,36,-0.1823361823361823
1,88,106,38,37,0.08547008547008536
1,88,88,38,38,1.071225071225071
1,88,103,38,39,0.08547008547008556
1,88,41,38,40,-0.1816239316239316
1,88,47,38,41,-0.18162393162393156
1,88,14,38,42,-0.12179487179487179
1,88,8,38,43,-0.12179487179487178
1,88,119,38,44,-0.09188034188034191
1,88,125,38,45,-0.09188034188034186
1,88,92,38,46,-0.03205128205128207
1,88,86,38,47,-0.032051282051282035
1,88,44,38,48,0.25641025641025633
1,88,29,38,49,0.2136752136752137
1,88,11,38,50,0.05128205128205127
1,88,26,38,51,0.21367521367521367
1,88,71,38,52,0.2136752136752136
1,88,74,38,53,0.21367521367521364
1,88,62,38,54,0.042735042735042784
1,88,59,38,55,0.042735042735042715
1,88,122,38,56,-0.05128205128205128
1,88,107,38,57,-0.04273504273504278
1,88,89,38,58,-0.2564102564102563
1,88,104,38,59,-0.04273504273504268
1,103,39,39,0,0.0
1,103,45,39,1,0.07122507122507121
1,103,12,39,2,-0.07122507122507123
1,103,6,39,3,-1.3877787807814457e-17
1,103,117,39,4,-1.3877787807814457e-17
1,103,123,39,5,0.03561253561253556
1,103,90,39,6,-0.03561253561253559
1,103,84,39,7,-2.7755575615628914e-17
1,103,42,39,8,-0.14245014245014243
1,103,27,39,9,-5.637851296924623e-18
1,103,9,39,10,0.1424501424501425
1,103,24,39,11,1.3986208025063007e-17
1,103,69,39,12,6.938893903907228e-18
1,103,72,39,13,-0.2136752136752137
1,103,60,39,14,0.21367521367521364
1,103,57,39,15,5.551115123125783e-17
1,103,120,39,16,-0.28490028490028485
1,103,105,39,17,6.938893903907228e-18
1,103,87,39,18,0.28490028490028496
1,103,102,39,19,8.673617379884035e-18
1,103,40,39,20,-0.814814814814815
1,103,46,39,21,-0.13105413105413102
1,103,13,39,22,-0.1310541310541311
1,103,7,39,23,-0.8148148148148149
1,103,118,39,24,-1.6980056980056983
1,103,124,39,25,-0.40740740740740744
1,103,91,39,26,-0.40740740740740755
1,103,85,39,27,-1.6980056980056983
1,103,43,39,28,-0.08547008547008537
1,103,28,39,29,0.2621082621082621
1,103,10,39,30,-0.08547008547008536
1,103,25,39,31,1.4586894586894588
1,103,70,39,32,0.17094017094017092
1,103,73,39,33,-0.08547008547008547
1,103,61,39,34,-0.08547008547008535
1,103,58,39,35,0.170940170940171
1,103,121,39,36,0.08547008547008536
1,103,106,39,37,0.7293447293447294
1,103,88,39,38,0.08547008547008556
1,103,103,39,39,3.7378917378917382
1,103,41,39,40,-0.07122507122507127
1,103,47,39,41,-0.07122507122507124
1,103,14,39,42,0.0712250712250712
1,103,8,39,43,0.07122507122507118
1,103,119,39,44,-0.32763532763532777
1,103,125,39,45,-0.07122507122507123
1,103,92,39,46,0.07122507122507118
1,103,86,39,47,0.32763532763532766
1,103,44,39,48,0.2136752136752137
1,103,29,39,49,1.3444106938820255e-17
1,103,11,39,50,-0.21367521367521364
1,103,26,39,51,3.550762114890027e-17
1,103,71,39,52,0.5698005698005699
1,103,74,39,53,0.14245014245014248
1,103,62,39,54,-0.14245014245014237
1,103,59,39,55,-0.5698005698005699
1,103,122,39,56,-0.04273504273504286
1,103,107,39,57,2.0816681711721685e-17
1,103,89,39,58,0.0427350427350428
1,103,104,39,59,9.421716878899034e-17
1,41,39,40,0,0.0
1,41,45,40,1,-0.00854700854700853
1,41,12,40,2,-0.003205128205128172
1,41,6,40,3,4.163336342344337e-17
1,41,117,40,4,2.6020852139652106e-17
1,41,123,40,5,0.007122507122507157
1,41,90,40,6,-0.055199430199430195
1,41,84,40,7,1.3010426069826053e-17
1,41,42,40,8,-0.12108262108262108
1,41,27,40,9,-0.12179487179487182
1,41,9,40,10,-0.07122507122507132
1,41,24,40,11,6.938893903907228e-18
1,41,69,40,12,-2.7755575615628914e-17
1,41,72,40,13,0.03561253561253562
1,41,60,40,14,0.07122507122507121
1,41,57,40,15,-1.3877787807814457e-17
1,41,120,40,16,0.03561253561253557
1,41,105,40,17,0.18162393162393156
1,41,87,40,18,0.0712250712250712
1,41,102,40,19,0.0
1,41,40,40,20,-0.41310541310541316
1,41,46,40,21,-0.05519943019943019
1,41,13,40,22,0.0032051282051282024
1,41,7,40,23,0.017094017094017123
1,41,118,40,24,-0.017094017094017082
1,41,124,40,25,-0.0032051282051281955
1,41,91,40,26,0.05519943019943017
1,41,85,40,27,-0.014245014245014256
1,41,43,40,28,-0.032051282051282104
1,41,28,40,29,0.07122507122507123
1,41,10,40,30,0.12179487179487182
1,41,25,40,31,0.2421652421652421
1,41,70,40,32,0.32763532763532766
1,41,73,40,33,0.07122507122507121
1,41,61,40,34,-0.0712250712250712
1,41,58,40,35,-0.07122507122507123
1,41,121,40,36,0.09188034188034189
1,41,106,40,37,-0.0712250712250712
1,41,88,40,38,-0.18162393162393153
1,41,103,40,39,-0.07122507122507121
1,41,41,40,40,1.5356125356125359
1,41,47,40,41,0.3831908831908832
1,41,14,40,42,0.24145299145299143
1,41,8,40,43,0.7663817663817665
1,41,119,40,44,0.8803418803418803
1,41,125,40,45,0.25925925925925924
1,41,92,40,46,0.08618233618233624
1,41,86,40,47,0.5185185185185186
1,41,44,40,48,-0.3433048433048433
1,41,29,40,49,-0.2079772079772081
1,41,11,40,50,-0.20797720797720798
1,41,26,40,51,-0.6866096866096866
1,41,71,40,52,-1.698005698005698
1,41,74,40,53,-0.4074074074074074
1,41,62,40,54,-0.13105413105413108
1,41,59,40,55,-0.8148148148148149
1,41,122,40,56,-0.058404558404558445
1,41,107,40,57,0.09686609686609673
1,41,89,40,58,0.0968660968660967
1,41,104,40,59,-0.11680911680911699
1,47,39,41,0,0.008547008547008567
1,47,45,41,1,-0.20655270655270666
1,47,12,41,2,-0.05519943019943014
1,47,6,41,3,0.003205128205128258
1,47,117,41,4,-0.007122507122507138
1,47,123,41,5,-0.008547008547008534
1,47,90,41,6,-0.0032051282051282102
1,47,84,41,7,0.05519943019943019
1,47,42,41,8,0.12108262108262108
1,47,27,41,9,-0.03205128205128211
1,47,9,41,10,0.07122507122507113
1,47,24,41,11,0.12179487179487182
1,47,69,41,12,-0.035612535612535606
1,47,72,41,13,0.1638176638176638
1,47,60,41,14,0.07122507122507121
1,47,57,41,15,-0.07122507122507128
1,47,120,41,16,-0.03561253561253559
1,47,105,41,17,0.09188034188034189
1,47,87,41,18,-0.07122507122507121
1,47,102,41,19,-0.18162393162393156
1,47,40,41,20,-0.05519943019943019
1,47,46,41,21,-0.20655270655270672
1,47,13,41,22,0.008547008547008527
1,47,7,41,23,0.0032051282051282102
1,47,118,41,24,-0.0032051282051282237
1,47,124,41,25,-0.008547008547008558
1,47,91,41,26,-0.007122507122507213
1,47,85,41,27,0.055199430199430195
1,47,43,41,28,-0.03205128205128203
1,47,28,41,29,0.12108262108262106
1,47,10,41,30,0.12179487179487179
1,47,25,41,31,0.07122507122507121
1,47,70,41,32,0.07122507122507121
1,47,73,41,33,0.16381766381766388
1,47,61,41,34,-0.03561253561253552
1,47,58,41,35,-0.07122507122507125
1,47,121,41,36,0.0918803418803419
1,47,106,41,37,-0.03561253561253552
1,47,88,41,38,-0.1816239316239316
1,47,103,41,39,-0.07122507122507123
1,47,41,41,40,0.3831908831908832
1,47,47,41,41,0.7678062678062683
1,47,14,41,42,0.38319088319088324
1,47,8,41,43,0.24145299145299146
1,47,119,41,44,0.2592592592592593
1,47,125,41,45,0.44017094017094033
1,47,92,41,46,0.25925925925925936
1,47,86,41,47,0.08618233618233626
1,47,44,41,48,-0.3433048433048434
1,47,29,41,49,-0.3433048433048434
1,47,11,41,50,-0.2079772079772079
1,47,26,41,51,-0.2079772079772079
1,47,71,41,52,-0.40740740740740766
1,47,74,41,53,-0.8490028490028493
1,47,62,41,54,-0.4074074074074077
1,47,59,41,55,-0.13105413105413116
1,47,122,41,56,-0.058404558404558535
1,47,107,41,57,-0.05840455840455846
1,47,89,41,58,0.09686609686609679
1,47,104,41,59,0.09686609686609676
1,14,39,42,0,0.003205128205128244
1,14,45,42,1,-0.05519943019943013
1,14,12,42,2,-0.20655270655270663
1,14,6,42,3,0.008547008547008593
1,14,117,42,4,0.0551994301994302
1,14,123,42,5,-0.0032051282051282137
1,14,90,42,6,-0.008547008547008546
1,14,84,42,7,-0.0071225071225071174
1,14,42,42,8,0.07122507122507114
1,14,27,42,9,-0.0320512820512821
1,14,9,42,10,0.12108262108262106
1,14,24,42,11,0.12179487179487185
1,14,69,42,12,-0.07122507122507124
1,14,72,42,13,0.07122507122507123
1,14,60,42,14,0.1638176638176638
1,14,57,42,15,-0.035612535612535634
1,14,120,42,16,-0.07122507122507121
1,14,105,42,17,0.09188034188034189
1,14,87,42,18,-0.03561253561253561
1,14,102,42,19,-0.1816239316239316
1,14,40,42,20,-0.0032051282051282068
1,14,46,42,21,-0.008547008547008584
1,14,13,42,22,0.2065527065527067
1,14,7,42,23,0.05519943019943019
1,14,118,42,24,-0.05519943019943022
1,14,124,42,25,0.007122507122507199
1,14,91,42,26,0.008547008547008557
1,14,85,42,27,0.003205128205128211
1,14,43,42,28,-0.12179487179487178
1,14,28,42,29,-0.12108262108262112
1,14,10,42,30,0.032051282051282055
1,14,25,42,31,-0.07122507122507124
1,14,70,42,32,0.07122507122507124
1,14,73,42,33,0.03561253561253558
1,14,61,42,34,-0.16381766381766388
1,14,58,42,35,-0.07122507122507118
1,14,121,42,36,0.1816239316239316
1,14,106,42,37,0.03561253561253558
1,14,88,42,38,-0.09188034188034186
1,14,103,42,39,0.07122507122507121
1,14,41,42,40,0.24145299145299143
1,14,47,42,41,0.38319088319088324
1,14,14,42,42,0.7678062678062682
1,14,8,42,43,0.3831908831908832
1,14,119,42,44,0.08618233618233624
1,14,125,42,45,0.25925925925925936
1,14,92,42,46,0.4401709401709404
1,14,86,42,47,0.25925925925925936
1,14,44,42,48,-0.20797720797720798
1,14,29,42,49,-0.34330484330484345
1,14,11,42,50,-0.34330484330484334
1,14,26,42,51,-0.2079772079772079
1,14,71,42,52,-0.13105413105413116
1,14,74,42,53,-0.4074074074074076
1,14,62,42,54,-0.8490028490028494
1,14,59,42,55,-0.40740740740740755
1,14,122,42,56,0.09686609686609685
1,14,107,42,57,-0.05840455840455839
1,14,89,42,58,-0.058404558404558486
1,14,104,42,59,0.09686609686609678
1,8,39,43,0,4.85722573273506e-17
1,8,45,43,1,-0.0032051282051281616
1,8,12,43,2,-0.008547008547008517
1,8,6,43,3,0.0
1,8,117,43,4,1.8214596497756474e-17
1,8,123,43,5,-0.05519943019943019
1,8,90,43,6,0.007122507122507156
1,8,84,43,7,2.0816681711721685e-17
1,8,42,43,8,-0.07122507122507132
1,8,27,43,9,-0.12179487179487182
1,8,9,43,10,-0.12108262108262119
1,8,24,43,11,5.551115123125783e-17
1,8,69,43,12,-1.3877787807814457e-17
1,8,72,43,13,0.07122507122507125
1,8,60,43,14,0.03561253561253565
1,8,57,43,15,0.0
1,8,120,43,16,0.0712250712250712
1,8,105,43,17,0.18162393162393162
1,8,87,43,18,0.035612535612535565
1,8,102,43,19,-1.3877787807814457e-17
1,8,40,43,20,-0.01709401709401706
1,8,46,43,21,-0.003205128205128196
1,8,13,43,22,0.05519943019943018
1,8,7,43,23,0.41310541310541327
1,8,118,43,24,0.01424501424501429
1,8,124,43,25,-0.055199430199430195
1,8,91,43,26,0.003205128205128199
1,8,85,43,27,0.017094017094017123
1,8,43,43,28,-0.12179487179487185
1,8,28,43,29,-0.07122507122507127
1,8,10,43,30,0.03205128205128209
1,8,25,43,31,-0.2421652421652422
1,8,70,43,32,0.07122507122507123
1,8,73,43,33,0.0712250712250712
1,8,61,43,34,-0.0712250712250712
1,8,58,43,35,-0.32763532763532754
1,8,121,43,36,0.1816239316239316
1,8,106,43,37,0.07122507122507123
1,8,88,43,38,-0.09188034188034189
1,8,103,43,39,0.07122507122507116
1,8,41,43,40,0.7663817663817665
1,8,47,43,41,0.24145299145299146
1,8,14,43,42,0.3831908831908832
1,8,8,43,43,1.535612535612536
1,8,119,43,44,0.5185185185185186
1,8,125,43,45,0.08618233618233623
1,8,92,43,46,0.2592592592592593
1,8,86,43,47,0.8803418803418805
1,8,44,43,48,-0.207977207977208
1,8,29,43,49,-0.20797720797720806
1,8,11,43,50,-0.34330484330484334
1,8,26,43,51,-0.6866096866096865
1,8,71,43,52,-0.8148148148148151
1,8,74,43,53,-0.13105413105413102
1,8,62,43,54,-0.4074074074074074
1,8,59,43,55,-1.6980056980056983
1,8,122,43,56,0.09686609686609673
1,8,107,43,57,0.09686609686609682
1,8,89,43,58,-0.05840455840455849
1,8,104,43,59,-0.11680911680911701
1,119,39,44,0,4.85722573273506e-17
1,119,45,44,1,-0.007122507122507138
1,119,12,44,2,0.0551994301994302
1,119,6,44,3,1.1275702593849246e-17
1,119,117,44,4,8.326672684688674e-17
1,119,123,44,5,0.008547008547008583
1,119,90,44,6,0.003205128205128196
1,119,84,44,7,-6.938893903907228e-18
1,119,42,44,8,-0.035612535612535634
1,119,27,44,9,-0.1816239316239316
1,119,9,44,10,-0.07122507122507121
1,119,24,44,11,1.3877787807814457e-17
1,119,69,44,12,-2.7755575615628914e-17
1,119,72,44,13,-0.035612535612535634
1,119,60,44,14,-0.07122507122507123
1,119,57,44,15,1.3877787807814457e-17
1,119,120,44,16,0.12108262108262106
1,119,105,44,17,0.12179487179487182
1,119,87,44,18,0.07122507122507125
1,119,102,44,19,-2.0816681711721685e-17
1,119,40,44,20,0.01709401709401708
1,119,46,44,21,0.0032051282051281833
1,119,13,44,22,-0.0551994301994302
1,119,7,44,23,0.014245014245014306
1,119,118,44,24,0.41310541310541327
1,119,124,44,25,0.0551994301994302
1,119,91,44,26,-0.003205128205128187
1,119,85,44,27,-0.01709401709401704
1,119,43,44,28,-0.0918803418803419
1,119,28,44,29,0.07122507122507121
1,119,10,44,30,0.18162393162393162
1,119,25,44,31,0.07122507122507124
1,119,70,44,32,-0.3276353276353277
1,119,73,44,33,-0.0712250712250712
1,119,61,44,34,0.07122507122507124
1,119,58,44,35,0.07122507122507117
1,119,121,44,36,0.032051282051282104
1,119,106,44,37,-0.07122507122507125
1,119,88,44,38,-0.1217948717948718
1,119,103,44,39,-0.24216524216524227
1,119,41,44,40,0.8803418803418803
1,119,47,44,41,0.2592592592592593
1,119,14,44,42,0.08618233618233624
1,119,8,44,43,0.5185185185185186
1,119,119,44,44,1.535612535612536
1,119,125,44,45,0.3831908831908833
1,119,92,44,46,0.2414529914529915
1,119,86,44,47,0.7663817663817665
1,119,44,44,48,-0.058404558404558465
1,119,29,44,49,0.0968660968660968
1,119,11,44,50,0.09686609686609678
1,119,26,44,51,-0.11680911680911683
1,119,71,44,52,-1.6980056980056988
1,119,74,44,53,-0.4074074074074075
1,119,62,44,54,-0.13105413105413113
1,119,59,44,55,-0.814814814814815
1,119,122,44,56,-0.34330484330484323
1,119,107,44,57,-0.207977207977208
1,119,89,44,58,-0.20797720797720798
1,119,104,44,59,-0.6866096866096868
1,125,39,45,0,0.007122507122507157
1,125,45,45,1,0.008547008547008565
1,125,12,45,2,0.003205128205128206
1,125,6,45,3,-0.05519943019943019
1,125,117,45,4,-0.00854700854700852
1,125,123,45,5,0.2065527065527067
1,125,90,45,6,0.05519943019943017
1,125,84,45,7,-0.0032051282051282137
1,125,42,45,8,0.03561253561253559
1,125,27,45,9,-0.09188034188034189
1,125,9,45,10,0.07122507122507118
1,125,24,45,11,0.1816239316239316
1,125,69,45,12,0.03561253561253556
1,125,72,45,13,-0.16381766381766394
1,125,60,45,14,-0.07122507122507123
1,125,57,45,15,0.07122507122507121
1,125,120,45,16,-0.12108262108262115
1,125,105,45,17,0.0320512820512821
1,125,87,45,18,-0.07122507122507117
1,125,102,45,19,-0.12179487179487182
1,125,40,45,20,0.003205128205128232
1,125,46,45,21,0.008547008547008548
1,125,13,45,22,0.007122507122507185
1,125,7,45,23,-0.05519943019943018
1,125,118,45,24,0.0551994301994302
1,125,124,45,25,0.20655270655270666
1,125,91,45,26,-0.008547008547008527
1,125,85,45,27,-0.0032051282051282102
1,125,43,45,28,-0.09188034188034189
1,125,28,45,29,0.035612535612535544
1,125,10,45,30,0.1816239316239316
1,125,25,45,31,0.0712250712250712
1,125,70,45,32,-0.07122507122507125
1,125,73,45,33,-0.16381766381766388
1,125,61,45,34,0.035612535612535516
1,125,58,45,35,0.07122507122507118
1,125,121,45,36,0.032051282051282076
1,125,106,45,37,-0.12108262108262109
1,125,88,45,38,-0.12179487179487172
1,125,103,45,39,-0.07122507122507121
1,125,41,45,40,0.25925925925925924
1,125,47,45,41,0.44017094017094033
1,125,14,45,42,0.25925925925925936
1,125,8,45,43,0.08618233618233623
1,125,119,45,44,0.3831908831908833
1,125,125,45,45,0.7678062678062682
1,125,92,45,46,0.38319088319088346
1,125,86,45,47,0.24145299145299148
1,125,44,45,48,-0.05840455840455844
1,125,29,45,49,-0.05840455840455841
1,125,11,45,50,0.09686609686609689
1,125,26,45,51,0.09686609686609683
1,125,71,45,52,-0.40740740740740755
1,125,74,45,53,-0.8490028490028494
1,125,62,45,54,-0.4074074074074078
1,125,59,45,55,-0.13105413105413122
1,125,122,45,56,-0.3433048433048433
1,125,107,45,57,-0.34330484330484334
1,125,89,45,58,-0.20797720797720792
1,125,104,45,59,-0.20797720797720795
1,92,39,46,0,-0.0551994301994302
1,92,45,46,1,0.003205128205128203
1,92,12,46,2,0.008547008547008546
1,92,6,46,3,0.007122507122507156
1,92,117,46,4,-0.0032051282051282224
1,92,123,46,5,0.05519943019943017
1,92,90,46,6,0.20655270655270666
1,92,84,46,7,-0.008547008547008505
1,92,42,46,8,0.07122507122507118
1,92,27,46,9,-0.09188034188034186
1,92,9,46,10,0.03561253561253558
1,92,24,46,11,0.18162393162393162
1,92,69,46,12,0.07122507122507118
1,92,72,46,13,-0.0712250712250712
1,92,60,46,14,-0.16381766381766383
1,92,57,46,15,0.03561253561253557
1,92,120,46,16,-0.07122507122507117
1,92,105,46,17,0.03205128205128212
1,92,87,46,18,-0.12108262108262119
1,92,102,46,19,-0.1217948717948718
1,92,40,46,20,0.05519943019943019
1,92,46,46,21,-0.007122507122507209
1,92,13,46,22,-0.008547008547008572
1,92,7,46,23,-0.0032051282051282293
1,92,118,46,24,0.003205128205128218
1,92,124,46,25,0.008547008547008558
1,92,91,46,26,-0.20655270655270672
1,92,85,46,27,-0.05519943019943021
1,92,43,46,28,-0.18162393162393156
1,92,28,46,29,-0.03561253561253559
1,92,10,46,30,0.09188034188034185
1,92,25,46,31,-0.07122507122507123
1,92,70,46,32,-0.07122507122507121
1,92,73,46,33,-0.035612535612535565
1,92,61,46,34,0.163817663817664
1,92,58,46,35,0.07122507122507127
1,92,121,46,36,0.12179487179487178
1,92,106,46,37,0.12108262108262106
1,92,88,46,38,-0.03205128205128205
1,92,103,46,39,0.07122507122507118
1,92,41,46,40,0.08618233618233624
1,92,47,46,41,0.25925925925925936
1,92,14,46,42,0.4401709401709404
1,92,8,46,43,0.2592592592592593
1,92,119,46,44,0.2414529914529915
1,92,125,46,45,0.38319088319088346
1,92,92,46,46,0.7678062678062683
1,92,86,46,47,0.3831908831908833
1,92,44,46,48,0.09686609686609682
1,92,29,46,49,-0.058404558404558424
1,92,11,46,50,-0.05840455840455845
1,92,26,46,51,0.09686609686609686
1,92,71,46,52,-0.1310541310541313
1,92,74,46,53,-0.4074074074074077
1,92,62,46,54,-0.8490028490028492
1,92,59,46,55,-0.40740740740740755
1,92,122,46,56,-0.20797720797720792
1,92,107,46,57,-0.34330484330484334
1,92,89,46,58,-0.34330484330484345
1,92,104,46,59,-0.20797720797720798
1,86,39,47,0,1.0408340855860843e-17
1,86,45,47,1,0.055199430199430195
1,86,12,47,2,-0.007122507122507135
1,86,6,47,3,1.5612511283791264e-17
1,86,117,47,4,6.938893903907228e-18
1,86,123,47,5,0.0032051282051282033
1,86,90,47,6,0.008547008547008602
1,86,84,47,7,5.551115123125783e-17
1,86,42,47,8,-0.07122507122507121
1,86,27,47,9,-0.18162393162393164
1,86,9,47,10,-0.03561253561253566
1,86,24,47,11,-1.3877787807814457e-17
1,86,69,47,12,0.0
1,86,72,47,13,-0.07122507122507123
1,86,60,47,14,-0.03561253561253562
1,86,57,47,15,-2.7755575615628914e-17
1,86,120,47,16,0.07122507122507127
1,86,105,47,17,0.12179487179487179
1,86,87,47,18,0.12108262108262101
1,86,102,47,19,-6.938893903907228e-18
1,86,40,47,20,-0.014245014245014231
1,86,46,47,21,0.055199430199430195
1,86,13,47,22,-0.0032051282051281924
1,86,7,47,23,-0.017094017094017058
1,86,118,47,24,0.01709401709401715
1,86,124,47,25,0.0032051282051282024
1,86,91,47,26,-0.05519943019943018
1,86,85,47,27,-0.4131054131054132
1,86,43,47,28,-0.18162393162393162
1,86,28,47,29,-0.07122507122507124
1,86,10,47,30,0.09188034188034185
1,86,25,47,31,-0.07122507122507127
1,86,70,47,32,-0.0712250712250713
1,86,73,47,33,-0.07122507122507124
1,86,61,47,34,0.0712250712250712
1,86,58,47,35,0.3276353276353277
1,86,121,47,36,0.12179487179487185
1,86,106,47,37,0.07122507122507123
1,86,88,47,38,-0.03205128205128204
1,86,103,47,39,0.2421652421652421
1,86,41,47,40,0.5185185185185186
1,86,47,47,41,0.08618233618233626
1,86,14,47,42,0.25925925925925936
1,86,8,47,43,0.8803418803418805
1,86,119,47,44,0.7663817663817665
1,86,125,47,45,0.24145299145299148
1,86,92,47,46,0.3831908831908833
1,86,86,47,47,1.535612535612536
1,86,44,47,48,0.09686609686609673
1,86,29,47,49,0.0968660968660968
1,86,11,47,50,-0.05840455840455848
1,86,26,47,51,-0.11680911680911674
1,86,71,47,52,-0.8148148148148152
1,86,74,47,53,-0.13105413105413113
1,86,62,47,54,-0.4074074074074075
1,86,59,47,55,-1.6980056980056981
1,86,122,47,56,-0.207977207977208
1,86,107,47,57,-0.207977207977208
1,86,89,47,58,-0.34330484330484334
1,86,104,47,59,-0.6866096866096867
1,44,39,48,0,-0.16381766381766386
1,44,45,48,1,0.16381766381766383
1,44,12,48,2,0.07122507122507114
1,44,6,48,3,-0.07122507122507132
1,44,117,48,4,-0.03561253561253562
1,44,123,48,5,0.03561253561253558
1,44,90,48,6,0.07122507122507121
1,44,84,48,7,-0.07122507122507124
1,44,42,48,8,-6.591949208711867e-17
1,44,27,48,9,0.042735042735042784
1,44,9,48,10,1.8062808193608504e-16
1,44,24,48,11,-0.04273504273504278
1,44,69,48,12,0.284900284900285
1,44,72,48,13,-0.28490028490028496
1,44,60,48,14,-0.14245014245014248
1,44,57,48,15,0.14245014245014248
1,44,120,48,16,3.469446951953614e-18
1,44,105,48,17,-0.21367521367521364
1,44,87,48,18,1.3660947373317356e-17
1,44,102,48,19,0.2136752136752137
1,44,40,48,20,-0.03205128205128209
1,44,46,48,21,-0.032051282051282
1,44,13,48,22,-0.09188034188034185
1,44,7,48,23,-0.0918803418803419
1,44,118,48,24,-0.12179487179487183
1,44,124,48,25,-0.12179487179487182
1,44,91,48,26,-0.18162393162393162
1,44,85,48,27,-0.1816239316239316
1,44,43,48,28,-0.2564102564102563
1,44,28,48,29,-0.04273504273504276
1,44,10,48,30,-0.05128205128205127
1,44,25,48,31,-0.04273504273504267
1,44,70,48,32,0.04273504273504287
1,44,73,48,33,0.042735042735042666
1,44,61,48,34,0.21367521367521364
1,44,58,48,35,0.21367521367521367
1,44,121,48,36,0.05128205128205126
1,44,106,48,37,0.21367521367521358
1,44,88,48,38,0.2564102564102563
1,44,103,48,39,0.21367521367521364
1,44,41,48,40,-0.3433048433048433
1,44,47,48,41,-0.3433048433048434
1,44,14,48,42,-0.20797720797720798
1,44,8,48,43,-0.207977207977208
1,44,119,48,44,-0.058404558404558465
1,44,125,48,45,-0.05840455840455844
1,44,92,48,46,0.09686609686609682
1,44,86,48,47,0.09686609686609673
1,44,44,48,48,1.0712250712250708
1,44,29,48,49,0.29914529914529925
1,44,11,48,50,0.33048433048433035
1,44,26,48,51,0.29914529914529897
1,44,71,48,52,0.08547008547008536
1,44,74,48,53,0.08547008547008556
1,44,62,48,54,-0.08547008547008553
1,44,59,48,55,-0.08547008547008532
1,44,122,48,56,-0.1823361823361822
1,44,107,48,57,-0.2991452991452991
1,44,89,48,58,-0.19373219373219355
1,44,104,48,59,-0.29914529914529897
1,29,39,49,0,-0.09188034188034187
1,29,45,49,1,-0.03205128205128207
1,29,12,49,2,-0.032051282051282104
1,29,6,49,3,-0.09188034188034187
1,29,117,49,4,-0.18162393162393164
1,29,123,49,5,-0.12179487179487179
1,29,90,49,6,-0.12179487179487176
1,29,84,49,7,-0.1816239316239316
1,29,42,49,8,-0.04273504273504266
1,29,27,49,9,-0.25641025641025633
1,29,9,49,10,-0.042735042735042694
1,29,24,49,11,-0.051282051282051336
1,29,69,49,12,0.21367521367521367
1,29,72,49,13,0.042735042735042715
1,29,60,49,14,0.042735042735042715
1,29,57,49,15,0.21367521367521367
1,29,120,49,16,0.21367521367521364
1,29,105,49,17,0.05128205128205127
1,29,87,49,18,0.2136752136752136
1,29,102,49,19,0.2564102564102563
1,29,40,49,20,0.07122507122507123
1,29,46,49,21,0.16381766381766383
1,29,13,49,22,-0.16381766381766383
1,29,7,49,23,-0.07122507122507121
1,29,118,49,24,0.07122507122507124
1,29,124,49,25,0.035612535612535565
1,29,91,49,26,-0.03561253561253554
1,29,85,49,27,-0.07122507122507124
1,29,43,49,28,0.04273504273504267
1,29,28,49,29,1.0234868508263162e-16
1,29,10,49,30,-0.04273504273504266
1,29,25,49,31,2.8189256484623115e-17
1,29,70,49,32,-0.14245014245014248
1,29,73,49,33,-0.2849002849002849
1,29,61,49,34,0.2849002849002849
1,29,58,49,35,0.14245014245014243
1,29,121,49,36,-0.21367521367521367
1,29,106,49,37,0.0
1,29,88,49,38,0.21367521367521367
1,29,103,49,39,6.071532165918825e-18
1,29,41,49,40,-0.2079772079772081
1,29,47,49,41,-0.3433048433048434
1,29,14,49,42,-0.34330484330484345
1,29,8,49,43,-0.20797720797720806
1,29,119,49,44,0.0968660968660968
1,29,125,49,45,-0.05840455840455841
1,29,92,49,46,-0.058404558404558424
1,29,86,49,47,0.0968660968660968
1,29,44,49,48,0.29914529914529925
1,29,29,49,49,1.071225071225071
1,29,11,49,50,0.29914529914529925
1,29,26,49,51,0.3304843304843305
1,29,71,49,52,-0.08547008547008536
1,29,74,49,53,0.08547008547008539
1,29,62,49,54,0.0854700854700855
1,29,59,49,55,-0.08547008547008542
1,29,122,49,56,-0.2991452991452991
1,29,107,49,57,-0.18233618233618237
1,29,89,49,58,-0.2991452991452991
1,29,104,49,59,-0.19373219373219364
1,11,39,50,0,-0.07122507122507132
1,11,45,50,1,0.07122507122507114
1,11,12,50,2,0.16381766381766377
1,11,6,50,3,-0.16381766381766388
1,11,117,50,4,-0.07122507122507125
1,11,123,50,5,0.07122507122507123
1,11,90,50,6,0.03561253561253557
1,11,84,50,7,-0.035612535612535676
1,11,42,50,8,1.7618285302889447e-16
1,11,27,50,9,0.04273504273504277
1,11,9,50,10,9.809319155562601e-17
1,11,24,50,11,-0.0427350427350428
1,11,69,50,12,0.14245014245014248
1,11,72,50,13,-0.14245014245014248
1,11,60,50,14,-0.284900284900285
1,11,57,50,15,0.284900284900285
1,11,120,50,16,1.1926223897340549e-17
1,11,105,50,17,-0.21367521367521367
1,11,87,50,18,5.515878552520004e-17
1,11,102,50,19,0.2136752136752137
1,11,40,50,20,0.0918803418803419
1,11,46,50,21,0.09188034188034186
1,11,13,50,22,0.0320512820512821
1,11,7,50,23,0.03205128205128211
1,11,118,50,24,0.18162393162393164
1,11,124,50,25,0.18162393162393162
1,11,91,50,26,0.12179487179487179
1,11,85,50,27,0.12179487179487186
1,11,43,50,28,0.051282051282051246
1,11,28,50,29,0.04273504273504278
1,11,10,50,30,0.2564102564102564
1,11,25,50,31,0.04273504273504271
1,11,70,50,32,-0.2136752136752137
1,11,73,50,33,-0.21367521367521367
1,11,61,50,34,-0.042735042735042646
1,11,58,50,35,-0.04273504273504285
1,11,121,50,36,-0.2564102564102564
1,11,106,50,37,-0.21367521367521367
1,11,88,50,38,-0.051282051282051266
1,11,103,50,39,-0.21367521367521367
1,11,41,50,40,-0.20797720797720798
1,11,47,50,41,-0.2079772079772079
1,11,14,50,42,-0.34330484330484334
1,11,8,50,43,-0.34330484330484334
1,11,119,50,44,0.09686609686609678
1,11,125,50,45,0.09686609686609689
1,11,92,50,46,-0.05840455840455845
1,11,86,50,47,-0.05840455840455848
1,11,44,50,48,0.33048433048433035
1,11,29,50,49,0.29914529914529925
1,11,11,50,50,1.071225071225071
1,11,26,50,51,0.2991452991452989
1,11,71,50,52,-0.08547008547008529
1,11,74,50,53,-0.08547008547008558
1,11,62,50,54,0.08547008547008549
1,11,59,50,55,0.08547008547008537
1,11,122,50,56,-0.1937321937321936
1,11,107,50,57,-0.29914529914529914
1,11,89,50,58,-0.1823361823361821
1,11,104,50,59,-0.29914529914529897
1,26,39,51,0,-1.3877787807814457e-17
1,26,45,51,1,0.09188034188034189
1,26,12,51,2,0.0918803418803419
1,26,6,51,3,2.7755575615628914e-17
1,26,117,51,4,-1.3877787807814457e-17
1,26,123,51,5,0.1816239316239316
1,26,90,51,6,0.18162393162393156
1,26,84,51,7,1.3877787807814457e-17
1,26,42,51,8,0.04273504273504268
1,26,27,51,9,0.05128205128205119
1,26,9,51,10,0.042735042735042666
1,26,24,51,11,5.551115123125783e-17
1,26,69,51,12,2.0816681711721685e-17
1,26,72,51,13,-0.21367521367521367
1,26,60,51,14,-0.21367521367521367
1,26,57,51,15,-3.469446951953614e-17
1,26,120,51,16,-0.21367521367521358
1,26,105,51,17,-0.25641025641025633
1,26,87,51,18,-0.2136752136752136
1,26,102,51,19,-6.938893903907228e-18
1,26,40,51,20,0.32763532763532754
1,26,46,51,21,0.07122507122507121
1,26,13,51,22,-0.07122507122507125
1,26,7,51,23,-0.32763532763532766
1,26,118,51,24,0.0712250712250712
1,26,124,51,25,0.0712250712250712
1,26,91,51,26,-0.07122507122507121
1,26,85,51,27,-0.07122507122507124
1,26,43,51,28,0.04273504273504281
1,26,28,51,29,2.5912431922403556e-17
1,26,10,51,30,-0.04273504273504278
1,26,25,51,31,-7.508100044462118e-18
1,26,70,51,32,-0.5698005698005699
1,26,73,51,33,-0.14245014245014243
1,26,61,51,34,0.14245014245014245
1,26,58,51,35,0.5698005698005699
1,26,121,51,36,-0.21367521367521367
1,26,106,51,37,-1.0842021724855044e-18
1,26,88,51,38,0.2136752136752136
1,26,103,51,39,2.2822455730819868e-17
1,26,41,51,40,-0.6866096866096866
1,26,47,51,41,-0.2079772079772079
1,26,14,51,42,-0.2079772079772079
1,26,8,51,43,-0.6866096866096865
1,26,119,51,44,-0.11680911680911683
1,26,125,51,45,0.09686609686609683
1,26,92,51,46,0.09686609686609686
1,26,86,51,47,-0.11680911680911674
1,26,44,51,48,0.29914529914529897
1,26,29,51,49,0.3304843304843305
1,26,11,51,50,0.2991452991452989
1,26,26,51,51,2.1424501424501425
1,26,71,51,52,0.17094017094017072
1,26,74,51,53,-0.08547008547008553
1,26,62,51,54,-0.08547008547008547
1,26,59,51,55,0.17094017094017055
1,26,122,51,56,-0.29914529914529897
1,26,107,51,57,-0.19373219373219355
1,26,89,51,58,-0.29914529914529897
1,26,104,51,59,-0.36467236467236464
1,71,39,52,0,-4.163336342344337e-17
1,71,45,52,1,-0.0356125356125356
1,71,12,52,2,-0.07122507122507121
1,71,6,52,3,-1.3877787807814457e-17
1,71,117,52,4,-2.7755575615628914e-17
1,71,123,52,5,0.035612535612535565
1,71,90,52,6,0.0712250712250712
1,71,84,52,7,1.3877787807814457e-17
1,71,42,52,8,0.28490028490028485
1,71,27,52,9,0.21367521367521367
1,71,9,52,10,0.14245014245014254
1,71,24,52,11,0.0
1,71,69,52,12,-2.6020852139652106e-18
1,71,72,52,13,4.85722573273506e-17
1,71,60,52,14,1.3877787807814457e-17
1,71,57,52,15,-6.396792817664476e-18
1,71,120,52,16,-0.2849002849002849
1,71,105,52,17,-0.21367521367521358
1,71,87,52,18,-0.14245014245014243
1,71,102,52,19,-4.163336342344337e-17
1,71,40,52,20,0.24216524216524216
1,71,46,52,21,0.07122507122507121
1,71,13,52,22,0.07122507122507121
1,71,7,52,23,0.0712250712250712
1,71,118,52,24,-0.2421652421652422
1,71,124,52,25,-0.07122507122507124
1,71,91,52,26,-0.0712250712250712
1,71,85,52,27,-0.07122507122507124
1,71,43,52,28,-0.042735042735042625
1,71,28,52,29,-0.14245014245014248
1,71,10,52,30,-0.21367521367521367
1,71,25,52,31,-0.5698005698005697
1,71,70,52,32,7.546047120499111e-17
1,71,73,52,33,1.734723475976807e-18
1,71,61,52,34,-1.929879867024198e-17
1,71,58,52,35,8.782037597132586e-18
1,71,121,52,36,0.042735042735042666
1,71,106,52,37,0.1424501424501424
1,71,88,52,38,0.21367521367521358
1,71,103,52,39,0.5698005698005699
1,71,41,52,40,-1.698005698005698
1,71,47,52,41,-0.40740740740740766
1,71,14,52,42,-0.13105413105413116
1,71,8,52,43,-0.8148148148148151
1,71,119,52,44,-1.6980056980056988
1,71,125,52,45,-0.40740740740740755
1,71,92,52,46,-0.1310541310541313
1,71,86,52,47,-0.8148148148148152
1,71,44,52,48,0.08547008547008536
1,71,29,52,49,-0.08547008547008536
1,71,11,52,50,-0.08547008547008529
1,71,26,52,51,0.17094017094017072
1,71,71,52,52,3.7378917378917382
1,71,74,52,53,0.7293447293447295
1,71,62,52,54,0.26210826210826227
1,71,59,52,55,1.4586894586894585
1,71,122,52,56,0.08547008547008544
1,71,107,52,57,-0.08547008547008522
1,71,89,52,58,-0.0854700854700852
1,71,104,52,59,0.17094017094017122
1,74,39,53,0,0.03561253561253559
1,74,45,53,1,0.12108262108262108
1,74,12,53,2,0.07122507122507124
1,74,6,53,3,0.0712250712250712
1,74,117,53,4,-0.03561253561253562
1,74,123,53,5,-0.12108262108262115
1,74,90,53,6,-0.0712250712250712
1,74,84,53,7,-0.07122507122507121
1,74,42,53,8,-0.2849002849002848
1,74,27,53,9,-0.042735042735042715
1,74,9,53,10,-0.1424501424501425
1,74,24,53,11,-0.21367521367521364
1,74,69,53,12,4.683753385137379e-17
1,74,72,53,13,2.7755575615628914e-17
1,74,60,53,14,-1.734723475976807e-18
1,74,57,53,15,1.5395670849294163e-17
1,74,120,53,16,0.28490028490028496
1,74,105,53,17,0.04273504273504268
1,74,87,53,18,0.1424501424501424
1,74,102,53,19,0.2136752136752136
1,74,40,53,20,0.07122507122507121
1,74,46,53,21,0.12108262108262113
1,74,13,53,22,0.035612535612535585
1,74,7,53,23,0.07122507122507117
1,74,118,53,24,-0.0712250712250712
1,74,124,53,25,-0.12108262108262108
1,74,91,53,26,-0.035612535612535565
1,74,85,53,27,-0.07122507122507121
1,74,43,53,28,-0.04273504273504278
1,74,28,53,29,-0.28490028490028485
1,74,10,53,30,-0.21367521367521364
1,74,25,53,31,-0.14245014245014245
1,74,70,53,32,-2.6020852139652106e-18
1,74,73,53,33,-2.7755575615628914e-17
1,74,61,53,34,-2.7755575615628914e-17
1,74,58,53,35,6.288372600415926e-18
1,74,121,53,36,0.04273504273504272
1,74,106,53,37,0.28490028490028496
1,74,88,53,38,0.21367521367521364
1,74,103,53,39,0.14245014245014248
1,74,41,53,40,-0.4074074074074074
1,74,47,53,41,-0.8490028490028493
1,74,14,53,42,-0.4074074074074076
1,74,8,53,43,-0.13105413105413102
1,74,119,53,44,-0.4074074074074075
1,74,125,53,45,-0.8490028490028494
1,74,92,53,46,-0.4074074074074077
1,74,86,53,47,-0.13105413105413113
1,74,44,53,48,0.08547008547008556
1,74,29,53,49,0.08547008547008539
1,74,11,53,50,-0.08547008547008558
1,74,26,53,51,-0.08547008547008553
1,74,71,53,52,0.7293447293447295
1,74,74,53,53,1.8689458689458691
1,74,62,53,54,0.7293447293447299
1,74,59,53,55,0.26210826210826227
1,74,122,53,56,0.08547008547008567
1,74,107,53,57,0.08547008547008558
1,74,89,53,58,-0.0854700854700854
1,74,104,53,59,-0.08547008547008539
1,62,39,54,0,0.07122507122507118
1,62,45,54,1,0.07122507122507121
1,62,12,54,2,0.12108262108262112
1,62,6,54,3,0.03561253561253562
1,62,117,54,4,-0.07122507122507121
1,62,123,54,5,-0.07122507122507123
1,62,90,54,6,-0.12108262108262106
1,62,84,54,7,-0.035612535612535606
1,62,42,54,8,-0.1424501424501425
1,62,27,54,9,-0.042735042735042694
1,62,9,54,10,-0.28490028490028485
1,62,24,54,11,-0.2136752136752137
1,62,69,54,12,1.734723475976807e-17
1,62,72,54,13,-8.673617379884035e-19
1,62,60,54,14,-2.5478751053409354e-17
1,62,57,54,15,1.5016200088924236e-17
1,62,120,54,16,0.1424501424501424
1,62,105,54,17,0.04273504273504267
1,62,87,54,18,0.2849002849002848
1,62,102,54,19,0.2136752136752136
1,62,40,54,20,-0.07122507122507118
1,62,46,54,21,-0.03561253561253552
1,62,13,54,22,-0.12108262108262113
1,62,7,54,23,-0.0712250712250712
1,62,118,54,24,0.07122507122507123
1,62,124,54,25,0.035612535612535544
1,62,91,54,26,0.12108262108262119
1,62,85,54,27,0.0712250712250712
1,62,43,54,28,0.2136752136752136
1,62,28,54,29,0.2849002849002847
1,62,10,54,30,0.042735042735042736
1,62,25,54,31,0.14245014245014248
1,62,70,54,32,-1.6479873021779667e-17
1,62,73,54,33,-6.938893903907228e-18
1,62,61,54,34,-7.112366251504909e-17
1,62,58,54,35,-2.8297676701871666e-17
1,62,121,54,36,-0.21367521367521364
1,62,106,54,37,-0.2849002849002848
1,62,88,54,38,-0.04273504273504265
1,62,103,54,39,-0.14245014245014243
1,62,41,54,40,-0.13105413105413108
1,62,47,54,41,-0.4074074074074077
1,62,14,54,42,-0.8490028490028494
1,62,8,54,43,-0.4074074074074074
1,62,119,54,44,-0.13105413105413113
1,62,125,54,45,-0.4074074074074078
1,62,92,54,46,-0.8490028490028492
1,62,86,54,47,-0.4074074074074075
1,62,44,54,48,-0.08547008547008553
1,62,29,54,49,0.0854700854700855
1,62,11,54,50,0.08547008547008549
1,62,26,54,51,-0.08547008547008547
1,62,71,54,52,0.26210826210826227
1,62,74,54,53,0.7293447293447299
1,62,62,54,54,1.868945868945869
1,62,59,54,55,0.7293447293447296
1,62,122,54,56,-0.0854700854700854
1,62,107,54,57,0.08547008547008556
1,62,89,54,58,0.08547008547008558
1,62,104,54,59,-0.08547008547008542
1,59,39,55,0,1.3877787807814457e-17
1,59,45,55,1,-0.0712250712250712
1,59,12,55,2,-0.0356125356125356
1,59,6,55,3,-2.7755575615628914e-17
1,59,117,55,4,-1.3877787807814457e-17
1,59,123,55,5,0.0712250712250712
1,59,90,55,6,0.035612535612535565
1,59,84,55,7,4.163336342344337e-17
1,59,42,55,8,0.14245014245014254
1,59,27,55,9,0.21367521367521367
1,59,9,55,10,0.28490028490028485
1,59,24,55,11,0.0
1,59,69,55,12,-1.4203048459560108e-17
1,59,72,55,13,7.806255641895632e-18
1,59,60,55,14,1.6479873021779667e-17
1,59,57,55,15,-8.432382396506011e-17
1,59,120,55,16,-0.14245014245014243
1,59,105,55,17,-0.2136752136752136
1,59,87,55,18,-0.28490028490028474
1,59,102,55,19,-3.469446951953614e-17
1,59,40,55,20,-0.07122507122507121
1,59,46,55,21,-0.07122507122507123
1,59,13,55,22,-0.07122507122507118
1,59,7,55,23,-0.2421652421652421
1,59,118,55,24,0.07122507122507121
1,59,124,55,25,0.07122507122507118
1,59,91,55,26,0.07122507122507124
1,59,85,55,27,0.24216524216524227
1,59,43,55,28,0.21367521367521372
1,59,28,55,29,0.14245014245014248
1,59,10,55,30,0.042735042735042604
1,59,25,55,31,0.5698005698005697
1,59,70,55,32,2.3852447794681098e-18
1,59,73,55,33,1.431146867680866e-17
1,59,61,55,34,-3.599551212651875e-17
1,59,58,55,35,-1.6753634070332257e-16
1,59,121,55,36,-0.2136752136752136
1,59,106,55,37,-0.1424501424501424
1,59,88,55,38,-0.04273504273504273
1,59,103,55,39,-0.5698005698005697
1,59,41,55,40,-0.8148148148148149
1,59,47,55,41,-0.13105413105413116
1,59,14,55,42,-0.40740740740740755
1,59,8,55,43,-1.6980056980056983
1,59,119,55,44,-0.814814814814815
1,59,125,55,45,-0.13105413105413122
1,59,92,55,46,-0.40740740740740755
1,59,86,55,47,-1.6980056980056981
1,59,44,55,48,-0.08547008547008532
1,59,29,55,49,-0.08547008547008542
1,59,11,55,50,0.08547008547008537
1,59,26,55,51,0.17094017094017055
1,59,71,55,52,1.4586894586894585
1,59,74,55,53,0.26210826210826227
1,59,62,55,54,0.7293447293447296
1,59,59,55,55,3.7378917378917382
1,59,122,55,56,-0.08547008547008524
1,59,107,55,57,-0.0854700854700853
1,59,89,55,58,0.0854700854700857
1,59,104,55,59,0.17094017094017105
1,122,39,56,0,0.03561253561253559
1,122,45,56,1,-0.035612535612535606
1,122,12,56,2,-0.07122507122507121
1,122,6,56,3,0.0712250712250712
1,122,117,56,4,0.16381766381766383
1,122,123,56,5,-0.16381766381766388
1,122,90,56,6,-0.07122507122507117
1,122,84,56,7,0.07122507122507125
1,122,42,56,8,0.0
1,122,27,56,9,0.2136752136752137
1,122,9,56,10,1.3444106938820255e-17
1,122,24,56,11,-0.2136752136752136
1,122,69,56,12,-0.2849002849002849
1,122,72,56,13,0.28490028490028496
1,122,60,56,14,0.14245014245014243
1,122,57,56,15,-0.1424501424501424
1,122,120,56,16,4.85722573273506e-17
1,122,105,56,17,-0.042735042735042805
1,122,87,56,18,-7.892991815694472e-17
1,122,102,56,19,0.04273504273504279
1,122,40,56,20,0.12179487179487178
1,122,46,56,21,0.12179487179487179
1,122,13,56,22,0.1816239316239316
1,122,7,56,23,0.18162393162393162
1,122,118,56,24,0.032051282051282076
1,122,124,56,25,0.032051282051282076
1,122,91,56,26,0.09188034188034191
1,122,85,56,27,0.09188034188034191
1,122,43,56,28,-0.051282051282051246
1,122,28,56,29,-0.2136752136752137
1,122,10,56,30,-0.2564102564102563
1,122,25,56,31,-0.21367521367521364
1,122,70,56,32,-0.04273504273504275
1,122,73,56,33,-0.042735042735042764
1,122,61,56,34,-0.21367521367521367
1,122,58,56,35,-0.2136752136752136
1,122,121,56,36,0.25641025641025633
1,122,106,56,37,0.04273504273504269
1,122,88,56,38,0.05128205128205123
1,122,103,56,39,0.042735042735042646
1,122,41,56,40,-0.058404558404558445
1,122,47,56,41,-0.058404558404558535
1,122,14,56,42,0.09686609686609685
1,122,8,56,43,0.09686609686609673
1,122,119,56,44,-0.34330484330484323
1,122,125,56,45,-0.3433048433048433
1,122,92,56,46,-0.20797720797720792
1,122,86,56,47,-0.207977207977208
1,122,44,56,48,-0.1823361823361822
1,122,29,56,49,-0.2991452991452991
1,122,11,56,50,-0.1937321937321936
1,122,26,56,51,-0.29914529914529897
1,122,71,56,52,0.08547008547008544
1,122,74,56,53,0.08547008547008567
1,122,62,56,54,-0.0854700854700854
1,122,59,56,55,-0.08547008547008524
1,122,122,56,56,1.071225071225071
1,122,107,56,57,0.29914529914529914
1,122,89,56,58,0.3304843304843303
1,122,104,56,59,0.29914529914529897
1,107,39,57,0,0.18162393162393156
1,107,45,57,1,0.1217948717948718
1,107,12,57,2,0.1217948717948718
1,107,6,57,3,0.18162393162393162
1,107,117,57,4,0.09188034188034189
1,107,123,57,5,0.03205128205128211
1,107,90,57,6,0.03205128205128212
1,107,84,57,7,0.0918803418803419
1,107,42,57,8,-0.21367521367521364
1,107,27,57,9,-0.05128205128205127
1,107,9,57,10,-0.2136752136752137
1,107,24,57,11,-0.25641025641025633
1,107,69,57,12,-0.21367521367521358
1,107,72,57,13,-0.04273504273504279
1,107,60,57,14,-0.04273504273504274
1,107,57,57,15,-0.2136752136752136
1,107,120,57,16,0.04273504273504265
1,107,105,57,17,0.2564102564102563
1,107,87,57,18,0.042735042735042625
1,107,102,57,19,0.051282051282051336
1,107,40,57,20,-0.0712250712250712
1,107,46,57,21,-0.035612535612535544
1,107,13,57,22,0.03561253561253558
1,107,7,57,23,0.07122507122507124
1,107,118,57,24,-0.07122507122507124
1,107,124,57,25,-0.16381766381766386
1,107,91,57,26,0.16381766381766383
1,107,85,57,27,0.07122507122507124
1,107,43,57,28,0.2136752136752136
1,107,28,57,29,2.42861286636753e-17
1,107,10,57,30,-0.21367521367521364
1,107,25,57,31,1.3010426069826053e-18
1,107,70,57,32,0.14245014245014243
1,107,73,57,33,0.28490028490028485
1,107,61,57,34,-0.28490028490028496
1,107,58,57,35,-0.14245014245014237
1,107,121,57,36,-0.04273504273504275
1,107,106,57,37,7.632783294297951e-17
1,107,88,57,38,0.04273504273504266
1,107,103,57,39,2.42861286636753e-17
1,107,41,57,40,0.09686609686609673
1,107,47,57,41,-0.05840455840455846
1,107,14,57,42,-0.05840455840455839
1,107,8,57,43,0.09686609686609682
1,107,119,57,44,-0.207977207977208
1,107,125,57,45,-0.34330484330484334
1,107,92,57,46,-0.34330484330484334
1,107,86,57,47,-0.207977207977208
1,107,44,57,48,-0.2991452991452991
1,107,29,57,49,-0.18233618233618237
1,107,11,57,50,-0.29914529914529914
1,107,26,57,51,-0.19373219373219355
1,107,71,57,52,-0.08547008547008522
1,107,74,57,53,0.08547008547008558
1,107,62,57,54,0.08547008547008556
1,107,59,57,55,-0.0854700854700853
1,107,122,57,56,0.29914529914529914
1,107,107,57,57,1.071225071225071
1,107,89,57,58,0.299145299145299
1,107,104,57,59,0.3304843304843304
1,89,39,58,0,0.07122507122507121
1,89,45,58,1,-0.07122507122507121
1,89,12,58,2,-0.03561253561253563
1,89,6,58,3,0.03561253561253558
1,89,117,58,4,0.07122507122507125
1,89,123,58,5,-0.07122507122507117
1,89,90,58,6,-0.16381766381766394
1,89,84,58,7,0.16381766381766377
1,89,42,58,8,9.107298248878237e-18
1,89,27,58,9,0.21367521367521364
1,89,9,58,10,4.5644911461639737e-17
1,89,24,58,11,-0.21367521367521364
1,89,69,58,12,-0.1424501424501424
1,89,72,58,13,0.1424501424501424
1,89,60,58,14,0.28490028490028485
1,89,57,58,15,-0.2849002849002849
1,89,120,58,16,-8.239936510889834e-17
1,89,105,58,17,-0.04273504273504285
1,89,87,58,18,1.6284716630732277e-16
1,89,102,58,19,0.042735042735042826
1,89,40,58,20,-0.1816239316239316
1,89,46,58,21,-0.18162393162393156
1,89,13,58,22,-0.12179487179487179
1,89,7,58,23,-0.12179487179487178
1,89,118,58,24,-0.09188034188034191
1,89,124,58,25,-0.09188034188034186
1,89,91,58,26,-0.03205128205128207
1,89,85,58,27,-0.032051282051282035
1,89,43,58,28,0.25641025641025633
1,89,28,58,29,0.2136752136752137
1,89,10,58,30,0.05128205128205127
1,89,25,58,31,0.21367521367521367
1,89,70,58,32,0.2136752136752136
1,89,73,58,33,0.21367521367521364
1,89,61,58,34,0.042735042735042784
1,89,58,58,35,0.042735042735042715
1,89,121,58,36,-0.05128205128205128
1,89,106,58,37,-0.04273504273504278
1,89,88,58,38,-0.2564102564102563
1,89,103,58,39,-0.04273504273504268
1,89,41,58,40,0.0968660968660967
1,89,47,58,41,0.09686609686609679
1,89,14,58,42,-0.058404558404558486
1,89,8,58,43,-0.05840455840455849
1,89,119,58,44,-0.20797720797720798
1,89,125,58,45,-0.20797720797720792
1,89,92,58,46,-0.34330484330484345
1,89,86,58,47,-0.34330484330484334
1,89,44,58,48,-0.19373219373219355
1,89,29,58,49,-0.2991452991452991
1,89,11,58,50,-0.1823361823361821
1,89,26,58,51,-0.29914529914529897
1,89,71,58,52,-0.0854700854700852
1,89,74,58,53,-0.0854700854700854
1,89,62,58,54,0.08547008547008558
1,89,59,58,55,0.0854700854700857
1,89,122,58,56,0.3304843304843303
1,89,107,58,57,0.299145299145299
1,89,89,58,58,1.0712250712250713
1,89,104,58,59,0.2991452991452989
1,104,39,59,0,0.0
1,104,45,59,1,-0.18162393162393156
1,104,12,59,2,-0.1816239316239316
1,104,6,59,3,2.7755575615628914e-17
1,104,117,59,4,-1.3877787807814457e-17
1,104,123,59,5,-0.09188034188034194
1,104,90,59,6,-0.09188034188034191
1,104,84,59,7,-2.7755575615628914e-17
1,104,42,59,8,0.21367521367521364
1,104,27,59,9,0.25641025641025633
1,104,9,59,10,0.21367521367521367
1,104,24,59,11,6.938893903907228e-18
1,104,69,59,12,-3.469446951953614e-17
1,104,72,59,13,0.21367521367521367
1,104,60,59,14,0.21367521367521364
1,104,57,59,15,-2.0816681711721685e-17
1,104,120,59,16,-0.04273504273504265
1,104,105,59,17,-0.051282051282051204
1,104,87,59,18,-0.042735042735042625
1,104,102,59,19,-5.551115123125783e-17
1,104,40,59,20,-0.07122507122507127
1,104,46,59,21,-0.07122507122507124
1,104,13,59,22,0.0712250712250712
1,104,7,59,23,0.07122507122507118
1,104,118,59,24,-0.32763532763532777
1,104,124,59,25,-0.07122507122507123
1,104,91,59,26,0.07122507122507118
1,104,85,59,27,0.32763532763532766
1,104,43,59,28,0.2136752136752137
1,104,28,59,29,1.3444106938820255e-17
1,104,10,59,30,-0.21367521367521364
1,104,25,59,31,3.550762114890027e-17
1,104,70,59,32,0.5698005698005699
1,104,73,59,33,0.14245014245014248
1,104,61,59,34,-0.14245014245014237
1,104,58,59,35,-0.5698005698005699
1,104,121,59,36,-0.04273504273504286
1,104,106,59,37,2.0816681711721685e-17
1,104,88,59,38,0.0427350427350428
1,104,103,59,39,9.421716878899034e-17
1,104,41,59,40,-0.11680911680911699
1,104,47,59,41,0.09686609686609676
1,104,14,59,42,0.09686609686609678
1,104,8,59,43,-0.11680911680911701
1,104,119,59,44,-0.6866096866096868
1,104,125,59,45,-0.20797720797720795
1,104,92,59,46,-0.20797720797720798
1,104,86,59,47,-0.6866096866096867
1,104,44,59,48,-0.29914529914529897
1,104,29,59,49,-0.19373219373219364
1,104,11,59,50,-0.29914529914529897
1,104,26,59,51,-0.36467236467236464
1,104,71,59,52,0.17094017094017122
1,104,74,59,53,-0.08547008547008539
1,104,62,59,54,-0.08547008547008542
1,104,59,59,55,0.17094017094017105
1,104,122,59,56,0.29914529914529897
1,104,107,59,57,0.3304843304843304
1,104,89,59,58,0.2991452991452989
1,104,104,59,59,2.1424501424501425
2,45,45,0,0,1.5356125356125365
2,45,51,0,1,0.4401709401709406
2,45,18,0,2,0.2592592592592594
2,45,12,0,3,0.7663817663817665
2,45,123,0,4,0.7663817663817666
2,45,129,0,5,0.2592592592592594
2,45,96,0,6,0.08618233618233621
2,45,90,0,7,0.48290598290598297
2,45,48,0,8,-0.8490028490028495
2,45,30,0,9,-0.05840455840455846
2,45,15,0,10,-0.4074074074074078
2,45,27,0,11,-0.6866096866096869
2,45,72,0,12,-0.6866096866096866
2,45,75,0,13,-0.058404558404558465
2,45,63,0,14,0.09686609686609683
2,45,60,0,15,-0.41595441595441596
2,45,126,0,16,-0.4074074074074079
2,45,108,0,17,0.0968660968660968
2,45,93,0,18,-0.1310541310541312
2,45,105,0,19,-0.41595441595441585
2,45,46,0,20,5.551115123125783e-17
2,45,52,0,21,0.00854700854700859
2,45,19,0,22,-0.007122507122507156
2,45,13,0,23,-1.0408340855860843e-17
2,45,124,0,24,-6.938893903907228e-17
2,45,130,0,25,0.003205128205128166
2,45,97,0,26,0.0551994301994302
2,45,91,0,27,-6.938893903907228e-18
2,45,49,0,28,0.12108262108262108
2,45,31,0,29,-0.03561253561253563
2,45,16,0,30,-0.035612535612535565
2,45,28,0,31,2.7755575615628914e-17
2,45,73,0,32,1.1102230246251565e-16
2,45,76,0,33,0.12179487179487174
2,45,64,0,34,-0.18162393162393164
2,45,61,0,35,-1.3877787807814457e-17
2,45,127,0,36,0.07122507122507131
2,45,109,0,37,-0.07122507122507125
2,45,94,0,38,-0.07122507122507123
2,45,106,0,39,0.0
2,45,47,0,40,-8.326672684688674e-17
2,45,53,0,41,-0.008547008547008664
2,45,20,0,42,-0.0032051282051283082
2,45,14,0,43,3.469446951953614e-17
2,45,125,0,44,2.2551405187698492e-17
2,45,131,0,45,0.007122507122507128
2,45,98,0,46,-0.0551994301994302
2,45,92,0,47,2.42861286636753e-17
2,45,50,0,48,-0.1210826210826208
2,45,32,0,49,-0.12179487179487168
2,45,17,0,50,-0.07122507122507112
2,45,29,0,51,-1.8041124150158794e-16
2,45,74,0,52,-5.551115123125783e-17
2,45,77,0,53,0.03561253561253565
2,45,65,0,54,0.07122507122507125
2,45,62,0,55,-4.163336342344337e-17
2,45,128,0,56,0.0356125356125356
2,45,110,0,57,0.18162393162393162
2,45,95,0,58,0.07122507122507121
2,45,107,0,59,0.0
2,51,45,1,0,0.4401709401709406
2,51,51,1,1,0.7678062678062687
2,51,18,1,2,0.3831908831908835
2,51,12,1,3,0.2592592592592594
2,51,123,1,4,0.2592592592592594
2,51,129,1,5,0.3831908831908834
2,51,96,1,6,0.24145299145299157
2,51,90,1,7,0.08618233618233619
2,51,48,1,8,-0.8490028490028498
2,51,30,1,9,-0.3433048433048435
2,51,15,1,10,-0.407407407407408
2,51,27,1,11,-0.05840455840455827
2,51,72,1,12,-0.05840455840455824
2,51,75,1,13,-0.3433048433048436
2,51,63,1,14,-0.2079772079772081
2,51,60,1,15,0.09686609686609707
2,51,126,1,16,-0.40740740740740794
2,51,108,1,17,-0.2079772079772081
2,51,93,1,18,-0.13105413105413122
2,51,105,1,19,0.09686609686609701
2,51,46,1,20,-0.008547008547008496
2,51,52,1,21,0.20655270655270674
2,51,19,1,22,0.008547008547008551
2,51,13,1,23,0.007122507122507129
2,51,124,1,24,-0.0032051282051282345
2,51,130,1,25,0.05519943019943018
2,51,97,1,26,0.003205128205128207
2,51,91,1,27,-0.05519943019943023
2,51,49,1,28,-0.1210826210826213
2,51,31,1,29,-0.16381766381766388
2,51,16,1,30,0.035612535612535634
2,51,28,1,31,0.03561253561253561
2,51,73,1,32,-0.12179487179487178
2,51,76,1,33,0.032051282051282076
2,51,64,1,34,-0.0918803418803419
2,51,61,1,35,0.18162393162393164
2,51,127,1,36,-0.07122507122507114
2,51,109,1,37,-0.07122507122507125
2,51,94,1,38,0.07122507122507125
2,51,106,1,39,0.07122507122507124
2,51,47,1,40,0.00854700854700844
2,51,53,1,41,-0.2065527065527069
2,51,20,1,42,-0.055199430199430265
2,51,14,1,43,0.0032051282051281434
2,51,125,1,44,-0.007122507122507166
2,51,131,1,45,-0.008547008547008569
2,51,98,1,46,-0.00320512820512825
2,51,92,1,47,0.05519943019943018
2,51,50,1,48,0.12108262108262144
2,51,32,1,49,-0.03205128205128207
2,51,17,1,50,0.07122507122507138
2,51,29,1,51,0.12179487179487178
2,51,74,1,52,-0.03561253561253562
2,51,77,1,53,0.16381766381766374
2,51,65,1,54,0.07122507122507124
2,51,62,1,55,-0.07122507122507127
2,51,128,1,56,-0.03561253561253552
2,51,110,1,57,0.09188034188034191
2,51,95,1,58,-0.07122507122507116
2,51,107,1,59,-0.18162393162393162
2,18,45,2,0,0.2592592592592594
2,18,51,2,1,0.38319088319088357
2,18,18,2,2,0.7678062678062688
2,18,12,2,3,0.4401709401709406
2,18,123,2,4,0.08618233618233617
2,18,129,2,5,0.2414529914529915
2,18,96,2,6,0.3831908831908834
2,18,90,2,7,0.2592592592592593
2,18,48,2,8,-0.407407407407408
2,18,30,2,9,-0.34330484330484334
2,18,15,2,10,-0.84900284900285
2,18,27,2,11,-0.058404558404558285
2,18,72,2,12,0.09686609686609708
2,18,75,2,13,-0.20797720797720812
2,18,63,2,14,-0.34330484330484345
2,18,60,2,15,-0.05840455840455839
2,18,126,2,16,-0.13105413105413122
2,18,108,2,17,-0.207977207977208
2,18,93,2,18,-0.4074074074074076
2,18,105,2,19,0.09686609686609705
2,18,46,2,20,-0.007122507122507149
2,18,52,2,21,-0.008547008547008548
2,18,19,2,22,-0.20655270655270674
2,18,13,2,23,0.008547008547008482
2,18,124,2,24,0.0551994301994302
2,18,130,2,25,-0.003205128205128204
2,18,97,2,26,-0.05519943019943021
2,18,91,2,27,0.003205128205128223
2,18,49,2,28,-0.0356125356125356
2,18,31,2,29,0.1638176638176638
2,18,16,2,30,0.12108262108262129
2,18,28,2,31,-0.035612535612535606
2,18,73,2,32,-0.18162393162393167
2,18,76,2,33,0.0918803418803419
2,18,64,2,34,-0.03205128205128201
2,18,61,2,35,0.12179487179487175
2,18,127,2,36,-0.07122507122507123
2,18,109,2,37,0.07122507122507121
2,18,94,2,38,0.07122507122507123
2,18,106,2,39,-0.07122507122507123
2,18,47,2,40,0.003205128205128114
2,18,53,2,41,-0.05519943019943026
2,18,20,2,42,-0.20655270655270694
2,18,14,2,43,0.008547008547008385
2,18,125,2,44,0.05519943019943019
2,18,131,2,45,-0.0032051282051282475
2,18,98,2,46,-0.008547008547008577
2,18,92,2,47,-0.007122507122507156
2,18,50,2,48,0.0712250712250714
2,18,32,2,49,-0.03205128205128204
2,18,17,2,50,0.12108262108262163
2,18,29,2,51,0.12179487179487179
2,18,74,2,52,-0.07122507122507127
2,18,77,2,53,0.07122507122507125
2,18,65,2,54,0.1638176638176638
2,18,62,2,55,-0.03561253561253561
2,18,128,2,56,-0.07122507122507117
2,18,110,2,57,0.09188034188034191
2,18,95,2,58,-0.035612535612535544
2,18,107,2,59,-0.18162393162393162
2,12,45,3,0,0.7663817663817665
2,12,51,3,1,0.2592592592592594
2,12,18,3,2,0.44017094017094055
2,12,12,3,3,1.5356125356125365
2,12,123,3,4,0.48290598290598286
2,12,129,3,5,0.08618233618233623
2,12,96,3,6,0.2592592592592593
2,12,90,3,7,0.7663817663817664
2,12,48,3,8,-0.40740740740740783
2,12,30,3,9,-0.05840455840455844
2,12,15,3,10,-0.8490028490028495
2,12,27,3,11,-0.6866096866096867
2,12,72,3,12,-0.41595441595441585
2,12,75,3,13,0.09686609686609673
2,12,63,3,14,-0.058404558404558375
2,12,60,3,15,-0.6866096866096867
2,12,126,3,16,-0.1310541310541312
2,12,108,3,17,0.09686609686609689
2,12,93,3,18,-0.4074074074074075
2,12,105,3,19,-0.41595441595441573
2,12,46,3,20,-2.0816681711721685e-17
2,12,52,3,21,0.007122507122507159
2,12,19,3,22,-0.008547008547008624
2,12,13,3,23,-2.7755575615628914e-17
2,12,124,3,24,-7.806255641895632e-18
2,12,130,3,25,-0.05519943019943022
2,12,97,3,26,-0.0032051282051281924
2,12,91,3,27,4.163336342344337e-17
2,12,49,3,28,0.03561253561253561
2,12,31,3,29,0.03561253561253559
2,12,16,3,30,-0.12108262108262104
2,12,28,3,31,2.7755575615628914e-17
2,12,73,3,32,0.0
2,12,76,3,33,0.1816239316239316
2,12,64,3,34,-0.12179487179487171
2,12,61,3,35,-8.326672684688674e-17
2,12,127,3,36,0.07122507122507124
2,12,109,3,37,0.07122507122507121
2,12,94,3,38,-0.07122507122507127
2,12,106,3,39,-1.3877787807814457e-17
2,12,47,3,40,2.7755575615628914e-17
2,12,53,3,41,-0.003205128205128282
2,12,20,3,42,-0.008547008547008728
2,12,14,3,43,-1.1102230246251565e-16
2,12,125,3,44,1.1275702593849246e-17
2,12,131,3,45,-0.05519943019943023
2,12,98,3,46,0.007122507122507121
2,12,92,3,47,2.42861286636753e-17
2,12,50,3,48,-0.07122507122507114
2,12,32,3,49,-0.12179487179487171
2,12,17,3,50,-0.1210826210826208
2,12,29,3,51,-9.71445146547012e-17
2,12,74,3,52,-2.7755575615628914e-17
2,12,77,3,53,0.07122507122507125
2,12,65,3,54,0.035612535612535676
2,12,62,3,55,0.0
2,12,128,3,56,0.07122507122507121
2,12,110,3,57,0.18162393162393162
2,12,95,3,58,0.035612535612535585
2,12,107,3,59,-1.3877787807814457e-17
2,123,45,4,0,0.7663817663817666
2,123,51,4,1,0.2592592592592594
2,123,18,4,2,0.08618233618233617
2,123,12,4,3,0.48290598290598286
2,123,123,4,4,1.535612535612536
2,123,129,4,5,0.4401709401709403
2,123,96,4,6,0.2592592592592593
2,123,90,4,7,0.7663817663817666
2,123,48,4,8,-0.40740740740740766
2,123,30,4,9,0.09686609686609685
2,123,15,4,10,-0.1310541310541311
2,123,27,4,11,-0.41595441595441596
2,123,72,4,12,-0.6866096866096869
2,123,75,4,13,-0.058404558404558514
2,123,63,4,14,0.09686609686609682
2,123,60,4,15,-0.415954415954416
2,123,126,4,16,-0.8490028490028491
2,123,108,4,17,-0.05840455840455826
2,123,93,4,18,-0.40740740740740755
2,123,105,4,19,-0.6866096866096868
2,123,46,4,20,-6.245004513516506e-17
2,123,52,4,21,0.003205128205128171
2,123,19,4,22,0.055199430199430216
2,123,13,4,23,-4.336808689942018e-18
2,123,124,4,24,2.7755575615628914e-17
2,123,130,4,25,0.008547008547008524
2,123,97,4,26,-0.007122507122507114
2,123,91,4,27,1.3877787807814457e-17
2,123,49,4,28,0.07122507122507132
2,123,31,4,29,-0.07122507122507124
2,123,16,4,30,-0.0712250712250712
2,123,28,4,31,2.7755575615628914e-17
2,123,73,4,32,1.1102230246251565e-16
2,123,76,4,33,0.12179487179487171
2,123,64,4,34,-0.18162393162393156
2,123,61,4,35,-1.3877787807814457e-17
2,123,127,4,36,0.12108262108262119
2,123,109,4,37,-0.03561253561253563
2,123,94,4,38,-0.03561253561253559
2,123,106,4,39,-2.7755575615628914e-17
2,123,47,4,40,2.42861286636753e-17
2,123,53,4,41,-0.007122507122507161
2,123,20,4,42,0.05519943019943019
2,123,14,4,43,1.3010426069826053e-17
2,123,125,4,44,8.326672684688674e-17
2,123,131,4,45,0.008547008547008579
2,123,98,4,46,0.0032051282051281894
2,123,92,4,47,-6.938893903907228e-18
2,123,50,4,48,-0.035612535612535606
2,123,32,4,49,-0.18162393162393156
2,123,17,4,50,-0.07122507122507121
2,123,29,4,51,-4.163336342344337e-17
2,123,74,4,52,-1.1102230246251565e-16
2,123,77,4,53,-0.03561253561253561
2,123,65,4,54,-0.0712250712250712
2,123,62,4,55,-2.7755575615628914e-17
2,123,128,4,56,0.12108262108262115
2,123,110,4,57,0.12179487179487188
2,123,95,4,58,0.07122507122507123
2,123,107,4,59,-2.0816681711721685e-17
2,129,45,5,0,0.2592592592592594
2,129,51,5,1,0.3831908831908834
2,129,18,5,2,0.2414529914529915
2,129,12,5,3,0.08618233618233623
2,129,123,5,4,0.44017094017094033
2,129,129,5,5,0.7678062678062684
2,129,96,5,6,0.38319088319088335
2,129,90,5,7,0.25925925925925936
2,129,48,5,8,-0.4074074074074079
2,129,30,5,9,-0.20797720797720817
2,129,15,5,10,-0.13105413105413125
2,129,27,5,11,0.09686609686609698
2,129,72,5,12,-0.05840455840455834
2,129,75,5,13,-0.34330484330484345
2,129,63,5,14,-0.20797720797720806
2,129,60,5,15,0.09686609686609697
2,129,126,5,16,-0.8490028490028496
2,129,108,5,17,-0.34330484330484323
2,129,93,5,18,-0.40740740740740755
2,129,105,5,19,-0.05840455840455844
2,129,46,5,20,-0.0032051282051282458
2,129,52,5,21,0.055199430199430174
2,129,19,5,22,0.0032051282051282
2,129,13,5,23,-0.05519943019943023
2,129,124,5,24,-0.008547008547008579
2,129,130,5,25,0.2065527065527067
2,129,97,5,26,0.008547008547008558
2,129,91,5,27,0.007122507122507156
2,129,49,5,28,-0.07122507122507116
2,129,31,5,29,-0.07122507122507123
2,129,16,5,30,0.07122507122507125
2,129,28,5,31,0.07122507122507124
2,129,73,5,32,-0.12179487179487179
2,129,76,5,33,0.03205128205128203
2,129,64,5,34,-0.0918803418803419
2,129,61,5,35,0.18162393162393156
2,129,127,5,36,-0.1210826210826211
2,129,109,5,37,-0.16381766381766394
2,129,94,5,38,0.03561253561253562
2,129,106,5,39,0.03561253561253558
2,129,47,5,40,0.007122507122507126
2,129,53,5,41,0.00854700854700853
2,129,20,5,42,0.003205128205128172
2,129,14,5,43,-0.0551994301994302
2,129,125,5,44,-0.008547008547008517
2,129,131,5,45,0.20655270655270666
2,129,98,5,46,0.05519943019943017
2,129,92,5,47,-0.003205128205128197
2,129,50,5,48,0.03561253561253568
2,129,32,5,49,-0.09188034188034185
2,129,17,5,50,0.07122507122507124
2,129,29,5,51,0.18162393162393153
2,129,74,5,52,0.03561253561253555
2,129,77,5,53,-0.16381766381766394
2,129,65,5,54,-0.07122507122507118
2,129,62,5,55,0.07122507122507118
2,129,128,5,56,-0.1210826210826211
2,129,110,5,57,0.032051282051282125
2,129,95,5,58,-0.0712250712250712
2,129,107,5,59,-0.12179487179487186
2,96,45,6,0,0.08618233618233623
2,96,51,6,1,0.24145299145299157
2,96,18,6,2,0.3831908831908834
2,96,12,6,3,0.2592592592592593
2,96,123,6,4,0.2592592592592593
2,96,129,6,5,0.38319088319088335
2,96,96,6,6,0.767806267806268
2,96,90,6,7,0.4401709401709401
2,96,48,6,8,-0.1310541310541313
2,96,30,6,9,-0.2079772079772081
2,96,15,6,10,-0.4074074074074078
2,96,27,6,11,0.09686609686609703
2,96,72,6,12,0.09686609686609701
2,96,75,6,13,-0.20797720797720812
2,96,63,6,14,-0.34330484330484323
2,96,60,6,15,-0.058404558404558375
2,96,126,6,16,-0.4074074074074076
2,96,108,6,17,-0.3433048433048433
2,96,93,6,18,-0.8490028490028492
2,96,105,6,19,-0.05840455840455838
2,96,46,6,20,0.05519943019943021
2,96,52,6,21,-0.0032051282051282107
2,96,19,6,22,-0.05519943019943021
2,96,13,6,23,0.003205128205128217
2,96,124,6,24,-0.0071225071225071365
2,96,130,6,25,-0.008547008547008551
2,96,97,6,26,-0.2065527065527066
2,96,91,6,27,0.008547008547008593
2,96,49,6,28,-0.07122507122507121
2,96,31,6,29,0.07122507122507123
2,96,16,6,30,0.07122507122507124
2,96,28,6,31,-0.07122507122507123
2,96,73,6,32,-0.18162393162393162
2,96,76,6,33,0.0918803418803419
2,96,64,6,34,-0.032051282051281965
2,96,61,6,35,0.12179487179487171
2,96,127,6,36,-0.035612535612535606
2,96,109,6,37,0.16381766381766388
2,96,94,6,38,0.12108262108262108
2,96,106,6,39,-0.03561253561253561
2,96,47,6,40,-0.05519943019943021
2,96,53,6,41,0.003205128205128165
2,96,20,6,42,0.008547008547008515
2,96,14,6,43,0.007122507122507131
2,96,125,6,44,-0.003205128205128226
2,96,131,6,45,0.05519943019943017
2,96,98,6,46,0.2065527065527066
2,96,92,6,47,-0.00854700854700848
2,96,50,6,48,0.07122507122507125
2,96,32,6,49,-0.09188034188034185
2,96,17,6,50,0.035612535612535634
2,96,29,6,51,0.18162393162393156
2,96,74,6,52,0.07122507122507117
2,96,77,6,53,-0.07122507122507117
2,96,65,6,54,-0.16381766381766383
2,96,62,6,55,0.03561253561253556
2,96,128,6,56,-0.07122507122507118
2,96,110,6,57,0.03205128205128214
2,96,95,6,58,-0.12108262108262116
2,96,107,6,59,-0.1217948717948718
2,90,45,7,0,0.48290598290598297
2,90,51,7,1,0.08618233618233619
2,90,18,7,2,0.25925925925925936
2,90,12,7,3,0.7663817663817665
2,90,123,7,4,0.7663817663817666
2,90,129,7,5,0.2592592592592593
2,90,96,7,6,0.4401709401709401
2,90,90,7,7,1.5356125356125359
2,90,48,7,8,-0.13105413105413113
2,90,30,7,9,0.09686609686609686
2,90,15,7,10,-0.4074074074074076
2,90,27,7,11,-0.4159544159544159
2,90,72,7,12,-0.41595441595441596
2,90,75,7,13,0.09686609686609679
2,90,63,7,14,-0.05840455840455832
2,90,60,7,15,-0.6866096866096869
2,90,126,7,16,-0.40740740740740755
2,90,108,7,17,-0.05840455840455823
2,90,93,7,18,-0.849002849002849
2,90,105,7,19,-0.6866096866096869
2,90,46,7,20,-1.431146867680866e-17
2,90,52,7,21,-0.05519943019943023
2,90,19,7,22,-0.003205128205128198
2,90,13,7,23,2.7755575615628914e-17
2,90,124,7,24,3.469446951953614e-18
2,90,130,7,25,0.007122507122507157
2,90,97,7,26,-0.008547008547008513
2,90,91,7,27,1.6653345369377348e-16
2,90,49,7,28,0.07122507122507124
2,90,31,7,29,0.07122507122507124
2,90,16,7,30,-0.07122507122507125
2,90,28,7,31,0.0
2,90,73,7,32,1.3877787807814457e-17
2,90,76,7,33,0.18162393162393156
2,90,64,7,34,-0.12179487179487172
2,90,61,7,35,-7.632783294297951e-17
2,90,127,7,36,0.035612535612535606
2,90,109,7,37,0.03561253561253559
2,90,94,7,38,-0.12108262108262127
2,90,106,7,39,0.0
2,90,47,7,40,1.2576745200831851e-17
2,90,53,7,41,0.055199430199430195
2,90,20,7,42,-0.007122507122507158
2,90,14,7,43,1.5612511283791264e-17
2,90,125,7,44,0.0
2,90,131,7,45,0.003205128205128213
2,90,98,7,46,0.00854700854700862
2,90,92,7,47,1.3877787807814457e-16
2,90,50,7,48,-0.07122507122507123
2,90,32,7,49,-0.18162393162393162
2,90,17,7,50,-0.03561253561253561
2,90,29,7,51,-1.3877787807814457e-17
2,90,74,7,52,-1.3877787807814457e-17
2,90,77,7,53,-0.07122507122507121
2,90,65,7,54,-0.035612535612535585
2,90,62,7,55,-2.7755575615628914e-17
2,90,128,7,56,0.07122507122507121
2,90,110,7,57,0.12179487179487182
2,90,95,7,58,0.12108262108262095
2,90,107,7,59,6.938893903907228e-18
2,48,45,8,0,-0.8490028490028495
2,48,51,8,1,-0.8490028490028498
2,48,18,8,2,-0.407407407407408
2,48,12,8,3,-0.40740740740740783
2,48,123,8,4,-0.40740740740740766
2,48,129,8,5,-0.4074074074074079
2,48,96,8,6,-0.1310541310541313
2,48,90,8,7,-0.13105413105413113
2,48,48,8,8,1.8689458689458698
2,48,30,8,9,0.08547008547008576
2,48,15,8,10,0.7293447293447304
2,48,27,8,11,0.08547008547008536
2,48,72,8,12,0.08547008547008511
2,48,75,8,13,0.08547008547008576
2,48,63,8,14,-0.08547008547008524
2,48,60,8,15,-0.08547008547008571
2,48,126,8,16,0.7293447293447303
2,48,108,8,17,-0.08547008547008529
2,48,93,8,18,0.2621082621082625
2,48,105,8,19,-0.08547008547008568
2,48,46,8,20,0.16381766381766386
2,48,52,8,21,-0.16381766381766405
2,48,19,8,22,-0.03561253561253562
2,48,13,8,23,0.03561253561253562
2,48,124,8,24,0.07122507122507132
2,48,130,8,25,-0.07122507122507116
2,48,97,8,26,-0.07122507122507124
2,48,91,8,27,0.07122507122507125
2,48,49,8,28,2.3418766925686896e-16
2,48,31,8,29,0.28490028490028496
2,48,16,8,30,-3.4640259410911867e-17
2,48,28,8,31,-0.28490028490028496
2,48,73,8,32,0.04273504273504267
2,48,76,8,33,-0.042735042735042666
2,48,64,8,34,0.21367521367521367
2,48,61,8,35,-0.2136752136752136
2,48,127,8,36,-1.474514954580286e-16
2,48,109,8,37,0.1424501424501425
2,48,94,8,38,-1.6479873021779667e-17
2,48,106,8,39,-0.14245014245014248
2,48,47,8,40,-0.16381766381766363
2,48,53,8,41,0.1638176638176642
2,48,20,8,42,0.07122507122507138
2,48,14,8,43,-0.07122507122507114
2,48,125,8,44,-0.035612535612535565
2,48,131,8,45,0.03561253561253562
2,48,98,8,46,0.07122507122507125
2,48,92,8,47,-0.07122507122507121
2,48,50,8,48,-6.782768791069316e-16
2,48,32,8,49,0.042735042735042604
2,48,17,8,50,-2.660632131279428e-16
2,48,29,8,51,-0.042735042735042576
2,48,74,8,52,0.284900284900285
2,48,77,8,53,-0.28490028490028496
2,48,65,8,54,-0.1424501424501425
2,48,62,8,55,0.1424501424501425
2,48,128,8,56,-9.020562075079397e-17
2,48,110,8,57,-0.21367521367521367
2,48,95,8,58,-4.92227786308419e-17
2,48,107,8,59,0.2136752136752137
2,30,45,9,0,-0.05840455840455846
2,30,51,9,1,-0.3433048433048435
2,30,18,9,2,-0.34330484330484334
2,30,12,9,3,-0.05840455840455844
2,30,123,9,4,0.09686609686609685
2,30,129,9,5,-0.20797720797720815
2,30,96,9,6,-0.2079772079772081
2,30,90,9,7,0.09686609686609686
2,30,48,9,8,0.08547008547008574
2,30,30,9,9,1.0712250712250715
2,30,15,9,10,0.0854700854700856
2,30,27,9,11,-0.18233618233618254
2,30,72,9,12,-0.2991452991452994
2,30,75,9,13,0.2991452991452994
2,30,63,9,14,0.29914529914529936
2,30,60,9,15,-0.2991452991452994
2,30,126,9,16,-0.08547008547008529
2,30,108,9,17,0.33048433048433057
2,30,93,9,18,-0.08547008547008532
2,30,105,9,19,-0.19373219373219377
2,30,46,9,20,-0.0356125356125356
2,30,52,9,21,-0.12108262108262113
2,30,19,9,22,0.12108262108262112
2,30,13,9,23,0.03561253561253559
2,30,124,9,24,-0.07122507122507123
2,30,130,9,25,-0.07122507122507124
2,30,97,9,26,0.07122507122507124
2,30,91,9,27,0.07122507122507123
2,30,49,9,28,0.28490028490028485
2,30,31,9,29,3.67544536472586e-17
2,30,16,9,30,-0.2849002849002848
2,30,28,9,31,7.914675859144182e-18
2,30,73,9,32,0.21367521367521372
2,30,76,9,33,0.04273504273504264
2,30,64,9,34,-0.04273504273504267
2,30,61,9,35,-0.21367521367521367
2,30,127,9,36,0.14245014245014248
2,30,109,9,37,2.0816681711721685e-17
2,30,94,9,38,-0.1424501424501425
2,30,106,9,39,3.0357660829594124e-18
2,30,47,9,40,-0.09188034188034178
2,30,53,9,41,-0.03205128205128204
2,30,20,9,42,-0.03205128205128205
2,30,14,9,43,-0.09188034188034179
2,30,125,9,44,-0.18162393162393164
2,30,131,9,45,-0.12179487179487175
2,30,98,9,46,-0.12179487179487175
2,30,92,9,47,-0.18162393162393156
2,30,50,9,48,-0.042735042735042826
2,30,32,9,49,-0.2564102564102563
2,30,17,9,50,-0.04273504273504285
2,30,29,9,51,-0.051282051282051384
2,30,74,9,52,0.21367521367521367
2,30,77,9,53,0.04273504273504273
2,30,65,9,54,0.04273504273504272
2,30,62,9,55,0.21367521367521367
2,30,128,9,56,0.21367521367521358
2,30,110,9,57,0.05128205128205125
2,30,95,9,58,0.21367521367521358
2,30,107,9,59,0.2564102564102563
2,15,45,10,0,-0.4074074074074078
2,15,51,10,1,-0.407407407407408
2,15,18,10,2,-0.8490028490028498
2,15,12,10,3,-0.8490028490028495
2,15,123,10,4,-0.1310541310541311
2,15,129,10,5,-0.13105413105413125
2,15,96,10,6,-0.4074074074074077
2,15,90,10,7,-0.4074074074074076
2,15,48,10,8,0.7293447293447304
2,15,30,10,9,0.08547008547008558
2,15,15,10,10,1.86894586894587
2,15,27,10,11,0.08547008547008529
2,15,72,10,12,-0.08547008547008574
2,15,75,10,13,-0.08547008547008524
2,15,63,10,14,0.08547008547008553
2,15,60,10,15,0.08547008547008547
2,15,126,10,16,0.26210826210826244
2,15,108,10,17,-0.08547008547008537
2,15,93,10,18,0.7293447293447297
2,15,105,10,19,-0.08547008547008571
2,15,46,10,20,-0.03561253561253558
2,15,52,10,21,0.035612535612535634
2,15,19,10,22,0.16381766381766402
2,15,13,10,23,-0.16381766381766372
2,15,124,10,24,-0.07122507122507121
2,15,130,10,25,0.07122507122507125
2,15,97,10,26,0.07122507122507123
2,15,91,10,27,-0.07122507122507125
2,15,49,10,28,-2.8514517136368767e-17
2,15,31,10,29,-0.284900284900285
2,15,16,10,30,-2.8370860348514437e-16
2,15,28,10,31,0.284900284900285
2,15,73,10,32,0.21367521367521364
2,15,76,10,33,-0.21367521367521367
2,15,64,10,34,0.042735042735042604
2,15,61,10,35,-0.04273504273504262
2,15,127,10,36,-1.8431436932253575e-17
2,15,109,10,37,-0.14245014245014245
2,15,94,10,38,5.323432666903827e-17
2,15,106,10,39,0.14245014245014245
2,15,47,10,40,-0.07122507122507112
2,15,53,10,41,0.07122507122507138
2,15,20,10,42,0.16381766381766433
2,15,14,10,43,-0.16381766381766352
2,15,125,10,44,-0.07122507122507124
2,15,131,10,45,0.07122507122507128
2,15,98,10,46,0.035612535612535634
2,15,92,10,47,-0.035612535612535606
2,15,50,10,48,-2.695326600798964e-16
2,15,32,10,49,0.04273504273504261
2,15,17,10,50,-8.2135090829355e-16
2,15,29,10,51,-0.04273504273504263
2,15,74,10,52,0.1424501424501425
2,15,77,10,53,-0.1424501424501425
2,15,65,10,54,-0.284900284900285
2,15,62,10,55,0.2849002849002851
2,15,128,10,56,-4.7921736023859296e-17
2,15,110,10,57,-0.2136752136752137
2,15,95,10,58,-4.2392304944183223e-17
2,15,107,10,59,0.2136752136752137
2,27,45,11,0,-0.6866096866096869
2,27,51,11,1,-0.05840455840455825
2,27,18,11,2,-0.05840455840455828
2,27,12,11,3,-0.6866096866096866
2,27,123,11,4,-0.41595441595441596
2,27,129,11,5,0.09686609686609698
2,27,96,11,6,0.09686609686609703
2,27,90,11,7,-0.41595441595441585
2,27,48,11,8,0.08547008547008536
2,27,30,11,9,-0.18233618233618254
2,27,15,11,10,0.08547008547008529
2,27,27,11,11,2.1424501424501425
2,27,72,11,12,0.5982905982905982
2,27,75,11,13,-0.2991452991452992
2,27,63,11,14,-0.2991452991452994
2,27,60,11,15,0.5982905982905984
2,27,126,11,16,-0.08547008547008556
2,27,108,11,17,-0.19373219373219383
2,27,93,11,18,-0.0854700854700856
2,27,105,11,19,0.6609686609686611
2,27,46,11,20,0.0
2,27,52,11,21,0.035612535612535606
2,27,19,11,22,-0.03561253561253559
2,27,13,11,23,1.3877787807814457e-17
2,27,124,11,24,2.7755575615628914e-17
2,27,130,11,25,0.07122507122507124
2,27,97,11,26,-0.07122507122507124
2,27,91,11,27,1.3877787807814457e-17
2,27,49,11,28,-0.28490028490028485
2,27,31,11,29,5.366800753803247e-18
2,27,16,11,30,0.28490028490028474
2,27,28,11,31,-1.202109158743303e-17
2,27,73,11,32,-5.551115123125783e-17
2,27,76,11,33,-0.2136752136752136
2,27,64,11,34,0.2136752136752136
2,27,61,11,35,4.85722573273506e-17
2,27,127,11,36,-0.14245014245014248
2,27,109,11,37,5.637851296924623e-18
2,27,94,11,38,0.1424501424501425
2,27,106,11,39,7.48099499014998e-18
2,27,47,11,40,-1.5959455978986625e-16
2,27,53,11,41,0.09188034188034185
2,27,20,11,42,0.09188034188034183
2,27,14,11,43,-1.3183898417423734e-16
2,27,125,11,44,-5.551115123125783e-17
2,27,131,11,45,0.18162393162393162
2,27,98,11,46,0.18162393162393153
2,27,92,11,47,-4.163336342344337e-17
2,27,50,11,48,0.04273504273504285
2,27,32,11,49,0.05128205128205117
2,27,17,11,50,0.042735042735042805
2,27,29,11,51,1.6653345369377348e-16
2,27,74,11,52,2.0816681711721685e-17
2,27,77,11,53,-0.2136752136752137
2,27,65,11,54,-0.2136752136752137
2,27,62,11,55,-2.7755575615628914e-17
2,27,128,11,56,-0.21367521367521353
2,27,110,11,57,-0.25641025641025633
2,27,95,11,58,-0.21367521367521358
2,27,107,11,59,-1.3877787807814457e-17
2,72,45,12,0,-0.6866096866096865
2,72,51,12,1,-0.05840455840455823
2,72,18,12,2,0.09686609686609708
2,72,12,12,3,-0.41595441595441585
2,72,123,12,4,-0.6866096866096869
2,72,129,12,5,-0.05840455840455831
2,72,96,12,6,0.09686609686609701
2,72,90,12,7,-0.41595441595441596
2,72,48,12,8,0.0854700854700851
2,72,30,12,9,-0.2991452991452994
2,72,15,12,10,-0.08547008547008574
2,72,27,12,11,0.5982905982905982
2,72,72,12,12,2.142450142450143
2,72,75,12,13,-0.18233618233618254
2,72,63,12,14,-0.19373219373219383
2,72,60,12,15,0.6609686609686611
2,72,126,12,16,0.08547008547008553
2,72,108,12,17,-0.29914529914529925
2,72,93,12,18,-0.08547008547008557
2,72,105,12,19,0.5982905982905982
2,72,46,12,20,9.020562075079397e-17
2,72,52,12,21,-0.09188034188034187
2,72,19,12,22,-0.18162393162393167
2,72,13,12,23,4.163336342344337e-17
2,72,124,12,24,1.3183898417423734e-16
2,72,130,12,25,-0.09188034188034185
2,72,97,12,26,-0.1816239316239316
2,72,91,12,27,2.7755575615628914e-17
2,72,49,12,28,-0.042735042735042784
2,72,31,12,29,0.21367521367521375
2,72,16,12,30,0.2136752136752137
2,72,28,12,31,-5.551115123125783e-17
2,72,73,12,32,-2.220446049250313e-16
2,72,76,12,33,-0.051282051282051044
2,72,64,12,34,0.25641025641025633
2,72,61,12,35,-6.938893903907228e-18
2,72,127,12,36,-0.042735042735042826
2,72,109,12,37,0.21367521367521372
2,72,94,12,38,0.21367521367521367
2,72,106,12,39,-2.0816681711721685e-17
2,72,47,12,40,-6.938893903907228e-17
2,72,53,12,41,-0.0356125356125356
2,72,20,12,42,-0.07122507122507125
2,72,14,12,43,-1.3877787807814457e-17
2,72,125,12,44,-4.163336342344337e-17
2,72,131,12,45,0.03561253561253558
2,72,98,12,46,0.07122507122507117
2,72,92,12,47,0.0
2,72,50,12,48,0.28490028490028485
2,72,32,12,49,0.2136752136752137
2,72,17,12,50,0.14245014245014256
2,72,29,12,51,-6.938893903907228e-18
2,72,74,12,52,-5.898059818321144e-17
2,72,77,12,53,4.5102810375396984e-17
2,72,65,12,54,9.107298248878237e-18
2,72,62,12,55,-4.109126233720062e-17
2,72,128,12,56,-0.28490028490028485
2,72,110,12,57,-0.21367521367521358
2,72,95,12,58,-0.14245014245014234
2,72,107,12,59,-5.551115123125783e-17
2,75,45,13,0,-0.05840455840455845
2,75,51,13,1,-0.3433048433048436
2,75,18,13,2,-0.20797720797720817
2,75,12,13,3,0.09686609686609676
2,75,123,13,4,-0.05840455840455852
2,75,129,13,5,-0.34330484330484345
2,75,96,13,6,-0.20797720797720812
2,75,90,13,7,0.09686609686609679
2,75,48,13,8,0.08547008547008576
2,75,30,13,9,0.2991452991452994
2,75,15,13,10,-0.08547008547008524
2,75,27,13,11,-0.2991452991452992
2,75,72,13,12,-0.18233618233618254
2,75,75,13,13,1.071225071225071
2,75,63,13,14,0.33048433048433057
2,75,60,13,15,-0.19373219373219375
2,75,126,13,16,0.0854700854700856
2,75,108,13,17,0.2991452991452994
2,75,93,13,18,-0.08547008547008528
2,75,105,13,19,-0.2991452991452992
2,75,46,13,20,0.0918803418803418
2,75,52,13,21,0.032051282051282055
2,75,19,13,22,0.12179487179487183
2,75,13,13,23,0.1816239316239316
2,75,124,13,24,0.0918803418803418
2,75,130,13,25,0.03205128205128202
2,75,97,13,26,0.12179487179487182
2,75,91,13,27,0.18162393162393156
2,75,49,13,28,0.042735042735042805
2,75,31,13,29,-0.04273504273504282
2,75,16,13,30,-0.2136752136752137
2,75,28,13,31,-0.2136752136752136
2,75,73,13,32,0.05128205128205149
2,75,76,13,33,0.25641025641025605
2,75,64,13,34,-0.05128205128205127
2,75,61,13,35,-0.25641025641025633
2,75,127,13,36,0.042735042735042826
2,75,109,13,37,-0.04273504273504278
2,75,94,13,38,-0.21367521367521364
2,75,106,13,39,-0.2136752136752136
2,75,47,13,40,0.03561253561253562
2,75,53,13,41,0.12108262108262108
2,75,20,13,42,0.07122507122507125
2,75,14,13,43,0.07122507122507123
2,75,125,13,44,-0.03561253561253558
2,75,131,13,45,-0.12108262108262113
2,75,98,13,46,-0.07122507122507118
2,75,92,13,47,-0.07122507122507121
2,75,50,13,48,-0.2849002849002849
2,75,32,13,49,-0.042735042735042715
2,75,17,13,50,-0.14245014245014256
2,75,29,13,51,-0.21367521367521367
2,75,74,13,52,5.898059818321144e-17
2,75,77,13,53,-2.7755575615628914e-17
2,75,65,13,54,-6.938893903907228e-18
2,75,62,13,55,8.239936510889834e-18
2,75,128,13,56,0.28490028490028485
2,75,110,13,57,0.042735042735042646
2,75,95,13,58,0.14245014245014237
2,75,107,13,59,0.21367521367521364
2,63,45,14,0,0.09686609686609683
2,63,51,14,1,-0.2079772079772081
2,63,18,14,2,-0.34330484330484345
2,63,12,14,3,-0.05840455840455837
2,63,123,14,4,0.09686609686609682
2,63,129,14,5,-0.20797720797720806
2,63,96,14,6,-0.34330484330484323
2,63,90,14,7,-0.05840455840455832
2,63,48,14,8,-0.08547008547008524
2,63,30,14,9,0.29914529914529936
2,63,15,14,10,0.08547008547008554
2,63,27,14,11,-0.2991452991452994
2,63,72,14,12,-0.19373219373219383
2,63,75,14,13,0.33048433048433057
2,63,63,14,14,1.071225071225071
2,63,60,14,15,-0.18233618233618235
2,63,126,14,16,-0.08547008547008532
2,63,108,14,17,0.29914529914529936
2,63,93,14,18,0.08547008547008524
2,63,105,14,19,-0.29914529914529925
2,63,46,14,20,-0.18162393162393162
2,63,52,14,21,-0.12179487179487183
2,63,19,14,22,-0.032051282051282014
2,63,13,14,23,-0.09188034188034179
2,63,124,14,24,-0.18162393162393156
2,63,130,14,25,-0.1217948717948718
2,63,97,14,26,-0.03205128205128197
2,63,91,14,27,-0.09188034188034179
2,63,49,14,28,0.21367521367521367
2,63,31,14,29,0.0427350427350428
2,63,16,14,30,-0.04273504273504286
2,63,28,14,31,0.21367521367521364
2,63,73,14,32,0.25641025641025633
2,63,76,14,33,0.05128205128205126
2,63,64,14,34,-0.25641025641025633
2,63,61,14,35,-0.05128205128205138
2,63,127,14,36,0.21367521367521364
2,63,109,14,37,0.042735042735042805
2,63,94,14,38,-0.04273504273504288
2,63,106,14,39,0.21367521367521358
2,63,47,14,40,0.07122507122507123
2,63,53,14,41,0.07122507122507124
2,63,20,14,42,0.12108262108262112
2,63,14,14,43,0.035612535612535655
2,63,125,14,44,-0.07122507122507118
2,63,131,14,45,-0.07122507122507121
2,63,98,14,46,-0.12108262108262105
2,63,92,14,47,-0.035612535612535565
2,63,50,14,48,-0.14245014245014254
2,63,32,14,49,-0.04273504273504265
2,63,17,14,50,-0.28490028490028485
2,63,29,14,51,-0.21367521367521367
2,63,74,14,52,9.75781955236954e-18
2,63,77,14,53,8.673617379884035e-19
2,63,65,14,54,5.421010862427522e-18
2,63,62,14,55,-2.5695591487906455e-17
2,63,128,14,56,0.14245014245014237
2,63,110,14,57,0.04273504273504269
2,63,95,14,58,0.28490028490028485
2,63,107,14,59,0.21367521367521364
2,60,45,15,0,-0.4159544159544159
2,60,51,15,1,0.09686609686609707
2,60,18,15,2,-0.05840455840455839
2,60,12,15,3,-0.6866096866096867
2,60,123,15,4,-0.41595441595441607
2,60,129,15,5,0.09686609686609697
2,60,96,15,6,-0.058404558404558375
2,60,90,15,7,-0.6866096866096867
2,60,48,15,8,-0.08547008547008571
2,60,30,15,9,-0.2991452991452994
2,60,15,15,10,0.08547008547008547
2,60,27,15,11,0.5982905982905984
2,60,72,15,12,0.6609686609686611
2,60,75,15,13,-0.19373219373219375
2,60,63,15,14,-0.18233618233618235
2,60,60,15,15,2.1424501424501425
2,60,126,15,16,-0.08547008547008556
2,60,108,15,17,-0.2991452991452992
2,60,93,15,18,0.08547008547008557
2,60,105,15,19,0.598290598290598
2,60,46,15,20,1.3877787807814457e-17
2,60,52,15,21,0.18162393162393167
2,60,19,15,22,0.09188034188034182
2,60,13,15,23,-9.020562075079397e-17
2,60,124,15,24,-4.163336342344337e-17
2,60,130,15,25,0.1816239316239316
2,60,97,15,26,0.09188034188034183
2,60,91,15,27,-8.326672684688674e-17
2,60,49,15,28,-0.21367521367521367
2,60,31,15,29,-0.2136752136752137
2,60,16,15,30,0.04273504273504285
2,60,28,15,31,1.3877787807814457e-17
2,60,73,15,32,0.0
2,60,76,15,33,-0.2564102564102563
2,60,64,15,34,0.051282051282051155
2,60,61,15,35,1.6653345369377348e-16
2,60,127,15,36,-0.2136752136752136
2,60,109,15,37,-0.21367521367521367
2,60,94,15,38,0.04273504273504285
2,60,106,15,39,9.020562075079397e-17
2,60,47,15,40,-1.3877787807814457e-17
2,60,53,15,41,-0.07122507122507123
2,60,20,15,42,-0.0356125356125356
2,60,14,15,43,-1.3877787807814457e-17
2,60,125,15,44,-4.163336342344337e-17
2,60,131,15,45,0.0712250712250712
2,60,98,15,46,0.03561253561253558
2,60,92,15,47,2.7755575615628914e-17
2,60,50,15,48,0.14245014245014254
2,60,32,15,49,0.21367521367521367
2,60,17,15,50,0.28490028490028485
2,60,29,15,51,-6.938893903907228e-18
2,60,74,15,52,-4.109126233720062e-17
2,60,77,15,53,2.168404344971009e-18
2,60,65,15,54,-3.1929753979698106e-17
2,60,62,15,55,-6.197570668470265e-17
2,60,128,15,56,-0.14245014245014234
2,60,110,15,57,-0.2136752136752136
2,60,95,15,58,-0.28490028490028474
2,60,107,15,59,-4.163336342344337e-17
2,126,45,16,0,-0.4074074074074079
2,126,51,16,1,-0.40740740740740794
2,126,18,16,2,-0.13105413105413127
2,126,12,16,3,-0.1310541310541312
2,126,123,16,4,-0.849002849002849
2,126,129,16,5,-0.8490028490028495
2,126,96,16,6,-0.40740740740740755
2,126,90,16,7,-0.40740740740740755
2,126,48,16,8,0.7293447293447303
2,126,30,16,9,-0.08547008547008529
2,126,15,16,10,0.26210826210826244
2,126,27,16,11,-0.08547008547008556
2,126,72,16,12,0.08547008547008556
2,126,75,16,13,0.08547008547008557
2,126,63,16,14,-0.08547008547008532
2,126,60,16,15,-0.08547008547008556
2,126,126,16,16,1.8689458689458693
2,126,108,16,17,0.08547008547008518
2,126,93,16,18,0.7293447293447296
2,126,105,16,19,0.08547008547008557
2,126,46,16,20,0.07122507122507131
2,126,52,16,21,-0.0712250712250712
2,126,19,16,22,-0.07122507122507124
2,126,13,16,23,0.07122507122507124
2,126,124,16,24,0.16381766381766394
2,126,130,16,25,-0.16381766381766386
2,126,97,16,26,-0.03561253561253561
2,126,91,16,27,0.03561253561253559
2,126,49,16,28,-1.465841337200402e-16
2,126,31,16,29,0.1424501424501425
2,126,16,16,30,-1.5612511283791264e-17
2,126,28,16,31,-0.14245014245014248
2,126,73,16,32,0.04273504273504265
2,126,76,16,33,-0.042735042735042646
2,126,64,16,34,0.2136752136752136
2,126,61,16,35,-0.2136752136752136
2,126,127,16,36,-1.1796119636642288e-16
2,126,109,16,37,0.284900284900285
2,126,94,16,38,-3.469446951953614e-18
2,126,106,16,39,-0.2849002849002849
2,126,47,16,40,0.03561253561253558
2,126,53,16,41,-0.03561253561253556
2,126,20,16,42,-0.07122507122507117
2,126,14,16,43,0.07122507122507121
2,126,125,16,44,0.1638176638176639
2,126,131,16,45,-0.16381766381766388
2,126,98,16,46,-0.07122507122507117
2,126,92,16,47,0.0712250712250712
2,126,50,16,48,-8.673617379884035e-17
2,126,32,16,49,0.2136752136752136
2,126,17,16,50,-4.336808689942018e-17
2,126,29,16,51,-0.21367521367521358
2,126,74,16,52,-0.28490028490028485
2,126,77,16,53,0.28490028490028496
2,126,65,16,54,0.14245014245014243
2,126,62,16,55,-0.14245014245014234
2,126,128,16,56,-7.632783294297951e-17
2,126,110,16,57,-0.04273504273504289
2,126,95,16,58,-3.903127820947816e-17
2,126,107,16,59,0.04273504273504286
2,108,45,17,0,0.09686609686609682
2,108,51,17,1,-0.20797720797720812
2,108,18,17,2,-0.207977207977208
2,108,12,17,3,0.09686609686609689
2,108,123,17,4,-0.05840455840455826
2,108,129,17,5,-0.34330484330484323
2,108,96,17,6,-0.3433048433048433
2,108,90,17,7,-0.05840455840455823
2,108,48,17,8,-0.08547008547008529
2,108,30,17,9,0.33048433048433057
2,108,15,17,10,-0.08547008547008537
2,108,27,17,11,-0.1937321937321938
2,108,72,17,12,-0.2991452991452992
2,108,75,17,13,0.2991452991452994
2,108,63,17,14,0.29914529914529936
2,108,60,17,15,-0.2991452991452992
2,108,126,17,16,0.08547008547008518
2,108,108,17,17,1.0712250712250713
2,108,93,17,18,0.08547008547008508
2,108,105,17,19,-0.18233618233618235
2,108,46,17,20,-0.07122507122507124
2,108,52,17,21,-0.07122507122507127
2,108,19,17,22,0.07122507122507123
2,108,13,17,23,0.07122507122507123
2,108,124,17,24,-0.03561253561253561
2,108,130,17,25,-0.12108262108262113
2,108,97,17,26,0.1210826210826211
2,108,91,17,27,0.03561253561253559
2,108,49,17,28,0.14245014245014248
2,108,31,17,29,1.9081958235744878e-17
2,108,16,17,30,-0.1424501424501425
2,108,28,17,31,3.469446951953614e-18
2,108,73,17,32,0.21367521367521372
2,108,76,17,33,0.04273504273504265
2,108,64,17,34,-0.04273504273504264
2,108,61,17,35,-0.21367521367521367
2,108,127,17,36,0.28490028490028496
2,108,109,17,37,0.0
2,108,94,17,38,-0.28490028490028496
2,108,106,17,39,-1.734723475976807e-18
2,108,47,17,40,0.1816239316239316
2,108,53,17,41,0.12179487179487182
2,108,20,17,42,0.12179487179487183
2,108,14,17,43,0.18162393162393162
2,108,125,17,44,0.09188034188034196
2,108,131,17,45,0.032051282051282146
2,108,98,17,46,0.032051282051282146
2,108,92,17,47,0.09188034188034193
2,108,50,17,48,-0.2136752136752137
2,108,32,17,49,-0.05128205128205128
2,108,17,17,50,-0.21367521367521372
2,108,29,17,51,-0.2564102564102564
2,108,74,17,52,-0.21367521367521358
2,108,77,17,53,-0.042735042735042784
2,108,65,17,54,-0.042735042735042736
2,108,62,17,55,-0.2136752136752136
2,108,128,17,56,0.042735042735042555
2,108,110,17,57,0.2564102564102562
2,108,95,17,58,0.04273504273504257
2,108,107,17,59,0.05128205128205138
2,93,45,18,0,-0.1310541310541312
2,93,51,18,1,-0.13105413105413122
2,93,18,18,2,-0.4074074074074076
2,93,12,18,3,-0.4074074074074075
2,93,123,18,4,-0.40740740740740755
2,93,129,18,5,-0.40740740740740755
2,93,96,18,6,-0.8490028490028491
2,93,90,18,7,-0.849002849002849
2,93,48,18,8,0.2621082621082625
2,93,30,18,9,-0.08547008547008532
2,93,15,18,10,0.7293447293447297
2,93,27,18,11,-0.0854700854700856
2,93,72,18,12,-0.08547008547008557
2,93,75,18,13,-0.08547008547008528
2,93,63,18,14,0.08547008547008522
2,93,60,18,15,0.08547008547008558
2,93,126,18,16,0.7293447293447296
2,93,108,18,17,0.08547008547008511
2,93,93,18,18,1.868945868945869
2,93,105,18,19,0.08547008547008558
2,93,46,18,20,-0.07122507122507121
2,93,52,18,21,0.07122507122507124
2,93,19,18,22,0.07122507122507124
2,93,13,18,23,-0.07122507122507127
2,93,124,18,24,-0.0356125356125356
2,93,130,18,25,0.03561253561253562
2,93,97,18,26,0.16381766381766386
2,93,91,18,27,-0.16381766381766405
2,93,49,18,28,-1.973247953923618e-17
2,93,31,18,29,-0.14245014245014248
2,93,16,18,30,5.160802341031001e-17
2,93,28,18,31,0.14245014245014245
2,93,73,18,32,0.21367521367521364
2,93,76,18,33,-0.21367521367521367
2,93,64,18,34,0.042735042735042555
2,93,61,18,35,-0.04273504273504261
2,93,127,18,36,-5.204170427930421e-18
2,93,109,18,37,-0.28490028490028496
2,93,94,18,38,2.5326962749261384e-16
2,93,106,18,39,0.28490028490028496
2,93,47,18,40,0.0712250712250712
2,93,53,18,41,-0.07122507122507117
2,93,20,18,42,-0.03561253561253557
2,93,14,18,43,0.03561253561253559
2,93,125,18,44,0.07122507122507123
2,93,131,18,45,-0.07122507122507118
2,93,98,18,46,-0.16381766381766394
2,93,92,18,47,0.16381766381766374
2,93,50,18,48,-4.597017211338539e-17
2,93,32,18,49,0.21367521367521358
2,93,17,18,50,-4.152494320619482e-17
2,93,29,18,51,-0.21367521367521355
2,93,74,18,52,-0.14245014245014237
2,93,77,18,53,0.1424501424501424
2,93,65,18,54,0.28490028490028485
2,93,62,18,55,-0.2849002849002849
2,93,128,18,56,-3.903127820947816e-17
2,93,110,18,57,-0.04273504273504288
2,93,95,18,58,1.732555071631836e-16
2,93,107,18,59,0.042735042735042854
2,105,45,19,0,-0.41595441595441585
2,105,51,19,1,0.09686609686609701
2,105,18,19,2,0.09686609686609705
2,105,12,19,3,-0.4159544159544156
2,105,123,19,4,-0.6866096866096868
2,105,129,19,5,-0.05840455840455843
2,105,96,19,6,-0.05840455840455838
2,105,90,19,7,-0.6866096866096869
2,105,48,19,8,-0.08547008547008568
2,105,30,19,9,-0.19373219373219377
2,105,15,19,10,-0.08547008547008571
2,105,27,19,11,0.6609686609686611
2,105,72,19,12,0.5982905982905982
2,105,75,19,13,-0.2991452991452992
2,105,63,19,14,-0.29914529914529925
2,105,60,19,15,0.598290598290598
2,105,126,19,16,0.08547008547008557
2,105,108,19,17,-0.18233618233618235
2,105,93,19,18,0.08547008547008558
2,105,105,19,19,2.1424501424501425
2,105,46,19,20,2.7755575615628914e-17
2,105,52,19,21,0.07122507122507123
2,105,19,19,22,-0.07122507122507123
2,105,13,19,23,0.0
2,105,124,19,24,-5.551115123125783e-17
2,105,130,19,25,0.03561253561253559
2,105,97,19,26,-0.03561253561253562
2,105,91,19,27,-2.7755575615628914e-17
2,105,49,19,28,-0.14245014245014248
2,105,31,19,29,-8.673617379884035e-19
2,105,16,19,30,0.14245014245014254
2,105,28,19,31,2.2768245622195593e-18
2,105,73,19,32,-4.163336342344337e-17
2,105,76,19,33,-0.2136752136752136
2,105,64,19,34,0.21367521367521364
2,105,61,19,35,9.020562075079397e-17
2,105,127,19,36,-0.28490028490028496
2,105,109,19,37,3.469446951953614e-18
2,105,94,19,38,0.28490028490028496
2,105,106,19,39,-1.0408340855860843e-17
2,105,47,19,40,0.0
2,105,53,19,41,-0.1816239316239316
2,105,20,19,42,-0.18162393162393162
2,105,14,19,43,1.3877787807814457e-17
2,105,125,19,44,-2.0816681711721685e-17
2,105,131,19,45,-0.09188034188034196
2,105,98,19,46,-0.09188034188034196
2,105,92,19,47,-6.938893903907228e-18
2,105,50,19,48,0.2136752136752137
2,105,32,19,49,0.25641025641025633
2,105,17,19,50,0.21367521367521372
2,105,29,19,51,-1.3877787807814457e-17
2,105,74,19,52,-9.020562075079397e-17
2,105,77,19,53,0.21367521367521364
2,105,65,19,54,0.21367521367521364
2,105,62,19,55,-5.551115123125783e-17
2,105,128,19,56,-0.042735042735042555
2,105,110,19,57,-0.05128205128205116
2,105,95,19,58,-0.04273504273504256
2,105,107,19,59,-1.1102230246251565e-16
2,46,45,20,0,5.551115123125783e-17
2,46,51,20,1,0.00854700854700859
2,46,18,20,2,-0.007122507122507156
2,46,12,20,3,-1.0408340855860843e-17
2,46,123,20,4,-6.938893903907228e-17
2,46,129,20,5,0.003205128205128166
2,46,96,20,6,0.0551994301994302
2,46,90,20,7,-6.938893903907228e-18
2,46,48,20,8,0.12108262108262108
2,46,30,20,9,-0.03561253561253563
2,46,15,20,10,-0.035612535612535565
2,46,27,20,11,2.7755575615628914e-17
2,46,72,20,12,1.1102230246251565e-16
2,46,75,20,13,0.12179487179487174
2,46,63,20,14,-0.18162393162393164
2,46,60,20,15,-1.3877787807814457e-17
2,46,126,20,16,0.07122507122507131
2,46,108,20,17,-0.07122507122507125
2,46,93,20,18,-0.07122507122507123
2,46,105,20,19,0.0
2,46,46,20,20,1.5356125356125365
2,46,52,20,21,0.3831908831908833
2,46,19,20,22,0.2592592592592592
2,46,13,20,23,0.8803418803418805
2,46,124,20,24,0.7663817663817665
2,46,130,20,25,0.24145299145299137
2,46,97,20,26,0.08618233618233603
2,46,91,20,27,0.5185185185185185
2,46,49,20,28,-0.3433048433048434
2,46,31,20,29,-0.40740740740740755
2,46,16,20,30,-0.058404558404558445
2,46,28,20,31,-1.698005698005698
2,46,73,20,32,-0.6866096866096866
2,46,76,20,33,-0.20797720797720803
2,46,64,20,34,0.09686609686609678
2,46,61,20,35,-0.11680911680911686
2,46,127,20,36,-0.20797720797720806
2,46,109,20,37,-0.13105413105413088
2,46,94,20,38,0.0968660968660969
2,46,106,20,39,-0.8148148148148148
2,46,47,20,40,-0.41310541310541327
2,46,53,20,41,-0.05519943019943022
2,46,20,20,42,0.00320512820512827
2,46,14,20,43,0.017094017094017075
2,46,125,20,44,-0.0170940170940171
2,46,131,20,45,-0.0032051282051282545
2,46,98,20,46,0.0551994301994302
2,46,92,20,47,-0.014245014245014355
2,46,50,20,48,-0.03205128205128211
2,46,32,20,49,0.07122507122507114
2,46,17,20,50,0.12179487179487171
2,46,29,20,51,0.2421652421652422
2,46,74,20,52,0.3276353276353279
2,46,77,20,53,0.07122507122507128
2,46,65,20,54,-0.07122507122507123
2,46,62,20,55,-0.07122507122507116
2,46,128,20,56,0.09188034188034187
2,46,110,20,57,-0.07122507122507121
2,46,95,20,58,-0.1816239316239316
2,46,107,20,59,-0.0712250712250712
2,52,45,21,0,-0.008547008547008496
2,52,51,21,1,0.20655270655270674
2,52,18,21,2,0.008547008547008551
2,52,12,21,3,0.007122507122507129
2,52,123,21,4,-0.0032051282051282345
2,52,129,21,5,0.05519943019943018
2,52,96,21,6,0.003205128205128207
2,52,90,21,7,-0.05519943019943023
2,52,48,21,8,-0.1210826210826213
2,52,30,21,9,-0.16381766381766388
2,52,15,21,10,0.035612535612535634
2,52,27,21,11,0.03561253561253561
2,52,72,21,12,-0.12179487179487178
2,52,75,21,13,0.032051282051282076
2,52,63,21,14,-0.0918803418803419
2,52,60,21,15,0.18162393162393164
2,52,126,21,16,-0.07122507122507114
2,52,108,21,17,-0.07122507122507125
2,52,93,21,18,0.07122507122507125
2,52,105,21,19,0.07122507122507124
2,52,46,21,20,0.3831908831908833
2,52,52,21,21,0.7678062678062685
2,52,19,21,22,0.4401709401709404
2,52,13,21,23,0.2592592592592592
2,52,124,21,24,0.24145299145299146
2,52,130,21,25,0.3831908831908832
2,52,97,21,26,0.2592592592592592
2,52,91,21,27,0.08618233618233608
2,52,49,21,28,-0.34330484330484384
2,52,31,21,29,-0.8490028490028494
2,52,16,21,30,-0.058404558404558576
2,52,28,21,31,-0.4074074074074074
2,52,73,21,32,-0.20797720797720778
2,52,76,21,33,-0.34330484330484357
2,52,64,21,34,-0.05840455840455859
2,52,61,21,35,0.09686609686609707
2,52,127,21,36,-0.2079772079772081
2,52,109,21,37,-0.40740740740740733
2,52,94,21,38,0.0968660968660969
2,52,106,21,39,-0.13105413105413088
2,52,47,21,40,-0.05519943019943021
2,52,53,21,41,-0.2065527065527069
2,52,20,21,42,0.008547008547008551
2,52,14,21,43,0.003205128205128153
2,52,125,21,44,-0.0032051282051282137
2,52,131,21,45,-0.008547008547008593
2,52,98,21,46,-0.007122507122507098
2,52,92,21,47,0.05519943019943019
2,52,50,21,48,-0.032051282051281896
2,52,32,21,49,0.12108262108262116
2,52,17,21,50,0.12179487179487174
2,52,29,21,51,0.07122507122507125
2,52,74,21,52,0.07122507122507125
2,52,77,21,53,0.1638176638176639
2,52,65,21,54,-0.03561253561253557
2,52,62,21,55,-0.07122507122507125
2,52,128,21,56,0.09188034188034185
2,52,110,21,57,-0.03561253561253562
2,52,95,21,58,-0.1816239316239316
2,52,107,21,59,-0.07122507122507123
2,19,45,22,0,-0.007122507122507149
2,19,51,22,1,-0.008547008547008548
2,19,18,22,2,-0.20655270655270674
2,19,12,22,3,0.008547008547008482
2,19,123,22,4,0.0551994301994302
2,19,129,22,5,-0.003205128205128204
2,19,96,22,6,-0.05519943019943021
2,19,90,22,7,0.003205128205128223
2,19,48,22,8,-0.0356125356125356
2,19,30,22,9,0.1638176638176638
2,19,15,22,10,0.12108262108262129
2,19,27,22,11,-0.035612535612535606
2,19,72,22,12,-0.18162393162393167
2,19,75,22,13,0.0918803418803419
2,19,63,22,14,-0.03205128205128201
2,19,60,22,15,0.12179487179487175
2,19,126,22,16,-0.07122507122507123
2,19,108,22,17,0.07122507122507121
2,19,93,22,18,0.07122507122507123
2,19,105,22,19,-0.07122507122507123
2,19,46,22,20,0.2592592592592592
2,19,52,22,21,0.4401709401709404
2,19,19,22,22,0.7678062678062684
2,19,13,22,23,0.3831908831908833
2,19,124,22,24,0.08618233618233602
2,19,130,22,25,0.25925925925925913
2,19,97,22,26,0.3831908831908831
2,19,91,22,27,0.24145299145299134
2,19,49,22,28,-0.05840455840455859
2,19,31,22,29,-0.849002849002849
2,19,16,22,30,-0.3433048433048439
2,19,28,22,31,-0.4074074074074072
2,19,73,22,32,0.09686609686609719
2,19,76,22,33,-0.05840455840455862
2,19,64,22,34,-0.3433048433048435
2,19,61,22,35,-0.20797720797720787
2,19,127,22,36,0.09686609686609692
2,19,109,22,37,-0.4074074074074073
2,19,94,22,38,-0.20797720797720798
2,19,106,22,39,-0.13105413105413083
2,19,47,22,40,-0.003205128205128147
2,19,53,22,41,-0.00854700854700859
2,19,20,22,42,0.2065527065527068
2,19,14,22,43,0.05519943019943022
2,19,125,22,44,-0.055199430199430244
2,19,131,22,45,0.007122507122507062
2,19,98,22,46,0.008547008547008544
2,19,92,22,47,0.0032051282051281716
2,19,50,22,48,-0.12179487179487176
2,19,32,22,49,-0.12108262108262124
2,19,17,22,50,0.032051282051281764
2,19,29,22,51,-0.07122507122507125
2,19,74,22,52,0.07122507122507134
2,19,77,22,53,0.035612535612535655
2,19,65,22,54,-0.16381766381766372
2,19,62,22,55,-0.07122507122507121
2,19,128,22,56,0.1816239316239316
2,19,110,22,57,0.03561253561253565
2,19,95,22,58,-0.09188034188034187
2,19,107,22,59,0.07122507122507125
2,13,45,23,0,-2.0816681711721685e-17
2,13,51,23,1,0.007122507122507159
2,13,18,23,2,-0.008547008547008624
2,13,12,23,3,-2.7755575615628914e-17
2,13,123,23,4,-7.806255641895632e-18
2,13,129,23,5,-0.05519943019943022
2,13,96,23,6,-0.0032051282051281924
2,13,90,23,7,4.163336342344337e-17
2,13,48,23,8,0.03561253561253561
2,13,30,23,9,0.03561253561253559
2,13,15,23,10,-0.12108262108262104
2,13,27,23,11,2.7755575615628914e-17
2,13,72,23,12,0.0
2,13,75,23,13,0.1816239316239316
2,13,63,23,14,-0.12179487179487171
2,13,60,23,15,-8.326672684688674e-17
2,13,126,23,16,0.07122507122507124
2,13,108,23,17,0.07122507122507121
2,13,93,23,18,-0.07122507122507127
2,13,105,23,19,-1.3877787807814457e-17
2,13,46,23,20,0.8803418803418805
2,13,52,23,21,0.2592592592592592
2,13,19,23,22,0.3831908831908833
2,13,13,23,23,1.535612535612536
2,13,124,23,24,0.5185185185185184
2,13,130,23,25,0.08618233618233608
2,13,97,23,26,0.24145299145299134
2,13,91,23,27,0.7663817663817662
2,13,49,23,28,-0.0584045584045586
2,13,31,23,29,-0.4074074074074075
2,13,16,23,30,-0.3433048433048433
2,13,28,23,31,-1.6980056980056975
2,13,73,23,32,-0.1168091168091167
2,13,76,23,33,0.09686609686609662
2,13,64,23,34,-0.207977207977208
2,13,61,23,35,-0.6866096866096867
2,13,127,23,36,0.0968660968660968
2,13,109,23,37,-0.13105413105413086
2,13,94,23,38,-0.20797720797720787
2,13,106,23,39,-0.8148148148148143
2,13,47,23,40,-0.017094017094017134
2,13,53,23,41,-0.003205128205128278
2,13,20,23,42,0.05519943019943022
2,13,14,23,43,0.4131054131054131
2,13,125,23,44,0.014245014245014304
2,13,131,23,45,-0.05519943019943022
2,13,98,23,46,0.003205128205128244
2,13,92,23,47,0.017094017094017065
2,13,50,23,48,-0.12179487179487171
2,13,32,23,49,-0.07122507122507125
2,13,17,23,50,0.03205128205128214
2,13,29,23,51,-0.24216524216524216
2,13,74,23,52,0.07122507122507128
2,13,77,23,53,0.0712250712250712
2,13,65,23,54,-0.07122507122507127
2,13,62,23,55,-0.32763532763532777
2,13,128,23,56,0.18162393162393156
2,13,110,23,57,0.07122507122507121
2,13,95,23,58,-0.09188034188034185
2,13,107,23,59,0.07122507122507121
2,124,45,24,0,-6.245004513516506e-17
2,124,51,24,1,0.003205128205128171
2,124,18,24,2,0.055199430199430216
2,124,12,24,3,-4.336808689942018e-18
2,124,123,24,4,2.7755575615628914e-17
2,124,129,24,5,0.008547008547008524
2,124,96,24,6,-0.007122507122507114
2,124,90,24,7,1.3877787807814457e-17
2,124,48,24,8,0.07122507122507132
2,124,30,24,9,-0.07122507122507124
2,124,15,24,10,-0.0712250712250712
2,124,27,24,11,2.7755575615628914e-17
2,124,72,24,12,1.1102230246251565e-16
2,124,75,24,13,0.12179487179487171
2,124,63,24,14,-0.18162393162393156
2,124,60,24,15,-1.3877787807814457e-17
2,124,126,24,16,0.12108262108262119
2,124,108,24,17,-0.03561253561253563
2,124,93,24,18,-0.03561253561253559
2,124,105,24,19,-2.7755575615628914e-17
2,124,46,24,20,0.7663817663817665
2,124,52,24,21,0.24145299145299146
2,124,19,24,22,0.08618233618233602
2,124,13,24,23,0.5185185185185184
2,124,124,24,24,1.5356125356125365
2,124,130,24,25,0.3831908831908833
2,124,97,24,26,0.2592592592592592
2,124,91,24,27,0.8803418803418807
2,124,49,24,28,-0.20797720797720806
2,124,31,24,29,-0.13105413105413088
2,124,16,24,30,0.09686609686609697
2,124,28,24,31,-0.8148148148148149
2,124,73,24,32,-0.6866096866096867
2,124,76,24,33,-0.20797720797720812
2,124,64,24,34,0.09686609686609682
2,124,61,24,35,-0.11680911680911704
2,124,127,24,36,-0.34330484330484334
2,124,109,24,37,-0.4074074074074074
2,124,94,24,38,-0.058404558404558486
2,124,106,24,39,-1.6980056980056983
2,124,47,24,40,0.017094017094017137
2,124,53,24,41,0.0032051282051282323
2,124,20,24,42,-0.05519943019943021
2,124,14,24,43,0.0142450142450143
2,124,125,24,44,0.4131054131054136
2,124,131,24,45,0.055199430199430216
2,124,98,24,46,-0.003205128205128144
2,124,92,24,47,-0.017094017094017075
2,124,50,24,48,-0.09188034188034186
2,124,32,24,49,0.07122507122507124
2,124,17,24,50,0.18162393162393162
2,124,29,24,51,0.07122507122507116
2,124,74,24,52,-0.3276353276353279
2,124,77,24,53,-0.07122507122507123
2,124,65,24,54,0.07122507122507121
2,124,62,24,55,0.07122507122507116
2,124,128,24,56,0.032051282051282055
2,124,110,24,57,-0.07122507122507132
2,124,95,24,58,-0.12179487179487186
2,124,107,24,59,-0.24216524216524232
2,130,45,25,0,-0.0032051282051282458
2,130,51,25,1,0.055199430199430174
2,130,18,25,2,0.0032051282051282
2,130,12,25,3,-0.05519943019943023
2,130,123,25,4,-0.008547008547008579
2,130,129,25,5,0.2065527065527067
2,130,96,25,6,0.008547008547008558
2,130,90,25,7,0.007122507122507156
2,130,48,25,8,-0.07122507122507116
2,130,30,25,9,-0.07122507122507123
2,130,15,25,10,0.07122507122507125
2,130,27,25,11,0.07122507122507124
2,130,72,25,12,-0.12179487179487179
2,130,75,25,13,0.03205128205128203
2,130,63,25,14,-0.0918803418803419
2,130,60,25,15,0.18162393162393156
2,130,126,25,16,-0.1210826210826211
2,130,108,25,17,-0.16381766381766394
2,130,93,25,18,0.03561253561253562
2,130,105,25,19,0.03561253561253558
2,130,46,25,20,0.24145299145299137
2,130,52,25,21,0.3831908831908832
2,130,19,25,22,0.25925925925925913
2,130,13,25,23,0.08618233618233608
2,130,124,25,24,0.3831908831908833
2,130,130,25,25,0.767806267806268
2,130,97,25,26,0.44017094017094016
2,130,91,25,27,0.25925925925925936
2,130,49,25,28,-0.207977207977208
2,130,31,25,29,-0.40740740740740733
2,130,16,25,30,0.09686609686609689
2,130,28,25,31,-0.1310541310541309
2,130,73,25,32,-0.20797720797720778
2,130,76,25,33,-0.34330484330484357
2,130,64,25,34,-0.058404558404558604
2,130,61,25,35,0.09686609686609703
2,130,127,25,36,-0.34330484330484357
2,130,109,25,37,-0.8490028490028493
2,130,94,25,38,-0.05840455840455832
2,130,106,25,39,-0.4074074074074075
2,130,47,25,40,0.003205128205128173
2,130,53,25,41,0.008547008547008506
2,130,20,25,42,0.007122507122507067
2,130,14,25,43,-0.05519943019943024
2,130,125,25,44,0.05519943019943024
2,130,131,25,45,0.20655270655270663
2,130,98,25,46,-0.008547008547008569
2,130,92,25,47,-0.0032051282051282683
2,130,50,25,48,-0.09188034188034179
2,130,32,25,49,0.035612535612535655
2,130,17,25,50,0.1816239316239316
2,130,29,25,51,0.07122507122507123
2,130,74,25,52,-0.07122507122507118
2,130,77,25,53,-0.16381766381766388
2,130,65,25,54,0.035612535612535676
2,130,62,25,55,0.07122507122507127
2,130,128,25,56,0.03205128205128205
2,130,110,25,57,-0.12108262108262116
2,130,95,25,58,-0.1217948717948718
2,130,107,25,59,-0.07122507122507123
2,97,45,26,0,0.05519943019943021
2,97,51,26,1,-0.0032051282051282107
2,97,18,26,2,-0.05519943019943021
2,97,12,26,3,0.003205128205128217
2,97,123,26,4,-0.0071225071225071365
2,97,129,26,5,-0.008547008547008551
2,97,96,26,6,-0.2065527065527066
2,97,90,26,7,0.008547008547008593
2,97,48,26,8,-0.07122507122507121
2,97,30,26,9,0.07122507122507123
2,97,15,26,10,0.07122507122507124
2,97,27,26,11,-0.07122507122507123
2,97,72,26,12,-0.18162393162393162
2,97,75,26,13,0.0918803418803419
2,97,63,26,14,-0.032051282051281965
2,97,60,26,15,0.12179487179487171
2,97,126,26,16,-0.035612535612535606
2,97,108,26,17,0.16381766381766388
2,97,93,26,18,0.12108262108262108
2,97,105,26,19,-0.03561253561253561
2,97,46,26,20,0.08618233618233603
2,97,52,26,21,0.2592592592592592
2,97,19,26,22,0.3831908831908831
2,97,13,26,23,0.24145299145299134
2,97,124,26,24,0.2592592592592592
2,97,130,26,25,0.44017094017094016
2,97,97,26,26,0.7678062678062679
2,97,91,26,27,0.3831908831908832
2,97,49,26,28,0.09686609686609687
2,97,31,26,29,-0.4074074074074074
2,97,16,26,30,-0.20797720797720798
2,97,28,26,31,-0.13105413105413086
2,97,73,26,32,0.09686609686609711
2,97,76,26,33,-0.058404558404558674
2,97,64,26,34,-0.34330484330484345
2,97,61,26,35,-0.20797720797720778
2,97,127,26,36,-0.058404558404558334
2,97,109,26,37,-0.8490028490028491
2,97,94,26,38,-0.3433048433048433
2,97,106,26,39,-0.4074074074074074
2,97,47,26,40,0.055199430199430216
2,97,53,26,41,-0.007122507122507119
2,97,20,26,42,-0.008547008547008583
2,97,14,26,43,-0.0032051282051282033
2,97,125,26,44,0.003205128205128268
2,97,131,26,45,0.008547008547008541
2,97,98,26,46,-0.20655270655270663
2,97,92,26,47,-0.05519943019943021
2,97,50,26,48,-0.18162393162393156
2,97,32,26,49,-0.03561253561253561
2,97,17,26,50,0.09188034188034179
2,97,29,26,51,-0.0712250712250712
2,97,74,26,52,-0.07122507122507121
2,97,77,26,53,-0.03561253561253568
2,97,65,26,54,0.16381766381766388
2,97,62,26,55,0.07122507122507124
2,97,128,26,56,0.12179487179487178
2,97,110,26,57,0.12108262108262105
2,97,95,26,58,-0.032051282051282055
2,97,107,26,59,0.07122507122507117
2,91,45,27,0,-1.431146867680866e-17
2,91,51,27,1,-0.05519943019943023
2,91,18,27,2,-0.003205128205128198
2,91,12,27,3,2.7755575615628914e-17
2,91,123,27,4,3.469446951953614e-18
2,91,129,27,5,0.007122507122507157
2,91,96,27,6,-0.008547008547008513
2,91,90,27,7,1.6653345369377348e-16
2,91,48,27,8,0.07122507122507124
2,91,30,27,9,0.07122507122507124
2,91,15,27,10,-0.07122507122507125
2,91,27,27,11,0.0
2,91,72,27,12,1.3877787807814457e-17
2,91,75,27,13,0.18162393162393156
2,91,63,27,14,-0.12179487179487172
2,91,60,27,15,-7.632783294297951e-17
2,91,126,27,16,0.035612535612535606
2,91,108,27,17,0.03561253561253559
2,91,93,27,18,-0.12108262108262127
2,91,105,27,19,0.0
2,91,46,27,20,0.5185185185185185
2,91,52,27,21,0.08618233618233608
2,91,19,27,22,0.24145299145299134
2,91,13,27,23,0.7663817663817662
2,91,124,27,24,0.8803418803418807
2,91,130,27,25,0.25925925925925936
2,91,97,27,26,0.3831908831908832
2,91,91,27,27,1.535612535612536
2,91,49,27,28,0.09686609686609683
2,91,31,27,29,-0.1310541310541309
2,91,16,27,30,-0.2079772079772079
2,91,28,27,31,-0.8148148148148148
2,91,73,27,32,-0.1168091168091169
2,91,76,27,33,0.09686609686609664
2,91,64,27,34,-0.20797720797720803
2,91,61,27,35,-0.6866096866096866
2,91,127,27,36,-0.05840455840455859
2,91,109,27,37,-0.4074074074074074
2,91,94,27,38,-0.3433048433048431
2,91,106,27,39,-1.6980056980056986
2,91,47,27,40,-0.014245014245014337
2,91,53,27,41,0.05519943019943016
2,91,20,27,42,-0.003205128205128259
2,91,14,27,43,-0.017094017094017214
2,91,125,27,44,0.01709401709401715
2,91,131,27,45,0.0032051282051281625
2,91,98,27,46,-0.05519943019943018
2,91,92,27,47,-0.4131054131054135
2,91,50,27,48,-0.18162393162393153
2,91,32,27,49,-0.07122507122507121
2,91,17,27,50,0.09188034188034185
2,91,29,27,51,-0.07122507122507109
2,91,74,27,52,-0.07122507122507116
2,91,77,27,53,-0.0712250712250712
2,91,65,27,54,0.07122507122507125
2,91,62,27,55,0.327635327635328
2,91,128,27,56,0.12179487179487179
2,91,110,27,57,0.07122507122507125
2,91,95,27,58,-0.03205128205128216
2,91,107,27,59,0.24216524216524216
2,49,45,28,0,0.16381766381766386
2,49,51,28,1,-0.16381766381766405
2,49,18,28,2,-0.03561253561253562
2,49,12,28,3,0.03561253561253562
2,49,123,28,4,0.07122507122507132
2,49,129,28,5,-0.07122507122507116
2,49,96,28,6,-0.07122507122507124
2,49,90,28,7,0.07122507122507125
2,49,48,28,8,2.3418766925686896e-16
2,49,30,28,9,0.28490028490028496
2,49,15,28,10,-3.4640259410911867e-17
2,49,27,28,11,-0.28490028490028496
2,49,72,28,12,0.04273504273504267
2,49,75,28,13,-0.042735042735042666
2,49,63,28,14,0.21367521367521367
2,49,60,28,15,-0.2136752136752136
2,49,126,28,16,-1.474514954580286e-16
2,49,108,28,17,0.1424501424501425
2,49,93,28,18,-1.6479873021779667e-17
2,49,105,28,19,-0.14245014245014248
2,49,46,28,20,-0.3433048433048434
2,49,52,28,21,-0.34330484330484384
2,49,19,28,22,-0.05840455840455859
2,49,13,28,23,-0.0584045584045586
2,49,124,28,24,-0.20797720797720806
2,49,130,28,25,-0.207977207977208
2,49,97,28,26,0.09686609686609687
2,49,91,28,27,0.09686609686609683
2,49,49,28,28,1.0712250712250717
2,49,31,28,29,0.08547008547008572
2,49,16,28,30,-0.1823361823361819
2,49,28,28,31,0.08547008547008537
2,49,73,28,32,0.2991452991452989
2,49,76,28,33,0.2991452991452991
2,49,64,28,34,-0.2991452991452989
2,49,61,28,35,-0.29914529914529914
2,49,127,28,36,0.33048433048433074
2,49,109,28,37,-0.08547008547008558
2,49,94,28,38,-0.19373219373219353
2,49,106,28,39,-0.08547008547008557
2,49,47,28,40,-0.03205128205128204
2,49,53,28,41,-0.032051282051281875
2,49,20,28,42,-0.09188034188034185
2,49,14,28,43,-0.09188034188034178
2,49,125,28,44,-0.12179487179487176
2,49,131,28,45,-0.12179487179487167
2,49,98,28,46,-0.18162393162393156
2,49,92,28,47,-0.1816239316239315
2,49,50,28,48,-0.25641025641025633
2,49,32,28,49,-0.04273504273504273
2,49,17,28,50,-0.05128205128205123
2,49,29,28,51,-0.04273504273504273
2,49,74,28,52,0.042735042735042646
2,49,77,28,53,0.0427350427350426
2,49,65,28,54,0.21367521367521355
2,49,62,28,55,0.2136752136752136
2,49,128,28,56,0.051282051282051246
2,49,110,28,57,0.2136752136752136
2,49,95,28,58,0.2564102564102562
2,49,107,28,59,0.21367521367521355
2,31,45,29,0,-0.0356125356125356
2,31,51,29,1,-0.12108262108262113
2,31,18,29,2,0.12108262108262112
2,31,12,29,3,0.03561253561253559
2,31,123,29,4,-0.07122507122507123
2,31,129,29,5,-0.07122507122507124
2,31,96,29,6,0.07122507122507124
2,31,90,29,7,0.07122507122507123
2,31,48,29,8,0.28490028490028485
2,31,30,29,9,3.67544536472586e-17
2,31,15,29,10,-0.2849002849002848
2,31,27,29,11,7.914675859144182e-18
2,31,72,29,12,0.21367521367521372
2,31,75,29,13,0.04273504273504264
2,31,63,29,14,-0.04273504273504267
2,31,60,29,15,-0.21367521367521367
2,31,126,29,16,0.14245014245014248
2,31,108,29,17,2.0816681711721685e-17
2,31,93,29,18,-0.1424501424501425
2,31,105,29,19,3.0357660829594124e-18
2,31,46,29,20,-0.40740740740740755
2,31,52,29,21,-0.8490028490028494
2,31,19,29,22,-0.849002849002849
2,31,13,29,23,-0.4074074074074075
2,31,124,29,24,-0.13105413105413088
2,31,130,29,25,-0.40740740740740733
2,31,97,29,26,-0.4074074074074074
2,31,91,29,27,-0.1310541310541309
2,31,49,29,28,0.08547008547008572
2,31,31,29,29,1.868945868945869
2,31,16,29,30,0.08547008547008564
2,31,28,29,31,0.7293447293447292
2,31,73,29,32,-0.08547008547008589
2,31,76,29,33,0.08547008547008583
2,31,64,29,34,0.0854700854700859
2,31,61,29,35,-0.0854700854700858
2,31,127,29,36,-0.08547008547008557
2,31,109,29,37,0.7293447293447296
2,31,94,29,38,-0.08547008547008561
2,31,106,29,39,0.26210826210826194
2,31,47,29,40,0.07122507122507116
2,31,53,29,41,0.163817663817664
2,31,20,29,42,-0.16381766381766394
2,31,14,29,43,-0.07122507122507125
2,31,125,29,44,0.07122507122507125
2,31,131,29,45,0.035612535612535634
2,31,98,29,46,-0.03561253561253557
2,31,92,29,47,-0.07122507122507121
2,31,50,29,48,0.04273504273504265
2,31,32,29,49,1.249000902703301e-16
2,31,17,29,50,-0.04273504273504251
2,31,29,29,51,2.6237692574149207e-17
2,31,74,29,52,-0.1424501424501426
2,31,77,29,53,-0.28490028490028496
2,31,65,29,54,0.2849002849002848
2,31,62,29,55,0.1424501424501424
2,31,128,29,56,-0.21367521367521367
2,31,110,29,57,1.0408340855860843e-17
2,31,95,29,58,0.2136752136752136
2,31,107,29,59,-1.431146867680866e-17
2,16,45,30,0,-0.03561253561253558
2,16,51,30,1,0.035612535612535634
2,16,18,30,2,0.16381766381766402
2,16,12,30,3,-0.16381766381766372
2,16,123,30,4,-0.07122507122507121
2,16,129,30,5,0.07122507122507125
2,16,96,30,6,0.07122507122507123
2,16,90,30,7,-0.07122507122507125
2,16,48,30,8,-2.8514517136368767e-17
2,16,30,30,9,-0.284900284900285
2,16,15,30,10,-2.8370860348514437e-16
2,16,27,30,11,0.284900284900285
2,16,72,30,12,0.21367521367521364
2,16,75,30,13,-0.21367521367521367
2,16,63,30,14,0.042735042735042604
2,16,60,30,15,-0.04273504273504262
2,16,126,30,16,-1.8431436932253575e-17
2,16,108,30,17,-0.14245014245014245
2,16,93,30,18,5.323432666903827e-17
2,16,105,30,19,0.14245014245014245
2,16,46,30,20,-0.058404558404558445
2,16,52,30,21,-0.058404558404558576
2,16,19,30,22,-0.3433048433048439
2,16,13,30,23,-0.3433048433048433
2,16,124,30,24,0.09686609686609697
2,16,130,30,25,0.09686609686609689
2,16,97,30,26,-0.20797720797720798
2,16,91,30,27,-0.2079772079772079
2,16,49,30,28,-0.1823361823361819
2,16,31,30,29,0.08547008547008564
2,16,16,30,30,1.071225071225072
2,16,28,30,31,0.08547008547008522
2,16,73,30,32,-0.29914529914529936
2,16,76,30,33,-0.29914529914529875
2,16,64,30,34,0.2991452991452992
2,16,61,30,35,0.2991452991452991
2,16,127,30,36,-0.19373219373219353
2,16,109,30,37,-0.08547008547008561
2,16,94,30,38,0.3304843304843307
2,16,106,30,39,-0.08547008547008575
2,16,47,30,40,0.0918803418803418
2,16,53,30,41,0.09188034188034185
2,16,20,30,42,0.032051282051281826
2,16,14,30,43,0.03205128205128208
2,16,125,30,44,0.18162393162393153
2,16,131,30,45,0.18162393162393156
2,16,98,30,46,0.12179487179487167
2,16,92,30,47,0.12179487179487178
2,16,50,30,48,0.05128205128205126
2,16,32,30,49,0.04273504273504282
2,16,17,30,50,0.25641025641025644
2,16,29,30,51,0.04273504273504273
2,16,74,30,52,-0.21367521367521364
2,16,77,30,53,-0.21367521367521358
2,16,65,30,54,-0.04273504273504259
2,16,62,30,55,-0.04273504273504265
2,16,128,30,56,-0.2564102564102563
2,16,110,30,57,-0.21367521367521358
2,16,95,30,58,-0.05128205128205125
2,16,107,30,59,-0.21367521367521364
2,28,45,31,0,0.0
2,28,51,31,1,0.035612535612535606
2,28,18,31,2,-0.03561253561253559
2,28,12,31,3,1.3877787807814457e-17
2,28,123,31,4,2.7755575615628914e-17
2,28,129,31,5,0.07122507122507124
2,28,96,31,6,-0.07122507122507124
2,28,90,31,7,1.3877787807814457e-17
2,28,48,31,8,-0.28490028490028485
2,28,30,31,9,5.366800753803247e-18
2,28,15,31,10,0.28490028490028474
2,28,27,31,11,-1.202109158743303e-17
2,28,72,31,12,-5.551115123125783e-17
2,28,75,31,13,-0.2136752136752136
2,28,63,31,14,0.2136752136752136
2,28,60,31,15,4.85722573273506e-17
2,28,126,31,16,-0.14245014245014248
2,28,108,31,17,5.637851296924623e-18
2,28,93,31,18,0.1424501424501425
2,28,105,31,19,7.48099499014998e-18
2,28,46,31,20,-1.698005698005698
2,28,52,31,21,-0.4074074074074074
2,28,19,31,22,-0.4074074074074072
2,28,13,31,23,-1.6980056980056975
2,28,124,31,24,-0.8148148148148149
2,28,130,31,25,-0.1310541310541309
2,28,97,31,26,-0.13105413105413086
2,28,91,31,27,-0.8148148148148148
2,28,49,31,28,0.08547008547008537
2,28,31,31,29,0.7293447293447292
2,28,16,31,30,0.08547008547008522
2,28,28,31,31,3.7378917378917373
2,28,73,31,32,0.17094017094017078
2,28,76,31,33,-0.08547008547008528
2,28,64,31,34,-0.08547008547008553
2,28,61,31,35,0.17094017094017094
2,28,127,31,36,-0.08547008547008543
2,28,109,31,37,0.262108262108262
2,28,94,31,38,-0.08547008547008565
2,28,106,31,39,1.4586894586894585
2,28,47,31,40,0.32763532763532766
2,28,53,31,41,0.07122507122507128
2,28,20,31,42,-0.07122507122507123
2,28,14,31,43,-0.32763532763532754
2,28,125,31,44,0.07122507122507124
2,28,131,31,45,0.07122507122507124
2,28,98,31,46,-0.07122507122507125
2,28,92,31,47,-0.07122507122507103
2,28,50,31,48,0.042735042735042764
2,28,32,31,49,4.618701254788249e-17
2,28,17,31,50,-0.04273504273504273
2,28,29,31,51,-3.690353144597536e-17
2,28,74,31,52,-0.5698005698005699
2,28,77,31,53,-0.1424501424501424
2,28,65,31,54,0.14245014245014243
2,28,62,31,55,0.5698005698005697
2,28,128,31,56,-0.21367521367521358
2,28,110,31,57,9.75781955236954e-18
2,28,95,31,58,0.21367521367521358
2,28,107,31,59,-2.1141942363467336e-17
2,73,45,32,0,9.020562075079397e-17
2,73,51,32,1,-0.09188034188034187
2,73,18,32,2,-0.18162393162393167
2,73,12,32,3,4.163336342344337e-17
2,73,123,32,4,1.3183898417423734e-16
2,73,129,32,5,-0.09188034188034185
2,73,96,32,6,-0.1816239316239316
2,73,90,32,7,2.7755575615628914e-17
2,73,48,32,8,-0.042735042735042784
2,73,30,32,9,0.21367521367521375
2,73,15,32,10,0.2136752136752137
2,73,27,32,11,-5.551115123125783e-17
2,73,72,32,12,-2.220446049250313e-16
2,73,75,32,13,-0.051282051282051044
2,73,63,32,14,0.25641025641025633
2,73,60,32,15,-6.938893903907228e-18
2,73,126,32,16,-0.042735042735042826
2,73,108,32,17,0.21367521367521372
2,73,93,32,18,0.21367521367521367
2,73,105,32,19,-2.0816681711721685e-17
2,73,46,32,20,-0.6866096866096866
2,73,52,32,21,-0.20797720797720778
2,73,19,32,22,0.09686609686609719
2,73,13,32,23,-0.1168091168091167
2,73,124,32,24,-0.6866096866096867
2,73,130,32,25,-0.20797720797720778
2,73,97,32,26,0.09686609686609711
2,73,91,32,27,-0.1168091168091169
2,73,49,32,28,0.2991452991452989
2,73,31,32,29,-0.08547008547008589
2,73,16,32,30,-0.29914529914529936
2,73,28,32,31,0.17094017094017078
2,73,73,32,32,2.1424501424501425
2,73,76,32,33,0.33048433048433035
2,73,64,32,34,-0.1937321937321938
2,73,61,32,35,-0.3646723646723641
2,73,127,32,36,0.29914529914529925
2,73,109,32,37,-0.08547008547008576
2,73,94,32,38,-0.2991452991452992
2,73,106,32,39,0.1709401709401706
2,73,47,32,40,0.24216524216524232
2,73,53,32,41,0.07122507122507127
2,73,20,32,42,0.0712250712250713
2,73,14,32,43,0.07122507122507128
2,73,125,32,44,-0.24216524216524227
2,73,131,32,45,-0.07122507122507116
2,73,98,32,46,-0.07122507122507121
2,73,92,32,47,-0.07122507122507113
2,73,50,32,48,-0.04273504273504282
2,73,32,32,49,-0.1424501424501426
2,73,17,32,50,-0.21367521367521372
2,73,29,32,51,-0.5698005698005697
2,73,74,32,52,-1.2457482961858446e-16
2,73,77,32,53,-5.811323644522304e-17
2,73,65,32,54,-2.4936649967166602e-17
2,73,62,32,55,-6.198925921185872e-17
2,73,128,32,56,0.04273504273504273
2,73,110,32,57,0.1424501424501424
2,73,95,32,58,0.21367521367521355
2,73,107,32,59,0.5698005698005699
2,76,45,33,0,0.0918803418803418
2,76,51,33,1,0.032051282051282055
2,76,18,33,2,0.12179487179487183
2,76,12,33,3,0.1816239316239316
2,76,123,33,4,0.0918803418803418
2,76,129,33,5,0.03205128205128202
2,76,96,33,6,0.12179487179487182
2,76,90,33,7,0.18162393162393156
2,76,48,33,8,0.042735042735042805
2,76,30,33,9,-0.04273504273504282
2,76,15,33,10,-0.2136752136752137
2,76,27,33,11,-0.2136752136752136
2,76,72,33,12,0.05128205128205149
2,76,75,33,13,0.25641025641025605
2,76,63,33,14,-0.05128205128205127
2,76,60,33,15,-0.25641025641025633
2,76,126,33,16,0.042735042735042826
2,76,108,33,17,-0.04273504273504278
2,76,93,33,18,-0.21367521367521364
2,76,105,33,19,-0.2136752136752136
2,76,46,33,20,-0.20797720797720803
2,76,52,33,21,-0.34330484330484357
2,76,19,33,22,-0.05840455840455862
2,76,13,33,23,0.09686609686609662
2,76,124,33,24,-0.20797720797720812
2,76,130,33,25,-0.34330484330484357
2,76,97,33,26,-0.058404558404558674
2,76,91,33,27,0.09686609686609664
2,76,49,33,28,0.2991452991452991
2,76,31,33,29,0.08547008547008583
2,76,16,33,30,-0.29914529914529875
2,76,28,33,31,-0.08547008547008528
2,76,73,33,32,0.33048433048433035
2,76,76,33,33,1.0712250712250704
2,76,64,33,34,-0.1823361823361818
2,76,61,33,35,-0.1937321937321936
2,76,127,33,36,0.299145299145299
2,76,109,33,37,0.08547008547008597
2,76,94,33,38,-0.2991452991452989
2,76,106,33,39,-0.08547008547008528
2,76,47,33,40,0.07122507122507124
2,76,53,33,41,0.12108262108262112
2,76,20,33,42,0.03561253561253563
2,76,14,33,43,0.0712250712250712
2,76,125,33,44,-0.0712250712250712
2,76,131,33,45,-0.12108262108262113
2,76,98,33,46,-0.03561253561253561
2,76,92,33,47,-0.07122507122507118
2,76,50,33,48,-0.042735042735042715
2,76,32,33,49,-0.28490028490028474
2,76,17,33,50,-0.21367521367521358
2,76,29,33,51,-0.14245014245014243
2,76,74,33,52,-4.163336342344337e-17
2,76,77,33,53,-3.469446951953614e-17
2,76,65,33,54,-3.122502256758253e-17
2,76,62,33,55,-1.951563910473908e-17
2,76,128,33,56,0.04273504273504254
2,76,110,33,57,0.2849002849002849
2,76,95,33,58,0.21367521367521358
2,76,107,33,59,0.14245014245014243
2,64,45,34,0,-0.18162393162393162
2,64,51,34,1,-0.12179487179487183
2,64,18,34,2,-0.032051282051282014
2,64,12,34,3,-0.09188034188034179
2,64,123,34,4,-0.18162393162393156
2,64,129,34,5,-0.1217948717948718
2,64,96,34,6,-0.03205128205128197
2,64,90,34,7,-0.09188034188034179
2,64,48,34,8,0.21367521367521367
2,64,30,34,9,0.0427350427350428
2,64,15,34,10,-0.04273504273504286
2,64,27,34,11,0.21367521367521364
2,64,72,34,12,0.25641025641025633
2,64,75,34,13,0.05128205128205126
2,64,63,34,14,-0.25641025641025633
2,64,60,34,15,-0.05128205128205138
2,64,126,34,16,0.21367521367521364
2,64,108,34,17,0.042735042735042805
2,64,93,34,18,-0.04273504273504288
2,64,105,34,19,0.21367521367521358
2,64,46,34,20,0.09686609686609678
2,64,52,34,21,-0.05840455840455859
2,64,19,34,22,-0.3433048433048435
2,64,13,34,23,-0.207977207977208
2,64,124,34,24,0.09686609686609682
2,64,130,34,25,-0.058404558404558604
2,64,97,34,26,-0.34330484330484345
2,64,91,34,27,-0.20797720797720803
2,64,49,34,28,-0.2991452991452989
2,64,31,34,29,0.0854700854700859
2,64,16,34,30,0.2991452991452992
2,64,28,34,31,-0.08547008547008553
2,64,73,34,32,-0.1937321937321938
2,64,76,34,33,-0.1823361823361818
2,64,64,34,34,1.0712250712250706
2,64,61,34,35,0.33048433048433046
2,64,127,34,36,-0.29914529914529897
2,64,109,34,37,0.08547008547008597
2,64,94,34,38,0.29914529914529914
2,64,106,34,39,-0.08547008547008546
2,64,47,34,40,-0.07122507122507123
2,64,53,34,41,-0.03561253561253557
2,64,20,34,42,-0.12108262108262105
2,64,14,34,43,-0.07122507122507123
2,64,125,34,44,0.07122507122507118
2,64,131,34,45,0.03561253561253564
2,64,98,34,46,0.12108262108262116
2,64,92,34,47,0.0712250712250712
2,64,50,34,48,0.2136752136752136
2,64,32,34,49,0.2849002849002847
2,64,17,34,50,0.04273504273504274
2,64,29,34,51,0.14245014245014248
2,64,74,34,52,-2.0816681711721685e-17
2,64,77,34,53,-1.0408340855860843e-17
2,64,65,34,54,-8.586881206085195e-17
2,64,62,34,55,2.3960868011929648e-17
2,64,128,34,56,-0.2136752136752136
2,64,110,34,57,-0.28490028490028485
2,64,95,34,58,-0.04273504273504257
2,64,107,34,59,-0.1424501424501424
2,61,45,35,0,1.3877787807814457e-17
2,61,51,35,1,0.18162393162393167
2,61,18,35,2,0.09188034188034182
2,61,12,35,3,-9.020562075079397e-17
2,61,123,35,4,-4.163336342344337e-17
2,61,129,35,5,0.1816239316239316
2,61,96,35,6,0.09188034188034183
2,61,90,35,7,-8.326672684688674e-17
2,61,48,35,8,-0.21367521367521367
2,61,30,35,9,-0.2136752136752137
2,61,15,35,10,0.04273504273504285
2,61,27,35,11,1.3877787807814457e-17
2,61,72,35,12,0.0
2,61,75,35,13,-0.2564102564102563
2,61,63,35,14,0.051282051282051155
2,61,60,35,15,1.6653345369377348e-16
2,61,126,35,16,-0.2136752136752136
2,61,108,35,17,-0.21367521367521367
2,61,93,35,18,0.04273504273504285
2,61,105,35,19,9.020562075079397e-17
2,61,46,35,20,-0.11680911680911686
2,61,52,35,21,0.09686609686609707
2,61,19,35,22,-0.20797720797720787
2,61,13,35,23,-0.6866096866096867
2,61,124,35,24,-0.11680911680911704
2,61,130,35,25,0.09686609686609703
2,61,97,35,26,-0.20797720797720778
2,61,91,35,27,-0.6866096866096866
2,61,49,35,28,-0.29914529914529914
2,61,31,35,29,-0.0854700854700858
2,61,16,35,30,0.2991452991452991
2,61,28,35,31,0.17094017094017094
2,61,73,35,32,-0.3646723646723641
2,61,76,35,33,-0.1937321937321936
2,61,64,35,34,0.33048433048433046
2,61,61,35,35,2.142450142450142
2,61,127,35,36,-0.2991452991452991
2,61,109,35,37,-0.08547008547008578
2,61,94,35,38,0.29914529914529925
2,61,106,35,39,0.17094017094017078
2,61,47,35,40,-0.07122507122507118
2,61,53,35,41,-0.07122507122507123
2,61,20,35,42,-0.07122507122507123
2,61,14,35,43,-0.24216524216524227
2,61,125,35,44,0.07122507122507116
2,61,131,35,45,0.07122507122507124
2,61,98,35,46,0.0712250712250712
2,61,92,35,47,0.2421652421652424
2,61,50,35,48,0.2136752136752136
2,61,32,35,49,0.1424501424501425
2,61,17,35,50,0.042735042735042826
2,61,29,35,51,0.5698005698005693
2,61,74,35,52,4.662069341687669e-18
2,61,77,35,53,1.1709383462843448e-17
2,61,65,35,54,4.0549161250957866e-17
2,61,62,35,55,7.108300493358088e-17
2,61,128,35,56,-0.21367521367521355
2,61,110,35,57,-0.14245014245014248
2,61,95,35,58,-0.042735042735042736
2,61,107,35,59,-0.5698005698005697
2,127,45,36,0,0.07122507122507131
2,127,51,36,1,-0.0712250712250712
2,127,18,36,2,-0.07122507122507124
2,127,12,36,3,0.07122507122507124
2,127,123,36,4,0.16381766381766394
2,127,129,36,5,-0.16381766381766386
2,127,96,36,6,-0.03561253561253561
2,127,90,36,7,0.03561253561253559
2,127,48,36,8,-1.465841337200402e-16
2,127,30,36,9,0.1424501424501425
2,127,15,36,10,-1.5612511283791264e-17
2,127,27,36,11,-0.14245014245014248
2,127,72,36,12,0.04273504273504265
2,127,75,36,13,-0.042735042735042646
2,127,63,36,14,0.2136752136752136
2,127,60,36,15,-0.2136752136752136
2,127,126,36,16,-1.1796119636642288e-16
2,127,108,36,17,0.284900284900285
2,127,93,36,18,-3.469446951953614e-18
2,127,105,36,19,-0.2849002849002849
2,127,46,36,20,-0.20797720797720806
2,127,52,36,21,-0.2079772079772081
2,127,19,36,22,0.09686609686609692
2,127,13,36,23,0.0968660968660968
2,127,124,36,24,-0.34330484330484334
2,127,130,36,25,-0.34330484330484357
2,127,97,36,26,-0.058404558404558334
2,127,91,36,27,-0.05840455840455859
2,127,49,36,28,0.33048433048433074
2,127,31,36,29,-0.08547008547008557
2,127,16,36,30,-0.19373219373219353
2,127,28,36,31,-0.08547008547008543
2,127,73,36,32,0.29914529914529925
2,127,76,36,33,0.299145299145299
2,127,64,36,34,-0.29914529914529897
2,127,61,36,35,-0.2991452991452991
2,127,127,36,36,1.0712250712250713
2,127,109,36,37,0.0854700854700852
2,127,94,36,38,-0.18233618233618226
2,127,106,36,39,0.0854700854700855
2,127,47,36,40,0.12179487179487182
2,127,53,36,41,0.12179487179487176
2,127,20,36,42,0.18162393162393164
2,127,14,36,43,0.18162393162393162
2,127,125,36,44,0.03205128205128208
2,127,131,36,45,0.03205128205128205
2,127,98,36,46,0.0918803418803419
2,127,92,36,47,0.09188034188034196
2,127,50,36,48,-0.051282051282051294
2,127,32,36,49,-0.2136752136752137
2,127,17,36,50,-0.25641025641025633
2,127,29,36,51,-0.21367521367521358
2,127,74,36,52,-0.042735042735042736
2,127,77,36,53,-0.04273504273504284
2,127,65,36,54,-0.21367521367521364
2,127,62,36,55,-0.2136752136752136
2,127,128,36,56,0.2564102564102562
2,127,110,36,57,0.04273504273504264
2,127,95,36,58,0.05128205128205127
2,127,107,36,59,0.04273504273504278
2,109,45,37,0,-0.07122507122507124
2,109,51,37,1,-0.07122507122507127
2,109,18,37,2,0.07122507122507123
2,109,12,37,3,0.07122507122507123
2,109,123,37,4,-0.03561253561253561
2,109,129,37,5,-0.12108262108262113
2,109,96,37,6,0.1210826210826211
2,109,90,37,7,0.03561253561253559
2,109,48,37,8,0.14245014245014248
2,109,30,37,9,1.9081958235744878e-17
2,109,15,37,10,-0.1424501424501425
2,109,27,37,11,3.469446951953614e-18
2,109,72,37,12,0.21367521367521372
2,109,75,37,13,0.04273504273504265
2,109,63,37,14,-0.04273504273504264
2,109,60,37,15,-0.21367521367521367
2,109,126,37,16,0.28490028490028496
2,109,108,37,17,0.0
2,109,93,37,18,-0.28490028490028496
2,109,105,37,19,-1.734723475976807e-18
2,109,46,37,20,-0.13105413105413088
2,109,52,37,21,-0.40740740740740733
2,109,19,37,22,-0.4074074074074073
2,109,13,37,23,-0.13105413105413086
2,109,124,37,24,-0.4074074074074074
2,109,130,37,25,-0.8490028490028493
2,109,97,37,26,-0.8490028490028491
2,109,91,37,27,-0.4074074074074074
2,109,49,37,28,-0.08547008547008558
2,109,31,37,29,0.7293447293447296
2,109,16,37,30,-0.08547008547008561
2,109,28,37,31,0.262108262108262
2,109,73,37,32,-0.08547008547008576
2,109,76,37,33,0.08547008547008597
2,109,64,37,34,0.08547008547008597
2,109,61,37,35,-0.08547008547008578
2,109,127,37,36,0.0854700854700852
2,109,109,37,37,1.8689458689458691
2,109,94,37,38,0.08547008547008503
2,109,106,37,39,0.7293447293447295
2,109,47,37,40,-0.07122507122507123
2,109,53,37,41,-0.03561253561253564
2,109,20,37,42,0.03561253561253566
2,109,14,37,43,0.07122507122507125
2,109,125,37,44,-0.07122507122507132
2,109,131,37,45,-0.16381766381766394
2,109,98,37,46,0.16381766381766383
2,109,92,37,47,0.0712250712250713
2,109,50,37,48,0.21367521367521355
2,109,32,37,49,1.734723475976807e-17
2,109,17,37,50,-0.21367521367521364
2,109,29,37,51,-3.903127820947816e-18
2,109,74,37,52,0.14245014245014243
2,109,77,37,53,0.28490028490028496
2,109,65,37,54,-0.28490028490028496
2,109,62,37,55,-0.14245014245014248
2,109,128,37,56,-0.04273504273504278
2,109,110,37,57,9.020562075079397e-17
2,109,95,37,58,0.04273504273504282
2,109,107,37,59,6.331740687315346e-17
2,94,45,38,0,-0.07122507122507121
2,94,51,38,1,0.07122507122507124
2,94,18,38,2,0.07122507122507124
2,94,12,38,3,-0.07122507122507127
2,94,123,38,4,-0.0356125356125356
2,94,129,38,5,0.03561253561253562
2,94,96,38,6,0.16381766381766386
2,94,90,38,7,-0.16381766381766405
2,94,48,38,8,-1.973247953923618e-17
2,94,30,38,9,-0.14245014245014248
2,94,15,38,10,5.160802341031001e-17
2,94,27,38,11,0.14245014245014245
2,94,72,38,12,0.21367521367521364
2,94,75,38,13,-0.21367521367521367
2,94,63,38,14,0.042735042735042555
2,94,60,38,15,-0.04273504273504261
2,94,126,38,16,-5.204170427930421e-18
2,94,108,38,17,-0.28490028490028496
2,94,93,38,18,2.5326962749261384e-16
2,94,105,38,19,0.28490028490028496
2,94,46,38,20,0.0968660968660969
2,94,52,38,21,0.0968660968660969
2,94,19,38,22,-0.20797720797720798
2,94,13,38,23,-0.20797720797720787
2,94,124,38,24,-0.058404558404558486
2,94,130,38,25,-0.05840455840455832
2,94,97,38,26,-0.3433048433048433
2,94,91,38,27,-0.3433048433048431
2,94,49,38,28,-0.19373219373219353
2,94,31,38,29,-0.08547008547008561
2,94,16,38,30,0.3304843304843307
2,94,28,38,31,-0.08547008547008565
2,94,73,38,32,-0.2991452991452992
2,94,76,38,33,-0.2991452991452989
2,94,64,38,34,0.29914529914529914
2,94,61,38,35,0.29914529914529925
2,94,127,38,36,-0.18233618233618226
2,94,109,38,37,0.08547008547008503
2,94,94,38,38,1.071225071225071
2,94,106,38,39,0.08547008547008551
2,94,47,38,40,-0.18162393162393162
2,94,53,38,41,-0.18162393162393156
2,94,20,38,42,-0.12179487179487178
2,94,14,38,43,-0.12179487179487175
2,94,125,38,44,-0.09188034188034196
2,94,131,38,45,-0.09188034188034189
2,94,98,38,46,-0.032051282051282076
2,94,92,38,47,-0.032051282051282125
2,94,50,38,48,0.2564102564102563
2,94,32,38,49,0.2136752136752136
2,94,17,38,50,0.05128205128205132
2,94,29,38,51,0.21367521367521358
2,94,74,38,52,0.2136752136752136
2,94,77,38,53,0.2136752136752136
2,94,65,38,54,0.042735042735042854
2,94,62,38,55,0.04273504273504265
2,94,128,38,56,-0.05128205128205123
2,94,110,38,57,-0.04273504273504261
2,94,95,38,58,-0.25641025641025633
2,94,107,38,59,-0.042735042735042666
2,106,45,39,0,2.7755575615628914e-17
2,106,51,39,1,0.07122507122507123
2,106,18,39,2,-0.07122507122507123
2,106,12,39,3,0.0
2,106,123,39,4,-5.551115123125783e-17
2,106,129,39,5,0.03561253561253559
2,106,96,39,6,-0.03561253561253562
2,106,90,39,7,-2.7755575615628914e-17
2,106,48,39,8,-0.14245014245014248
2,106,30,39,9,-8.673617379884035e-19
2,106,15,39,10,0.14245014245014254
2,106,27,39,11,2.2768245622195593e-18
2,106,72,39,12,-4.163336342344337e-17
2,106,75,39,13,-0.2136752136752136
2,106,63,39,14,0.21367521367521364
2,106,60,39,15,9.020562075079397e-17
2,106,126,39,16,-0.28490028490028496
2,106,108,39,17,3.469446951953614e-18
2,106,93,39,18,0.28490028490028496
2,106,105,39,19,-1.0408340855860843e-17
2,106,46,39,20,-0.8148148148148148
2,106,52,39,21,-0.13105413105413088
2,106,19,39,22,-0.13105413105413083
2,106,13,39,23,-0.8148148148148143
2,106,124,39,24,-1.6980056980056983
2,106,130,39,25,-0.4074074074074075
2,106,97,39,26,-0.4074074074074074
2,106,91,39,27,-1.6980056980056986
2,106,49,39,28,-0.08547008547008557
2,106,31,39,29,0.26210826210826194
2,106,16,39,30,-0.08547008547008575
2,106,28,39,31,1.4586894586894585
2,106,73,39,32,0.1709401709401706
2,106,76,39,33,-0.08547008547008528
2,106,64,39,34,-0.08547008547008546
2,106,61,39,35,0.17094017094017078
2,106,127,39,36,0.0854700854700855
2,106,109,39,37,0.7293447293447295
2,106,94,39,38,0.08547008547008551
2,106,106,39,39,3.7378917378917387
2,106,47,39,40,-0.07122507122507127
2,106,53,39,41,-0.07122507122507124
2,106,20,39,42,0.07122507122507125
2,106,14,39,43,0.07122507122507127
2,106,125,39,44,-0.327635327635328
2,106,131,39,45,-0.07122507122507125
2,106,98,39,46,0.07122507122507113
2,106,92,39,47,0.3276353276353277
2,106,50,39,48,0.21367521367521355
2,106,32,39,49,-3.469446951953614e-18
2,106,17,39,50,-0.2136752136752136
2,106,29,39,51,-9.215718466126788e-18
2,106,74,39,52,0.5698005698005699
2,106,77,39,53,0.14245014245014245
2,106,65,39,54,-0.14245014245014243
2,106,62,39,55,-0.56980056980057
2,106,128,39,56,-0.04273504273504267
2,106,110,39,57,7.112366251504909e-17
2,106,95,39,58,0.04273504273504286
2,106,107,39,59,1.5590827240341554e-16
2,47,45,40,0,-8.326672684688674e-17
2,47,51,40,1,-0.008547008547008664
2,47,18,40,2,-0.0032051282051283082
2,47,12,40,3,3.469446951953614e-17
2,47,123,40,4,2.2551405187698492e-17
2,47,129,40,5,0.007122507122507128
2,47,96,40,6,-0.0551994301994302
2,47,90,40,7,2.42861286636753e-17
2,47,48,40,8,-0.1210826210826208
2,47,30,40,9,-0.12179487179487168
2,47,15,40,10,-0.07122507122507112
2,47,27,40,11,-1.8041124150158794e-16
2,47,72,40,12,-5.551115123125783e-17
2,47,75,40,13,0.03561253561253565
2,47,63,40,14,0.07122507122507125
2,47,60,40,15,-4.163336342344337e-17
2,47,126,40,16,0.0356125356125356
2,47,108,40,17,0.18162393162393162
2,47,93,40,18,0.07122507122507121
2,47,105,40,19,0.0
2,47,46,40,20,-0.41310541310541327
2,47,52,40,21,-0.05519943019943022
2,47,19,40,22,0.00320512820512827
2,47,13,40,23,0.017094017094017075
2,47,124,40,24,-0.0170940170940171
2,47,130,40,25,-0.0032051282051282545
2,47,97,40,26,0.0551994301994302
2,47,91,40,27,-0.014245014245014355
2,47,49,40,28,-0.03205128205128211
2,47,31,40,29,0.07122507122507114
2,47,16,40,30,0.12179487179487171
2,47,28,40,31,0.2421652421652422
2,47,73,40,32,0.3276353276353279
2,47,76,40,33,0.07122507122507128
2,47,64,40,34,-0.07122507122507123
2,47,61,40,35,-0.07122507122507116
2,47,127,40,36,0.09188034188034187
2,47,109,40,37,-0.07122507122507121
2,47,94,40,38,-0.1816239316239316
2,47,106,40,39,-0.0712250712250712
2,47,47,40,40,1.535612535612536
2,47,53,40,41,0.3831908831908833
2,47,20,40,42,0.24145299145299143
2,47,14,40,43,0.7663817663817665
2,47,125,40,44,0.8803418803418808
2,47,131,40,45,0.2592592592592592
2,47,98,40,46,0.08618233618233617
2,47,92,40,47,0.5185185185185186
2,47,50,40,48,-0.3433048433048433
2,47,32,40,49,-0.20797720797720795
2,47,17,40,50,-0.20797720797720798
2,47,29,40,51,-0.6866096866096869
2,47,74,40,52,-1.6980056980056981
2,47,77,40,53,-0.40740740740740733
2,47,65,40,54,-0.13105413105413105
2,47,62,40,55,-0.8148148148148149
2,47,128,40,56,-0.0584045584045585
2,47,110,40,57,0.09686609686609672
2,47,95,40,58,0.0968660968660968
2,47,107,40,59,-0.11680911680911654
2,53,45,41,0,0.00854700854700844
2,53,51,41,1,-0.2065527065527069
2,53,18,41,2,-0.055199430199430265
2,53,12,41,3,0.0032051282051281434
2,53,123,41,4,-0.007122507122507166
2,53,129,41,5,-0.008547008547008569
2,53,96,41,6,-0.00320512820512825
2,53,90,41,7,0.05519943019943018
2,53,48,41,8,0.12108262108262144
2,53,30,41,9,-0.03205128205128207
2,53,15,41,10,0.07122507122507138
2,53,27,41,11,0.12179487179487178
2,53,72,41,12,-0.03561253561253562
2,53,75,41,13,0.16381766381766374
2,53,63,41,14,0.07122507122507124
2,53,60,41,15,-0.07122507122507127
2,53,126,41,16,-0.03561253561253552
2,53,108,41,17,0.09188034188034191
2,53,93,41,18,-0.07122507122507116
2,53,105,41,19,-0.18162393162393162
2,53,46,41,20,-0.05519943019943021
2,53,52,41,21,-0.2065527065527069
2,53,19,41,22,0.008547008547008551
2,53,13,41,23,0.003205128205128153
2,53,124,41,24,-0.0032051282051282137
2,53,130,41,25,-0.008547008547008593
2,53,97,41,26,-0.007122507122507098
2,53,91,41,27,0.05519943019943019
2,53,49,41,28,-0.032051282051281896
2,53,31,41,29,0.12108262108262116
2,53,16,41,30,0.12179487179487174
2,53,28,41,31,0.07122507122507125
2,53,73,41,32,0.07122507122507125
2,53,76,41,33,0.1638176638176639
2,53,64,41,34,-0.03561253561253557
2,53,61,41,35,-0.07122507122507125
2,53,127,41,36,0.09188034188034185
2,53,109,41,37,-0.03561253561253562
2,53,94,41,38,-0.1816239316239316
2,53,106,41,39,-0.07122507122507123
2,53,47,41,40,0.3831908831908833
2,53,53,41,41,0.7678062678062687
2,53,20,41,42,0.3831908831908831
2,53,14,41,43,0.24145299145299143
2,53,125,41,44,0.25925925925925947
2,53,131,41,45,0.4401709401709404
2,53,98,41,46,0.25925925925925924
2,53,92,41,47,0.08618233618233617
2,53,50,41,48,-0.34330484330484384
2,53,32,41,49,-0.34330484330484334
2,53,17,41,50,-0.20797720797720815
2,53,29,41,51,-0.20797720797720795
2,53,74,41,52,-0.40740740740740744
2,53,77,41,53,-0.8490028490028495
2,53,65,41,54,-0.40740740740740733
2,53,62,41,55,-0.13105413105413086
2,53,128,41,56,-0.0584045584045588
2,53,110,41,57,-0.05840455840455864
2,53,95,41,58,0.09686609686609671
2,53,107,41,59,0.09686609686609701
2,20,45,42,0,0.003205128205128114
2,20,51,42,1,-0.05519943019943026
2,20,18,42,2,-0.20655270655270694
2,20,12,42,3,0.008547008547008385
2,20,123,42,4,0.05519943019943019
2,20,129,42,5,-0.0032051282051282475
2,20,96,42,6,-0.008547008547008577
2,20,90,42,7,-0.007122507122507156
2,20,48,42,8,0.0712250712250714
2,20,30,42,9,-0.03205128205128204
2,20,15,42,10,0.12108262108262163
2,20,27,42,11,0.12179487179487179
2,20,72,42,12,-0.07122507122507127
2,20,75,42,13,0.07122507122507125
2,20,63,42,14,0.1638176638176638
2,20,60,42,15,-0.03561253561253561
2,20,126,42,16,-0.07122507122507117
2,20,108,42,17,0.09188034188034191
2,20,93,42,18,-0.035612535612535544
2,20,105,42,19,-0.18162393162393162
2,20,46,42,20,-0.003205128205128147
2,20,52,42,21,-0.00854700854700859
2,20,19,42,22,0.2065527065527068
2,20,13,42,23,0.05519943019943022
2,20,124,42,24,-0.055199430199430244
2,20,130,42,25,0.007122507122507062
2,20,97,42,26,0.008547008547008544
2,20,91,42,27,0.0032051282051281716
2,20,49,42,28,-0.12179487179487176
2,20,31,42,29,-0.12108262108262124
2,20,16,42,30,0.032051282051281764
2,20,28,42,31,-0.07122507122507125
2,20,73,42,32,0.07122507122507134
2,20,76,42,33,0.035612535612535655
2,20,64,42,34,-0.16381766381766372
2,20,61,42,35,-0.07122507122507121
2,20,127,42,36,0.1816239316239316
2,20,109,42,37,0.03561253561253565
2,20,94,42,38,-0.09188034188034187
2,20,106,42,39,0.07122507122507125
2,20,47,42,40,0.24145299145299143
2,20,53,42,41,0.3831908831908831
2,20,20,42,42,0.7678062678062687
2,20,14,42,43,0.3831908831908833
2,20,125,42,44,0.08618233618233612
2,20,131,42,45,0.2592592592592592
2,20,98,42,46,0.44017094017094044
2,20,92,42,47,0.25925925925925924
2,20,50,42,48,-0.2079772079772082
2,20,32,42,49,-0.34330484330484334
2,20,17,42,50,-0.3433048433048441
2,20,29,42,51,-0.20797720797720798
2,20,74,42,52,-0.13105413105413077
2,20,77,42,53,-0.40740740740740733
2,20,65,42,54,-0.8490028490028496
2,20,62,42,55,-0.4074074074074074
2,20,128,42,56,0.09686609686609676
2,20,110,42,57,-0.05840455840455855
2,20,95,42,58,-0.058404558404558674
2,20,107,42,59,0.09686609686609712
2,14,45,43,0,2.7755575615628914e-17
2,14,51,43,1,-0.003205128205128282
2,14,18,43,2,-0.008547008547008728
2,14,12,43,3,-1.1102230246251565e-16
2,14,123,43,4,1.1275702593849246e-17
2,14,129,43,5,-0.05519943019943023
2,14,96,43,6,0.007122507122507121
2,14,90,43,7,2.42861286636753e-17
2,14,48,43,8,-0.07122507122507114
2,14,30,43,9,-0.12179487179487171
2,14,15,43,10,-0.1210826210826208
2,14,27,43,11,-9.71445146547012e-17
2,14,72,43,12,-2.7755575615628914e-17
2,14,75,43,13,0.07122507122507125
2,14,63,43,14,0.035612535612535676
2,14,60,43,15,0.0
2,14,126,43,16,0.07122507122507121
2,14,108,43,17,0.18162393162393162
2,14,93,43,18,0.035612535612535585
2,14,105,43,19,-1.3877787807814457e-17
2,14,46,43,20,-0.017094017094017134
2,14,52,43,21,-0.003205128205128278
2,14,19,43,22,0.05519943019943022
2,14,13,43,23,0.4131054131054131
2,14,124,43,24,0.014245014245014304
2,14,130,43,25,-0.05519943019943022
2,14,97,43,26,0.003205128205128244
2,14,91,43,27,0.017094017094017065
2,14,49,43,28,-0.12179487179487171
2,14,31,43,29,-0.07122507122507125
2,14,16,43,30,0.03205128205128214
2,14,28,43,31,-0.24216524216524216
2,14,73,43,32,0.07122507122507128
2,14,76,43,33,0.0712250712250712
2,14,64,43,34,-0.07122507122507127
2,14,61,43,35,-0.32763532763532777
2,14,127,43,36,0.18162393162393156
2,14,109,43,37,0.07122507122507121
2,14,94,43,38,-0.09188034188034185
2,14,106,43,39,0.07122507122507121
2,14,47,43,40,0.7663817663817665
2,14,53,43,41,0.24145299145299143
2,14,20,43,42,0.3831908831908833
2,14,14,43,43,1.535612535612536
2,14,125,43,44,0.5185185185185186
2,14,131,43,45,0.08618233618233614
2,14,98,43,46,0.2592592592592592
2,14,92,43,47,0.8803418803418805
2,14,50,43,48,-0.20797720797720798
2,14,32,43,49,-0.20797720797720798
2,14,17,43,50,-0.3433048433048434
2,14,29,43,51,-0.6866096866096869
2,14,74,43,52,-0.8148148148148149
2,14,77,43,53,-0.13105413105413108
2,14,65,43,54,-0.40740740740740755
2,14,62,43,55,-1.6980056980056983
2,14,128,43,56,0.09686609686609673
2,14,110,43,57,0.09686609686609678
2,14,95,43,58,-0.05840455840455838
2,14,107,43,59,-0.11680911680911645
2,125,45,44,0,2.42861286636753e-17
2,125,51,44,1,-0.007122507122507161
2,125,18,44,2,0.05519943019943019
2,125,12,44,3,1.3010426069826053e-17
2,125,123,44,4,8.326672684688674e-17
2,125,129,44,5,0.008547008547008579
2,125,96,44,6,0.0032051282051281894
2,125,90,44,7,-6.938893903907228e-18
2,125,48,44,8,-0.035612535612535606
2,125,30,44,9,-0.18162393162393156
2,125,15,44,10,-0.07122507122507121
2,125,27,44,11,-4.163336342344337e-17
2,125,72,44,12,-1.1102230246251565e-16
2,125,75,44,13,-0.03561253561253561
2,125,63,44,14,-0.0712250712250712
2,125,60,44,15,-2.7755575615628914e-17
2,125,126,44,16,0.12108262108262115
2,125,108,44,17,0.12179487179487188
2,125,93,44,18,0.07122507122507123
2,125,105,44,19,-2.0816681711721685e-17
2,125,46,44,20,0.017094017094017137
2,125,52,44,21,0.0032051282051282323
2,125,19,44,22,-0.05519943019943021
2,125,13,44,23,0.0142450142450143
2,125,124,44,24,0.4131054131054136
2,125,130,44,25,0.055199430199430216
2,125,97,44,26,-0.003205128205128144
2,125,91,44,27,-0.017094017094017075
2,125,49,44,28,-0.09188034188034186
2,125,31,44,29,0.07122507122507124
2,125,16,44,30,0.18162393162393162
2,125,28,44,31,0.07122507122507116
2,125,73,44,32,-0.3276353276353279
2,125,76,44,33,-0.07122507122507123
2,125,64,44,34,0.07122507122507121
2,125,61,44,35,0.07122507122507116
2,125,127,44,36,0.032051282051282055
2,125,109,44,37,-0.07122507122507132
2,125,94,44,38,-0.12179487179487186
2,125,106,44,39,-0.24216524216524232
2,125,47,44,40,0.8803418803418808
2,125,53,44,41,0.25925925925925947
2,125,20,44,42,0.08618233618233612
2,125,14,44,43,0.5185185185185186
2,125,125,44,44,1.5356125356125365
2,125,131,44,45,0.38319088319088335
2,125,98,44,46,0.24145299145299146
2,125,92,44,47,0.7663817663817668
2,125,50,44,48,-0.058404558404558465
2,125,32,44,49,0.09686609686609673
2,125,17,44,50,0.0968660968660969
2,125,29,44,51,-0.11680911680911704
2,125,74,44,52,-1.6980056980056992
2,125,77,44,53,-0.4074074074074078
2,125,65,44,54,-0.13105413105413108
2,125,62,44,55,-0.8148148148148151
2,125,128,44,56,-0.34330484330484323
2,125,110,44,57,-0.2079772079772079
2,125,95,44,58,-0.20797720797720792
2,125,107,44,59,-0.6866096866096866
2,131,45,45,0,0.007122507122507126
2,131,51,45,1,0.00854700854700853
2,131,18,45,2,0.003205128205128172
2,131,12,45,3,-0.0551994301994302
2,131,123,45,4,-0.008547008547008517
2,131,129,45,5,0.20655270655270666
2,131,96,45,6,0.05519943019943017
2,131,90,45,7,-0.003205128205128197
2,131,48,45,8,0.03561253561253568
2,131,30,45,9,-0.09188034188034185
2,131,15,45,10,0.07122507122507124
2,131,27,45,11,0.18162393162393153
2,131,72,45,12,0.03561253561253555
2,131,75,45,13,-0.16381766381766394
2,131,63,45,14,-0.07122507122507118
2,131,60,45,15,0.07122507122507118
2,131,126,45,16,-0.1210826210826211
2,131,108,45,17,0.032051282051282125
2,131,93,45,18,-0.0712250712250712
2,131,105,45,19,-0.12179487179487186
2,131,46,45,20,0.003205128205128173
2,131,52,45,21,0.008547008547008506
2,131,19,45,22,0.007122507122507067
2,131,13,45,23,-0.05519943019943024
2,131,124,45,24,0.05519943019943024
2,131,130,45,25,0.20655270655270663
2,131,97,45,26,-0.008547008547008569
2,131,91,45,27,-0.0032051282051282683
2,131,49,45,28,-0.09188034188034179
2,131,31,45,29,0.035612535612535655
2,131,16,45,30,0.1816239316239316
2,131,28,45,31,0.07122507122507123
2,131,73,45,32,-0.07122507122507118
2,131,76,45,33,-0.16381766381766388
2,131,64,45,34,0.035612535612535676
2,131,61,45,35,0.07122507122507127
2,131,127,45,36,0.03205128205128205
2,131,109,45,37,-0.12108262108262116
2,131,94,45,38,-0.1217948717948718
2,131,106,45,39,-0.07122507122507123
2,131,47,45,40,0.2592592592592592
2,131,53,45,41,0.4401709401709404
2,131,20,45,42,0.2592592592592592
2,131,14,45,43,0.08618233618233614
2,131,125,45,44,0.38319088319088335
2,131,131,45,45,0.767806267806268
2,131,98,45,46,0.3831908831908831
2,131,92,45,47,0.24145299145299146
2,131,50,45,48,-0.058404558404558604
2,131,32,45,49,-0.05840455840455857
2,131,17,45,50,0.09686609686609675
2,131,29,45,51,0.09686609686609689
2,131,74,45,52,-0.40740740740740744
2,131,77,45,53,-0.8490028490028494
2,131,65,45,54,-0.40740740740740733
2,131,62,45,55,-0.13105413105413094
2,131,128,45,56,-0.3433048433048434
2,131,110,45,57,-0.34330484330484345
2,131,95,45,58,-0.20797720797720795
2,131,107,45,59,-0.2079772079772078
2,98,45,46,0,-0.05519943019943021
2,98,51,46,1,0.003205128205128165
2,98,18,46,2,0.008547008547008515
2,98,12,46,3,0.007122507122507131
2,98,123,46,4,-0.003205128205128226
2,98,129,46,5,0.05519943019943017
2,98,96,46,6,0.2065527065527066
2,98,90,46,7,-0.00854700854700848
2,98,48,46,8,0.07122507122507125
2,98,30,46,9,-0.09188034188034185
2,98,15,46,10,0.035612535612535634
2,98,27,46,11,0.18162393162393156
2,98,72,46,12,0.07122507122507117
2,98,75,46,13,-0.07122507122507117
2,98,63,46,14,-0.16381766381766383
2,98,60,46,15,0.03561253561253556
2,98,126,46,16,-0.07122507122507118
2,98,108,46,17,0.03205128205128214
2,98,93,46,18,-0.12108262108262116
2,98,105,46,19,-0.1217948717948718
2,98,46,46,20,0.055199430199430216
2,98,52,46,21,-0.007122507122507119
2,98,19,46,22,-0.008547008547008583
2,98,13,46,23,-0.0032051282051282033
2,98,124,46,24,0.003205128205128268
2,98,130,46,25,0.008547008547008541
2,98,97,46,26,-0.20655270655270663
2,98,91,46,27,-0.05519943019943021
2,98,49,46,28,-0.18162393162393156
2,98,31,46,29,-0.03561253561253561
2,98,16,46,30,0.09188034188034179
2,98,28,46,31,-0.0712250712250712
2,98,73,46,32,-0.07122507122507121
2,98,76,46,33,-0.03561253561253568
2,98,64,46,34,0.16381766381766388
2,98,61,46,35,0.07122507122507124
2,98,127,46,36,0.12179487179487178
2,98,109,46,37,0.12108262108262105
2,98,94,46,38,-0.032051282051282055
2,98,106,46,39,0.07122507122507117
2,98,47,46,40,0.08618233618233617
2,98,53,46,41,0.25925925925925924
2,98,20,46,42,0.44017094017094044
2,98,14,46,43,0.2592592592592592
2,98,125,46,44,0.24145299145299146
2,98,131,46,45,0.3831908831908831
2,98,98,46,46,0.7678062678062679
2,98,92,46,47,0.3831908831908831
2,98,50,46,48,0.09686609686609672
2,98,32,46,49,-0.058404558404558694
2,98,17,46,50,-0.058404558404558674
2,98,29,46,51,0.09686609686609694
2,98,74,46,52,-0.131054131054131
2,98,77,46,53,-0.4074074074074074
2,98,65,46,54,-0.8490028490028488
2,98,62,46,55,-0.40740740740740744
2,98,128,46,56,-0.2079772079772079
2,98,110,46,57,-0.34330484330484323
2,98,95,46,58,-0.3433048433048433
2,98,107,46,59,-0.20797720797720778
2,92,45,47,0,1.2576745200831851e-17
2,92,51,47,1,0.055199430199430195
2,92,18,47,2,-0.007122507122507158
2,92,12,47,3,1.5612511283791264e-17
2,92,123,47,4,0.0
2,92,129,47,5,0.003205128205128213
2,92,96,47,6,0.00854700854700862
2,92,90,47,7,1.3877787807814457e-16
2,92,48,47,8,-0.07122507122507123
2,92,30,47,9,-0.18162393162393162
2,92,15,47,10,-0.03561253561253561
2,92,27,47,11,-1.3877787807814457e-17
2,92,72,47,12,-1.3877787807814457e-17
2,92,75,47,13,-0.07122507122507121
2,92,63,47,14,-0.035612535612535585
2,92,60,47,15,-2.7755575615628914e-17
2,92,126,47,16,0.07122507122507121
2,92,108,47,17,0.12179487179487182
2,92,93,47,18,0.12108262108262095
2,92,105,47,19,6.938893903907228e-18
2,92,46,47,20,-0.014245014245014337
2,92,52,47,21,0.05519943019943016
2,92,19,47,22,-0.003205128205128259
2,92,13,47,23,-0.017094017094017214
2,92,124,47,24,0.01709401709401715
2,92,130,47,25,0.0032051282051281625
2,92,97,47,26,-0.05519943019943018
2,92,91,47,27,-0.4131054131054135
2,92,49,47,28,-0.18162393162393153
2,92,31,47,29,-0.07122507122507121
2,92,16,47,30,0.09188034188034185
2,92,28,47,31,-0.07122507122507109
2,92,73,47,32,-0.07122507122507116
2,92,76,47,33,-0.0712250712250712
2,92,64,47,34,0.07122507122507125
2,92,61,47,35,0.327635327635328
2,92,127,47,36,0.12179487179487179
2,92,109,47,37,0.07122507122507125
2,92,94,47,38,-0.03205128205128216
2,92,106,47,39,0.24216524216524216
2,92,47,47,40,0.5185185185185186
2,92,53,47,41,0.08618233618233617
2,92,20,47,42,0.25925925925925924
2,92,14,47,43,0.8803418803418805
2,92,125,47,44,0.7663817663817668
2,92,131,47,45,0.24145299145299146
2,92,98,47,46,0.3831908831908831
2,92,92,47,47,1.5356125356125363
2,92,50,47,48,0.09686609686609689
2,92,32,47,49,0.09686609686609665
2,92,17,47,50,-0.05840455840455848
2,92,29,47,51,-0.11680911680911699
2,92,74,47,52,-0.8148148148148151
2,92,77,47,53,-0.13105413105413113
2,92,65,47,54,-0.40740740740740755
2,92,62,47,55,-1.6980056980056983
2,92,128,47,56,-0.20797720797720792
2,92,110,47,57,-0.20797720797720784
2,92,95,47,58,-0.34330484330484307
2,92,107,47,59,-0.6866096866096865
2,50,45,48,0,-0.16381766381766363
2,50,51,48,1,0.1638176638176642
2,50,18,48,2,0.07122507122507138
2,50,12,48,3,-0.07122507122507114
2,50,123,48,4,-0.035612535612535565
2,50,129,48,5,0.03561253561253562
2,50,96,48,6,0.07122507122507125
2,50,90,48,7,-0.07122507122507121
2,50,48,48,8,-6.782768791069316e-16
2,50,30,48,9,0.042735042735042604
2,50,15,48,10,-2.660632131279428e-16
2,50,27,48,11,-0.042735042735042576
2,50,72,48,12,0.284900284900285
2,50,75,48,13,-0.28490028490028496
2,50,63,48,14,-0.1424501424501425
2,50,60,48,15,0.1424501424501425
2,50,126,48,16,-9.020562075079397e-17
2,50,108,48,17,-0.21367521367521367
2,50,93,48,18,-4.92227786308419e-17
2,50,105,48,19,0.2136752136752137
2,50,46,48,20,-0.03205128205128204
2,50,52,48,21,-0.032051282051281875
2,50,19,48,22,-0.09188034188034185
2,50,13,48,23,-0.09188034188034178
2,50,124,48,24,-0.12179487179487176
2,50,130,48,25,-0.12179487179487167
2,50,97,48,26,-0.18162393162393156
2,50,91,48,27,-0.1816239316239315
2,50,49,48,28,-0.25641025641025633
2,50,31,48,29,-0.04273504273504273
2,50,16,48,30,-0.05128205128205123
2,50,28,48,31,-0.04273504273504273
2,50,73,48,32,0.042735042735042646
2,50,76,48,33,0.0427350427350426
2,50,64,48,34,0.21367521367521355
2,50,61,48,35,0.2136752136752136
2,50,127,48,36,0.051282051282051246
2,50,109,48,37,0.2136752136752136
2,50,94,48,38,0.2564102564102562
2,50,106,48,39,0.21367521367521355
2,50,47,48,40,-0.3433048433048433
2,50,53,48,41,-0.34330484330484384
2,50,20,48,42,-0.2079772079772082
2,50,14,48,43,-0.20797720797720798
2,50,125,48,44,-0.058404558404558465
2,50,131,48,45,-0.058404558404558604
2,50,98,48,46,0.09686609686609672
2,50,92,48,47,0.09686609686609689
2,50,50,48,48,1.071225071225071
2,50,32,48,49,0.2991452991452991
2,50,17,48,50,0.33048433048433096
2,50,29,48,51,0.2991452991452992
2,50,74,48,52,0.08547008547008499
2,50,77,48,53,0.08547008547008599
2,50,65,48,54,-0.08547008547008529
2,50,62,48,55,-0.08547008547008572
2,50,128,48,56,-0.18233618233618187
2,50,110,48,57,-0.2991452991452989
2,50,95,48,58,-0.1937321937321935
2,50,107,48,59,-0.2991452991452994
2,32,45,49,0,-0.09188034188034178
2,32,51,49,1,-0.03205128205128204
2,32,18,49,2,-0.03205128205128205
2,32,12,49,3,-0.09188034188034179
2,32,123,49,4,-0.18162393162393164
2,32,129,49,5,-0.12179487179487175
2,32,96,49,6,-0.12179487179487175
2,32,90,49,7,-0.18162393162393156
2,32,48,49,8,-0.042735042735042826
2,32,30,49,9,-0.2564102564102563
2,32,15,49,10,-0.04273504273504285
2,32,27,49,11,-0.051282051282051384
2,32,72,49,12,0.21367521367521367
2,32,75,49,13,0.04273504273504273
2,32,63,49,14,0.04273504273504272
2,32,60,49,15,0.21367521367521367
2,32,126,49,16,0.21367521367521358
2,32,108,49,17,0.05128205128205125
2,32,93,49,18,0.21367521367521358
2,32,105,49,19,0.2564102564102563
2,32,46,49,20,0.07122507122507116
2,32,52,49,21,0.163817663817664
2,32,19,49,22,-0.16381766381766394
2,32,13,49,23,-0.07122507122507125
2,32,124,49,24,0.07122507122507125
2,32,130,49,25,0.035612535612535634
2,32,97,49,26,-0.03561253561253557
2,32,91,49,27,-0.07122507122507121
2,32,49,49,28,0.04273504273504265
2,32,31,49,29,1.249000902703301e-16
2,32,16,49,30,-0.04273504273504251
2,32,28,49,31,2.6237692574149207e-17
2,32,73,49,32,-0.1424501424501426
2,32,76,49,33,-0.28490028490028496
2,32,64,49,34,0.2849002849002848
2,32,61,49,35,0.1424501424501424
2,32,127,49,36,-0.21367521367521367
2,32,109,49,37,1.0408340855860843e-17
2,32,94,49,38,0.2136752136752136
2,32,106,49,39,-1.431146867680866e-17
2,32,47,49,40,-0.20797720797720795
2,32,53,49,41,-0.34330484330484334
2,32,20,49,42,-0.34330484330484334
2,32,14,49,43,-0.20797720797720798
2,32,125,49,44,0.09686609686609673
2,32,131,49,45,-0.05840455840455857
2,32,98,49,46,-0.058404558404558694
2,32,92,49,47,0.09686609686609665
2,32,50,49,48,0.2991452991452991
2,32,32,49,49,1.0712250712250706
2,32,17,49,50,0.29914529914529897
2,32,29,49,51,0.33048433048433046
2,32,74,49,52,-0.08547008547008557
2,32,77,49,53,0.08547008547008564
2,32,65,49,54,0.08547008547008578
2,32,62,49,55,-0.08547008547008546
2,32,128,49,56,-0.29914529914529886
2,32,110,49,57,-0.18233618233618193
2,32,95,49,58,-0.2991452991452988
2,32,107,49,59,-0.1937321937321936
2,17,45,50,0,-0.07122507122507112
2,17,51,50,1,0.07122507122507138
2,17,18,50,2,0.16381766381766433
2,17,12,50,3,-0.16381766381766352
2,17,123,50,4,-0.07122507122507124
2,17,129,50,5,0.07122507122507128
2,17,96,50,6,0.035612535612535634
2,17,90,50,7,-0.035612535612535606
2,17,48,50,8,-2.695326600798964e-16
2,17,30,50,9,0.04273504273504261
2,17,15,50,10,-8.2135090829355e-16
2,17,27,50,11,-0.04273504273504263
2,17,72,50,12,0.1424501424501425
2,17,75,50,13,-0.1424501424501425
2,17,63,50,14,-0.284900284900285
2,17,60,50,15,0.2849002849002851
2,17,126,50,16,-4.7921736023859296e-17
2,17,108,50,17,-0.2136752136752137
2,17,93,50,18,-4.2392304944183223e-17
2,17,105,50,19,0.2136752136752137
2,17,46,50,20,0.0918803418803418
2,17,52,50,21,0.09188034188034185
2,17,19,50,22,0.032051282051281826
2,17,13,50,23,0.03205128205128208
2,17,124,50,24,0.18162393162393153
2,17,130,50,25,0.18162393162393156
2,17,97,50,26,0.12179487179487167
2,17,91,50,27,0.12179487179487178
2,17,49,50,28,0.05128205128205126
2,17,31,50,29,0.04273504273504282
2,17,16,50,30,0.25641025641025644
2,17,28,50,31,0.04273504273504273
2,17,73,50,32,-0.21367521367521364
2,17,76,50,33,-0.21367521367521358
2,17,64,50,34,-0.04273504273504259
2,17,61,50,35,-0.04273504273504265
2,17,127,50,36,-0.2564102564102563
2,17,109,50,37,-0.21367521367521358
2,17,94,50,38,-0.05128205128205125
2,17,106,50,39,-0.21367521367521364
2,17,47,50,40,-0.20797720797720798
2,17,53,50,41,-0.20797720797720815
2,17,20,50,42,-0.3433048433048441
2,17,14,50,43,-0.3433048433048434
2,17,125,50,44,0.0968660968660969
2,17,131,50,45,0.09686609686609675
2,17,98,50,46,-0.058404558404558674
2,17,92,50,47,-0.05840455840455848
2,17,50,50,48,0.33048433048433096
2,17,32,50,49,0.29914529914529897
2,17,17,50,50,1.0712250712250715
2,17,29,50,51,0.29914529914529925
2,17,74,50,52,-0.08547008547008583
2,17,77,50,53,-0.08547008547008529
2,17,65,50,54,0.08547008547008614
2,17,62,50,55,0.0854700854700853
2,17,128,50,56,-0.19373219373219353
2,17,110,50,57,-0.29914529914529897
2,17,95,50,58,-0.18233618233618198
2,17,107,50,59,-0.29914529914529936
2,29,45,51,0,-1.5959455978986625e-16
2,29,51,51,1,0.09188034188034185
2,29,18,51,2,0.09188034188034183
2,29,12,51,3,-1.3183898417423734e-16
2,29,123,51,4,-5.551115123125783e-17
2,29,129,51,5,0.18162393162393162
2,29,96,51,6,0.18162393162393153
2,29,90,51,7,-4.163336342344337e-17
2,29,48,51,8,0.04273504273504285
2,29,30,51,9,0.05128205128205117
2,29,15,51,10,0.042735042735042805
2,29,27,51,11,1.6653345369377348e-16
2,29,72,51,12,2.0816681711721685e-17
2,29,75,51,13,-0.2136752136752137
2,29,63,51,14,-0.2136752136752137
2,29,60,51,15,-2.7755575615628914e-17
2,29,126,51,16,-0.21367521367521353
2,29,108,51,17,-0.25641025641025633
2,29,93,51,18,-0.21367521367521358
2,29,105,51,19,-1.3877787807814457e-17
2,29,46,51,20,0.32763532763532766
2,29,52,51,21,0.07122507122507128
2,29,19,51,22,-0.07122507122507123
2,29,13,51,23,-0.32763532763532754
2,29,124,51,24,0.07122507122507124
2,29,130,51,25,0.07122507122507124
2,29,97,51,26,-0.07122507122507125
2,29,91,51,27,-0.07122507122507103
2,29,49,51,28,0.042735042735042764
2,29,31,51,29,4.618701254788249e-17
2,29,16,51,30,-0.04273504273504273
2,29,28,51,31,-3.690353144597536e-17
2,29,73,51,32,-0.5698005698005699
2,29,76,51,33,-0.1424501424501424
2,29,64,51,34,0.14245014245014243
2,29,61,51,35,0.5698005698005697
2,29,127,51,36,-0.21367521367521358
2,29,109,51,37,9.75781955236954e-18
2,29,94,51,38,0.21367521367521358
2,29,106,51,39,-2.1141942363467336e-17
2,29,47,51,40,-0.6866096866096869
2,29,53,51,41,-0.20797720797720795
2,29,20,51,42,-0.20797720797720798
2,29,14,51,43,-0.6866096866096869
2,29,125,51,44,-0.11680911680911704
2,29,131,51,45,0.09686609686609689
2,29,98,51,46,0.09686609686609694
2,29,92,51,47,-0.11680911680911699
2,29,50,51,48,0.2991452991452992
2,29,32,51,49,0.33048433048433046
2,29,17,51,50,0.29914529914529925
2,29,29,51,51,2.1424501424501416
2,29,74,51,52,0.1709401709401711
2,29,77,51,53,-0.08547008547008546
2,29,65,51,54,-0.0854700854700856
2,29,62,51,55,0.17094017094017108
2,29,128,51,56,-0.29914529914529897
2,29,110,51,57,-0.1937321937321936
2,29,95,51,58,-0.29914529914529897
2,29,107,51,59,-0.3646723646723644
2,74,45,52,0,-6.938893903907228e-17
2,74,51,52,1,-0.0356125356125356
2,74,18,52,2,-0.07122507122507125
2,74,12,52,3,-1.3877787807814457e-17
2,74,123,52,4,-4.163336342344337e-17
2,74,129,52,5,0.03561253561253558
2,74,96,52,6,0.07122507122507117
2,74,90,52,7,0.0
2,74,48,52,8,0.28490028490028485
2,74,30,52,9,0.2136752136752137
2,74,15,52,10,0.14245014245014256
2,74,27,52,11,-6.938893903907228e-18
2,74,72,52,12,-5.898059818321144e-17
2,74,75,52,13,4.5102810375396984e-17
2,74,63,52,14,9.107298248878237e-18
2,74,60,52,15,-4.109126233720062e-17
2,74,126,52,16,-0.28490028490028485
2,74,108,52,17,-0.21367521367521358
2,74,93,52,18,-0.14245014245014234
2,74,105,52,19,-5.551115123125783e-17
2,74,46,52,20,0.24216524216524232
2,74,52,52,21,0.07122507122507127
2,74,19,52,22,0.0712250712250713
2,74,13,52,23,0.07122507122507128
2,74,124,52,24,-0.24216524216524227
2,74,130,52,25,-0.07122507122507116
2,74,97,52,26,-0.07122507122507121
2,74,91,52,27,-0.07122507122507113
2,74,49,52,28,-0.04273504273504282
2,74,31,52,29,-0.1424501424501426
2,74,16,52,30,-0.21367521367521372
2,74,28,52,31,-0.5698005698005697
2,74,73,52,32,-1.2457482961858446e-16
2,74,76,52,33,-5.811323644522304e-17
2,74,64,52,34,-2.4936649967166602e-17
2,74,61,52,35,-6.198925921185872e-17
2,74,127,52,36,0.04273504273504273
2,74,109,52,37,0.1424501424501424
2,74,94,52,38,0.21367521367521355
2,74,106,52,39,0.5698005698005699
2,74,47,52,40,-1.6980056980056981
2,74,53,52,41,-0.40740740740740744
2,74,20,52,42,-0.13105413105413077
2,74,14,52,43,-0.8148148148148149
2,74,125,52,44,-1.6980056980056992
2,74,131,52,45,-0.40740740740740744
2,74,98,52,46,-0.131054131054131
2,74,92,52,47,-0.8148148148148151
2,74,50,52,48,0.08547008547008499
2,74,32,52,49,-0.08547008547008557
2,74,17,52,50,-0.08547008547008583
2,74,29,52,51,0.1709401709401711
2,74,74,52,52,3.737891737891739
2,74,77,52,53,0.7293447293447295
2,74,65,52,54,0.26210826210826194
2,74,62,52,55,1.4586894586894592
2,74,128,52,56,0.08547008547008575
2,74,110,52,57,-0.08547008547008532
2,74,95,52,58,-0.08547008547008544
2,74,107,52,59,0.17094017094017078
2,77,45,53,0,0.03561253561253562
2,77,51,53,1,0.12108262108262108
2,77,18,53,2,0.07122507122507125
2,77,12,53,3,0.07122507122507123
2,77,123,53,4,-0.03561253561253558
2,77,129,53,5,-0.12108262108262113
2,77,96,53,6,-0.07122507122507118
2,77,90,53,7,-0.07122507122507121
2,77,48,53,8,-0.2849002849002849
2,77,30,53,9,-0.042735042735042715
2,77,15,53,10,-0.14245014245014256
2,77,27,53,11,-0.21367521367521367
2,77,72,53,12,5.898059818321144e-17
2,77,75,53,13,-2.7755575615628914e-17
2,77,63,53,14,-6.938893903907228e-18
2,77,60,53,15,8.239936510889834e-18
2,77,126,53,16,0.28490028490028485
2,77,108,53,17,0.042735042735042646
2,77,93,53,18,0.14245014245014237
2,77,105,53,19,0.21367521367521364
2,77,46,53,20,0.07122507122507124
2,77,52,53,21,0.12108262108262112
2,77,19,53,22,0.03561253561253563
2,77,13,53,23,0.0712250712250712
2,77,124,53,24,-0.0712250712250712
2,77,130,53,25,-0.12108262108262113
2,77,97,53,26,-0.03561253561253561
2,77,91,53,27,-0.07122507122507118
2,77,49,53,28,-0.042735042735042715
2,77,31,53,29,-0.28490028490028474
2,77,16,53,30,-0.21367521367521358
2,77,28,53,31,-0.14245014245014243
2,77,73,53,32,-4.163336342344337e-17
2,77,76,53,33,-3.469446951953614e-17
2,77,64,53,34,-3.122502256758253e-17
2,77,61,53,35,-1.951563910473908e-17
2,77,127,53,36,0.04273504273504254
2,77,109,53,37,0.2849002849002849
2,77,94,53,38,0.21367521367521358
2,77,106,53,39,0.14245014245014243
2,77,47,53,40,-0.40740740740740733
2,77,53,53,41,-0.8490028490028495
2,77,20,53,42,-0.40740740740740733
2,77,14,53,43,-0.13105413105413108
2,77,125,53,44,-0.4074074074074078
2,77,131,53,45,-0.8490028490028494
2,77,98,53,46,-0.4074074074074074
2,77,92,53,47,-0.13105413105413113
2,77,50,53,48,0.08547008547008599
2,77,32,53,49,0.08547008547008564
2,77,17,53,50,-0.08547008547008529
2,77,29,53,51,-0.08547008547008546
2,77,74,53,52,0.7293447293447295
2,77,77,53,53,1.868945868945869
2,77,65,53,54,0.7293447293447293
2,77,62,53,55,0.262108262108262
2,77,128,53,56,0.08547008547008562
2,77,110,53,57,0.08547008547008586
2,77,95,53,58,-0.08547008547008525
2,77,107,53,59,-0.08547008547008556
2,65,45,54,0,0.07122507122507123
2,65,51,54,1,0.07122507122507124
2,65,18,54,2,0.12108262108262112
2,65,12,54,3,0.035612535612535655
2,65,123,54,4,-0.07122507122507118
2,65,129,54,5,-0.07122507122507121
2,65,96,54,6,-0.12108262108262105
2,65,90,54,7,-0.035612535612535565
2,65,48,54,8,-0.14245014245014254
2,65,30,54,9,-0.04273504273504265
2,65,15,54,10,-0.28490028490028485
2,65,27,54,11,-0.21367521367521367
2,65,72,54,12,9.75781955236954e-18
2,65,75,54,13,8.673617379884035e-19
2,65,63,54,14,5.421010862427522e-18
2,65,60,54,15,-2.5695591487906455e-17
2,65,126,54,16,0.14245014245014237
2,65,108,54,17,0.04273504273504269
2,65,93,54,18,0.28490028490028485
2,65,105,54,19,0.21367521367521364
2,65,46,54,20,-0.07122507122507123
2,65,52,54,21,-0.03561253561253557
2,65,19,54,22,-0.12108262108262105
2,65,13,54,23,-0.07122507122507123
2,65,124,54,24,0.07122507122507118
2,65,130,54,25,0.03561253561253564
2,65,97,54,26,0.12108262108262116
2,65,91,54,27,0.0712250712250712
2,65,49,54,28,0.2136752136752136
2,65,31,54,29,0.2849002849002847
2,65,16,54,30,0.04273504273504274
2,65,28,54,31,0.14245014245014248
2,65,73,54,32,-2.0816681711721685e-17
2,65,76,54,33,-1.0408340855860843e-17
2,65,64,54,34,-8.586881206085195e-17
2,65,61,54,35,2.3960868011929648e-17
2,65,127,54,36,-0.2136752136752136
2,65,109,54,37,-0.28490028490028485
2,65,94,54,38,-0.04273504273504257
2,65,106,54,39,-0.1424501424501424
2,65,47,54,40,-0.13105413105413105
2,65,53,54,41,-0.40740740740740733
2,65,20,54,42,-0.8490028490028496
2,65,14,54,43,-0.40740740740740755
2,65,125,54,44,-0.13105413105413108
2,65,131,54,45,-0.40740740740740733
2,65,98,54,46,-0.8490028490028488
2,65,92,54,47,-0.40740740740740755
2,65,50,54,48,-0.08547008547008529
2,65,32,54,49,0.08547008547008578
2,65,17,54,50,0.08547008547008614
2,65,29,54,51,-0.0854700854700856
2,65,74,54,52,0.26210826210826194
2,65,77,54,53,0.7293447293447293
2,65,65,54,54,1.8689458689458682
2,65,62,54,55,0.7293447293447295
2,65,128,54,56,-0.08547008547008528
2,65,110,54,57,0.08547008547008583
2,65,95,54,58,0.0854700854700855
2,65,107,54,59,-0.08547008547008568
2,62,45,55,0,-1.3877787807814457e-17
2,62,51,55,1,-0.07122507122507123
2,62,18,55,2,-0.0356125356125356
2,62,12,55,3,-1.3877787807814457e-17
2,62,123,55,4,-4.163336342344337e-17
2,62,129,55,5,0.0712250712250712
2,62,96,55,6,0.03561253561253558
2,62,90,55,7,2.7755575615628914e-17
2,62,48,55,8,0.14245014245014254
2,62,30,55,9,0.21367521367521367
2,62,15,55,10,0.28490028490028485
2,62,27,55,11,-6.938893903907228e-18
2,62,72,55,12,-4.109126233720062e-17
2,62,75,55,13,2.168404344971009e-18
2,62,63,55,14,-3.1929753979698106e-17
2,62,60,55,15,-6.197570668470265e-17
2,62,126,55,16,-0.14245014245014234
2,62,108,55,17,-0.2136752136752136
2,62,93,55,18,-0.28490028490028474
2,62,105,55,19,-4.163336342344337e-17
2,62,46,55,20,-0.07122507122507118
2,62,52,55,21,-0.07122507122507123
2,62,19,55,22,-0.07122507122507123
2,62,13,55,23,-0.24216524216524227
2,62,124,55,24,0.07122507122507116
2,62,130,55,25,0.07122507122507124
2,62,97,55,26,0.0712250712250712
2,62,91,55,27,0.2421652421652424
2,62,49,55,28,0.2136752136752136
2,62,31,55,29,0.1424501424501425
2,62,16,55,30,0.042735042735042826
2,62,28,55,31,0.5698005698005693
2,62,73,55,32,4.662069341687669e-18
2,62,76,55,33,1.1709383462843448e-17
2,62,64,55,34,4.0549161250957866e-17
2,62,61,55,35,7.108300493358088e-17
2,62,127,55,36,-0.21367521367521355
2,62,109,55,37,-0.14245014245014248
2,62,94,55,38,-0.042735042735042736
2,62,106,55,39,-0.5698005698005697
2,62,47,55,40,-0.8148148148148149
2,62,53,55,41,-0.13105413105413086
2,62,20,55,42,-0.4074074074074074
2,62,14,55,43,-1.6980056980056983
2,62,125,55,44,-0.8148148148148151
2,62,131,55,45,-0.13105413105413094
2,62,98,55,46,-0.40740740740740744
2,62,92,55,47,-1.6980056980056983
2,62,50,55,48,-0.08547008547008572
2,62,32,55,49,-0.08547008547008546
2,62,17,55,50,0.0854700854700853
2,62,29,55,51,0.17094017094017108
2,62,74,55,52,1.4586894586894592
2,62,77,55,53,0.262108262108262
2,62,65,55,54,0.7293447293447295
2,62,62,55,55,3.7378917378917373
2,62,128,55,56,-0.08547008547008549
2,62,110,55,57,-0.08547008547008543
2,62,95,55,58,0.08547008547008539
2,62,107,55,59,0.17094017094017053
2,128,45,56,0,0.03561253561253558
2,128,51,56,1,-0.03561253561253556
2,128,18,56,2,-0.07122507122507117
2,128,12,56,3,0.07122507122507121
2,128,123,56,4,0.1638176638176639
2,128,129,56,5,-0.16381766381766388
2,128,96,56,6,-0.07122507122507117
2,128,90,56,7,0.0712250712250712
2,128,48,56,8,-8.673617379884035e-17
2,128,30,56,9,0.2136752136752136
2,128,15,56,10,-4.336808689942018e-17
2,128,27,56,11,-0.21367521367521358
2,128,72,56,12,-0.28490028490028485
2,128,75,56,13,0.28490028490028496
2,128,63,56,14,0.14245014245014243
2,128,60,56,15,-0.14245014245014234
2,128,126,56,16,-7.632783294297951e-17
2,128,108,56,17,-0.04273504273504289
2,128,93,56,18,-3.903127820947816e-17
2,128,105,56,19,0.04273504273504286
2,128,46,56,20,0.12179487179487182
2,128,52,56,21,0.12179487179487176
2,128,19,56,22,0.18162393162393164
2,128,13,56,23,0.18162393162393162
2,128,124,56,24,0.03205128205128208
2,128,130,56,25,0.03205128205128205
2,128,97,56,26,0.0918803418803419
2,128,91,56,27,0.09188034188034196
2,128,49,56,28,-0.051282051282051294
2,128,31,56,29,-0.2136752136752137
2,128,16,56,30,-0.25641025641025633
2,128,28,56,31,-0.21367521367521358
2,128,73,56,32,-0.042735042735042736
2,128,76,56,33,-0.04273504273504284
2,128,64,56,34,-0.21367521367521364
2,128,61,56,35,-0.2136752136752136
2,128,127,56,36,0.2564102564102562
2,128,109,56,37,0.04273504273504264
2,128,94,56,38,0.05128205128205127
2,128,106,56,39,0.04273504273504278
2,128,47,56,40,-0.0584045584045585
2,128,53,56,41,-0.0584045584045588
2,128,20,56,42,0.09686609686609676
2,128,14,56,43,0.09686609686609673
2,128,125,56,44,-0.34330484330484323
2,128,131,56,45,-0.3433048433048434
2,128,98,56,46,-0.2079772079772079
2,128,92,56,47,-0.20797720797720792
2,128,50,56,48,-0.18233618233618187
2,128,32,56,49,-0.29914529914529886
2,128,17,56,50,-0.19373219373219353
2,128,29,56,51,-0.29914529914529897
2,128,74,56,52,0.08547008547008575
2,128,77,56,53,0.08547008547008562
2,128,65,56,54,-0.08547008547008528
2,128,62,56,55,-0.08547008547008549
2,128,128,56,56,1.071225071225071
2,128,110,56,57,0.2991452991452987
2,128,95,56,58,0.33048433048433035
2,128,107,56,59,0.29914529914529897
2,110,45,57,0,0.1816239316239316
2,110,51,57,1,0.12179487179487182
2,110,18,57,2,0.12179487179487183
2,110,12,57,3,0.18162393162393162
2,110,123,57,4,0.09188034188034196
2,110,129,57,5,0.032051282051282146
2,110,96,57,6,0.032051282051282146
2,110,90,57,7,0.09188034188034193
2,110,48,57,8,-0.2136752136752137
2,110,30,57,9,-0.05128205128205128
2,110,15,57,10,-0.21367521367521372
2,110,27,57,11,-0.2564102564102564
2,110,72,57,12,-0.21367521367521358
2,110,75,57,13,-0.042735042735042784
2,110,63,57,14,-0.042735042735042736
2,110,60,57,15,-0.2136752136752136
2,110,126,57,16,0.042735042735042555
2,110,108,57,17,0.2564102564102562
2,110,93,57,18,0.04273504273504257
2,110,105,57,19,0.05128205128205138
2,110,46,57,20,-0.07122507122507123
2,110,52,57,21,-0.03561253561253564
2,110,19,57,22,0.03561253561253566
2,110,13,57,23,0.07122507122507125
2,110,124,57,24,-0.07122507122507132
2,110,130,57,25,-0.16381766381766394
2,110,97,57,26,0.16381766381766383
2,110,91,57,27,0.0712250712250713
2,110,49,57,28,0.21367521367521355
2,110,31,57,29,1.734723475976807e-17
2,110,16,57,30,-0.21367521367521364
2,110,28,57,31,-3.903127820947816e-18
2,110,73,57,32,0.14245014245014243
2,110,76,57,33,0.28490028490028496
2,110,64,57,34,-0.28490028490028496
2,110,61,57,35,-0.14245014245014248
2,110,127,57,36,-0.04273504273504278
2,110,109,57,37,9.020562075079397e-17
2,110,94,57,38,0.04273504273504282
2,110,106,57,39,6.331740687315346e-17
2,110,47,57,40,0.09686609686609672
2,110,53,57,41,-0.05840455840455864
2,110,20,57,42,-0.05840455840455855
2,110,14,57,43,0.09686609686609678
2,110,125,57,44,-0.2079772079772079
2,110,131,57,45,-0.34330484330484345
2,110,98,57,46,-0.34330484330484323
2,110,92,57,47,-0.20797720797720784
2,110,50,57,48,-0.2991452991452989
2,110,32,57,49,-0.18233618233618193
2,110,17,57,50,-0.29914529914529897
2,110,29,57,51,-0.1937321937321936
2,110,74,57,52,-0.08547008547008532
2,110,77,57,53,0.08547008547008586
2,110,65,57,54,0.08547008547008583
2,110,62,57,55,-0.08547008547008543
2,110,128,57,56,0.2991452991452987
2,110,110,57,57,1.071225071225071
2,110,95,57,58,0.29914529914529864
2,110,107,57,59,0.3304843304843303
2,95,45,58,0,0.0712250712250712
2,95,51,58,1,-0.07122507122507117
2,95,18,58,2,-0.03561253561253557
2,95,12,58,3,0.03561253561253559
2,95,123,58,4,0.07122507122507123
2,95,129,58,5,-0.07122507122507118
2,95,96,58,6,-0.16381766381766394
2,95,90,58,7,0.16381766381766374
2,95,48,58,8,-4.597017211338539e-17
2,95,30,58,9,0.21367521367521358
2,95,15,58,10,-4.152494320619482e-17
2,95,27,58,11,-0.21367521367521355
2,95,72,58,12,-0.14245014245014237
2,95,75,58,13,0.1424501424501424
2,95,63,58,14,0.28490028490028485
2,95,60,58,15,-0.2849002849002849
2,95,126,58,16,-3.903127820947816e-17
2,95,108,58,17,-0.04273504273504288
2,95,93,58,18,1.732555071631836e-16
2,95,105,58,19,0.042735042735042854
2,95,46,58,20,-0.18162393162393162
2,95,52,58,21,-0.18162393162393156
2,95,19,58,22,-0.12179487179487178
2,95,13,58,23,-0.12179487179487175
2,95,124,58,24,-0.09188034188034196
2,95,130,58,25,-0.09188034188034189
2,95,97,58,26,-0.032051282051282076
2,95,91,58,27,-0.032051282051282125
2,95,49,58,28,0.2564102564102563
2,95,31,58,29,0.2136752136752136
2,95,16,58,30,0.05128205128205132
2,95,28,58,31,0.21367521367521358
2,95,73,58,32,0.2136752136752136
2,95,76,58,33,0.2136752136752136
2,95,64,58,34,0.042735042735042854
2,95,61,58,35,0.04273504273504265
2,95,127,58,36,-0.05128205128205123
2,95,109,58,37,-0.04273504273504261
2,95,94,58,38,-0.25641025641025633
2,95,106,58,39,-0.042735042735042666
2,95,47,58,40,0.0968660968660968
2,95,53,58,41,0.09686609686609671
2,95,20,58,42,-0.058404558404558674
2,95,14,58,43,-0.05840455840455838
2,95,125,58,44,-0.20797720797720792
2,95,131,58,45,-0.20797720797720795
2,95,98,58,46,-0.3433048433048433
2,95,92,58,47,-0.34330484330484307
2,95,50,58,48,-0.1937321937321935
2,95,32,58,49,-0.2991452991452988
2,95,17,58,50,-0.18233618233618198
2,95,29,58,51,-0.29914529914529897
2,95,74,58,52,-0.08547008547008544
2,95,77,58,53,-0.08547008547008525
2,95,65,58,54,0.0854700854700855
2,95,62,58,55,0.08547008547008539
2,95,128,58,56,0.33048433048433035
2,95,110,58,57,0.29914529914529864
2,95,95,58,58,1.0712250712250713
2,95,107,58,59,0.29914529914529897
2,107,45,59,0,0.0
2,107,51,59,1,-0.1816239316239316
2,107,18,59,2,-0.18162393162393162
2,107,12,59,3,1.3877787807814457e-17
2,107,123,59,4,-2.0816681711721685e-17
2,107,129,59,5,-0.09188034188034196
2,107,96,59,6,-0.09188034188034196
2,107,90,59,7,-6.938893903907228e-18
2,107,48,59,8,0.2136752136752137
2,107,30,59,9,0.25641025641025633
2,107,15,59,10,0.21367521367521372
2,107,27,59,11,-1.3877787807814457e-17
2,107,72,59,12,-9.020562075079397e-17
2,107,75,59,13,0.21367521367521364
2,107,63,59,14,0.21367521367521364
2,107,60,59,15,-5.551115123125783e-17
2,107,126,59,16,-0.042735042735042555
2,107,108,59,17,-0.05128205128205116
2,107,93,59,18,-0.04273504273504256
2,107,105,59,19,-1.1102230246251565e-16
2,107,46,59,20,-0.07122507122507127
2,107,52,59,21,-0.07122507122507124
2,107,19,59,22,0.07122507122507125
2,107,13,59,23,0.07122507122507127
2,107,124,59,24,-0.327635327635328
2,107,130,59,25,-0.07122507122507125
2,107,97,59,26,0.07122507122507113
2,107,91,59,27,0.3276353276353277
2,107,49,59,28,0.21367521367521355
2,107,31,59,29,-3.469446951953614e-18
2,107,16,59,30,-0.2136752136752136
2,107,28,59,31,-9.215718466126788e-18
2,107,73,59,32,0.5698005698005699
2,107,76,59,33,0.14245014245014245
2,107,64,59,34,-0.14245014245014243
2,107,61,59,35,-0.56980056980057
2,107,127,59,36,-0.04273504273504267
2,107,109,59,37,7.112366251504909e-17
2,107,94,59,38,0.04273504273504286
2,107,106,59,39,1.5590827240341554e-16
2,107,47,59,40,-0.11680911680911654
2,107,53,59,41,0.09686609686609701
2,107,20,59,42,0.09686609686609712
2,107,14,59,43,-0.11680911680911645
2,107,125,59,44,-0.6866096866096866
2,107,131,59,45,-0.2079772079772078
2,107,98,59,46,-0.20797720797720778
2,107,92,59,47,-0.6866096866096865
2,107,50,59,48,-0.2991452991452994
2,107,32,59,49,-0.1937321937321936
2,107,17,59,50,-0.29914529914529936
2,107,29,59,51,-0.3646723646723644
2,107,74,59,52,0.17094017094017078
2,107,77,59,53,-0.08547008547008556
2,107,65,59,54,-0.08547008547008568
2,107,62,59,55,0.17094017094017053
2,107,128,59,56,0.29914529914529897
2,107,110,59,57,0.3304843304843303
2,107,95,59,58,0.29914529914529897
2,107,107,59,59,2.1424501424501425
