1e+50 ,0.20655270655270663 ,0.20655270655270663 ,-0.8490028490028491 ,-0.12108262108262106 ,-0.12108262108262112 ,0.44017094017094033 ,-0.008547008547008558 ,-0.008547008547008548 ,0.0 ,0.0 ,0.0 ,0.0 ,0.0 ,0.0 ,0.0 ,0.0 ,0.0 ,0.0 ,0.0 ,0.0 ,-0.34330484330484323 ,-0.16381766381766377 ,0.03205128205128209 ,-0.05840455840455852 ,0.03561253561253562 ,-0.12179487179487182 ,0.0 ,0.0 ,0.0 ,0.0 ,0.0 ,0.0 ,0.38319088319088324 ,0.008547008547008524 ,0.05519943019943022 ,-0.4074074074074075 ,0.0356125356125356 ,-0.07122507122507125 ,0.2592592592592593 ,0.007122507122507149 ,-0.0032051282051281872 ,0.0 ,0.0 ,0.0 ,0.0 ,0.0 ,0.0 ,0.0 ,0.0 ,0.0 ,0.0 ,0.0 ,0.0 ,-0.34330484330484334 ,0.0320512820512821 ,-0.1638176638176638 ,-0.0584045584045584 ,-0.12179487179487182 ,0.035612535612535606 ,0.0 ,0.0 ,0.0 ,0.0 ,0.0 ,0.0 ,-0.20797720797720795 ,-0.09188034188034186 ,-0.07122507122507123 ,0.0968660968660968 ,0.18162393162393164 ,0.07122507122507121 ,0.0 ,0.0 ,0.0 ,0.0 ,0.0 ,0.0 ,0.38319088319088324 ,0.055199430199430195 ,0.008547008547008569 ,-0.40740740740740744 ,-0.07122507122507121 ,0.03561253561253559 ,0.2592592592592593 ,-0.0032051282051282154 ,0.0071225071225071435 ,0.0 ,0.0 ,0.0 ,0.0 ,0.0 ,0.0 ,0.0 ,0.0 ,0.0 ,0.0 ,0.0 ,0.0 ,-0.20797720797720792 ,-0.07122507122507123 ,-0.09188034188034189 ,0.09686609686609682 ,0.07122507122507121 ,0.18162393162393162 ,0.0 ,0.0 ,0.0 ,0.0 ,0.0 ,0.0 ,0.2414529914529914 ,0.003205128205128197 ,0.00320512820512822 ,-0.13105413105413108 ,0.07122507122507124 ,0.0712250712250712 ,0.08618233618233619 ,-0.055199430199430195 ,-0.055199430199430195 ,0.0 ,0.0 ,0.0 ,0.0 ,0.0 ,0.0 ,0.0 ,0.0 ,0.0 ,0.0 ,0.0 ,0.0 ,
0.20655270655270663 ,1e+50 ,0.20655270655270663 ,-0.1638176638176638 ,-0.3433048433048433 ,0.032051282051282076 ,0.008547008547008527 ,0.3831908831908832 ,0.0551994301994302 ,0.0 ,0.0 ,0.0 ,0.0 ,0.0 ,0.0 ,0.0 ,0.0 ,0.0 ,0.0 ,0.0 ,0.0 ,-0.12108262108262108 ,-0.8490028490028491 ,-0.12108262108262108 ,0.0356125356125356 ,-0.4074074074074076 ,-0.07122507122507125 ,0.0 ,0.0 ,0.0 ,0.0 ,0.0 ,0.0 ,-0.00854700854700857 ,0.44017094017094033 ,-0.008547008547008555 ,0.035612535612535634 ,-0.058404558404558486 ,-0.12179487179487183 ,0.007122507122507127 ,0.2592592592592593 ,-0.003205128205128203 ,0.0 ,0.0 ,0.0 ,0.0 ,0.0 ,0.0 ,0.0 ,0.0 ,0.0 ,0.0 ,0.0 ,0.0 ,0.032051282051282104 ,-0.34330484330484334 ,-0.16381766381766374 ,-0.09188034188034185 ,-0.20797720797720792 ,-0.07122507122507121 ,0.0 ,0.0 ,0.0 ,0.0 ,0.0 ,0.0 ,-0.1217948717948718 ,-0.05840455840455841 ,0.03561253561253565 ,0.18162393162393164 ,0.09686609686609682 ,0.07122507122507124 ,0.0 ,0.0 ,0.0 ,0.0 ,0.0 ,0.0 ,0.0551994301994302 ,0.38319088319088324 ,0.008547008547008553 ,-0.07122507122507123 ,-0.20797720797720795 ,-0.0918803418803419 ,0.0032051282051281846 ,0.24145299145299143 ,0.0032051282051282024 ,0.0 ,0.0 ,0.0 ,0.0 ,0.0 ,0.0 ,0.0 ,0.0 ,0.0 ,0.0 ,0.0 ,0.0 ,-0.07122507122507121 ,-0.4074074074074075 ,0.03561253561253561 ,0.07122507122507121 ,-0.13105413105413105 ,0.0712250712250712 ,0.0 ,0.0 ,0.0 ,0.0 ,0.0 ,0.0 ,-0.003205128205128204 ,0.25925925925925924 ,0.007122507122507131 ,0.07122507122507124 ,0.0968660968660968 ,0.1816239316239316 ,-0.055199430199430216 ,0.08618233618233621 ,-0.05519943019943021 ,0.0 ,0.0 ,0.0 ,0.0 ,0.0 ,0.0 ,0.0 ,0.0 ,0.0 ,0.0 ,0.0 ,0.0 ,
0.20655270655270663 ,0.20655270655270663 ,1e+50 ,-0.16381766381766386 ,0.03205128205128208 ,-0.34330484330484334 ,0.008547008547008557 ,0.05519943019943022 ,0.38319088319088324 ,0.0 ,0.0 ,0.0 ,0.0 ,0.0 ,0.0 ,0.0 ,0.0 ,0.0 ,0.0 ,0.0 ,0.0 ,0.032051282051282104 ,-0.1638176638176638 ,-0.34330484330484334 ,-0.09188034188034187 ,-0.07122507122507124 ,-0.20797720797720803 ,0.0 ,0.0 ,0.0 ,0.0 ,0.0 ,0.0 ,0.055199430199430216 ,0.008547008547008541 ,0.3831908831908831 ,-0.07122507122507124 ,-0.09188034188034187 ,-0.207977207977208 ,0.0032051282051282306 ,0.0032051282051282254 ,0.24145299145299134 ,0.0 ,0.0 ,0.0 ,0.0 ,0.0 ,0.0 ,0.0 ,0.0 ,0.0 ,0.0 ,0.0 ,0.0 ,-0.12108262108262108 ,-0.12108262108262108 ,-0.8490028490028493 ,0.03561253561253561 ,-0.07122507122507123 ,-0.4074074074074075 ,0.0 ,0.0 ,0.0 ,0.0 ,0.0 ,0.0 ,-0.07122507122507123 ,0.035612535612535606 ,-0.40740740740740744 ,0.07122507122507121 ,0.0712250712250712 ,-0.13105413105413102 ,0.0 ,0.0 ,0.0 ,0.0 ,0.0 ,0.0 ,-0.008547008547008537 ,-0.008547008547008563 ,0.4401709401709403 ,0.035612535612535585 ,-0.12179487179487182 ,-0.058404558404558465 ,0.007122507122507142 ,-0.0032051282051282146 ,0.2592592592592593 ,0.0 ,0.0 ,0.0 ,0.0 ,0.0 ,0.0 ,0.0 ,0.0 ,0.0 ,0.0 ,0.0 ,0.0 ,-0.12179487179487179 ,0.03561253561253561 ,-0.05840455840455847 ,0.1816239316239316 ,0.07122507122507121 ,0.09686609686609683 ,0.0 ,0.0 ,0.0 ,0.0 ,0.0 ,0.0 ,-0.003205128205128202 ,0.007122507122507142 ,0.2592592592592593 ,0.0712250712250712 ,0.1816239316239316 ,0.09686609686609685 ,-0.0551994301994302 ,-0.05519943019943018 ,0.08618233618233617 ,0.0 ,0.0 ,0.0 ,0.0 ,0.0 ,0.0 ,0.0 ,0.0 ,0.0 ,0.0 ,0.0 ,0.0 ,
-0.8490028490028491 ,-0.1638176638176638 ,-0.16381766381766386 ,1.868945868945869 ,-4.9846194880021066e-17 ,3.560248883899275e-17 ,-0.849002849002849 ,0.16381766381766386 ,0.16381766381766386 ,0.0 ,0.0 ,0.0 ,0.0 ,0.0 ,0.0 ,0.0 ,0.0 ,0.0 ,0.0 ,0.0 ,0.0 ,0.08547008547008537 ,0.28490028490028496 ,-0.04273504273504275 ,0.08547008547008554 ,-0.284900284900285 ,0.04273504273504273 ,0.0 ,0.0 ,0.0 ,0.0 ,0.0 ,0.0 ,-0.40740740740740744 ,-0.03561253561253559 ,-0.07122507122507124 ,0.7293447293447295 ,3.3881317890172014e-18 ,2.0274580625478933e-17 ,-0.4074074074074075 ,0.03561253561253562 ,0.07122507122507124 ,0.0 ,0.0 ,0.0 ,0.0 ,0.0 ,0.0 ,0.0 ,0.0 ,0.0 ,0.0 ,0.0 ,0.0 ,0.08547008547008543 ,-0.042735042735042764 ,0.28490028490028496 ,0.0854700854700854 ,0.042735042735042764 ,-0.28490028490028496 ,0.0 ,0.0 ,0.0 ,0.0 ,0.0 ,0.0 ,-0.0854700854700855 ,0.21367521367521367 ,0.14245014245014245 ,-0.08547008547008544 ,-0.2136752136752137 ,-0.14245014245014245 ,0.0 ,0.0 ,0.0 ,0.0 ,0.0 ,0.0 ,-0.4074074074074074 ,-0.0712250712250712 ,-0.03561253561253563 ,0.7293447293447293 ,-2.233456475320139e-17 ,1.0625181290357943e-17 ,-0.4074074074074075 ,0.07122507122507123 ,0.035612535612535606 ,0.0 ,0.0 ,0.0 ,0.0 ,0.0 ,0.0 ,0.0 ,0.0 ,0.0 ,0.0 ,0.0 ,0.0 ,-0.08547008547008547 ,0.1424501424501424 ,0.21367521367521364 ,-0.08547008547008547 ,-0.14245014245014243 ,-0.21367521367521364 ,0.0 ,0.0 ,0.0 ,0.0 ,0.0 ,0.0 ,-0.13105413105413105 ,-0.07122507122507121 ,-0.07122507122507121 ,0.26210826210826205 ,-8.239936510889834e-18 ,8.239936510889834e-18 ,-0.13105413105413105 ,0.07122507122507124 ,0.07122507122507121 ,0.0 ,0.0 ,0.0 ,0.0 ,0.0 ,0.0 ,0.0 ,0.0 ,0.0 ,0.0 ,0.0 ,0.0 ,
-0.12108262108262106 ,-0.3433048433048433 ,0.03205128205128208 ,-4.9846194880021066e-17 ,1.0712250712250717 ,0.25641025641025644 ,0.12108262108262112 ,-0.34330484330484334 ,0.032051282051282076 ,0.0 ,0.0 ,0.0 ,0.0 ,0.0 ,0.0 ,0.0 ,0.0 ,0.0 ,0.0 ,0.0 ,0.0 ,0.28490028490028474 ,0.08547008547008543 ,0.04273504273504272 ,-0.2849002849002848 ,0.08547008547008549 ,0.04273504273504272 ,0.0 ,0.0 ,0.0 ,0.0 ,0.0 ,0.0 ,-0.035612535612535585 ,-0.05840455840455845 ,0.09188034188034189 ,-8.72782748850831e-18 ,-0.18233618233618223 ,0.051282051282051246 ,0.035612535612535606 ,-0.05840455840455842 ,0.09188034188034185 ,0.0 ,0.0 ,0.0 ,0.0 ,0.0 ,0.0 ,0.0 ,0.0 ,0.0 ,0.0 ,0.0 ,0.0 ,0.04273504273504269 ,0.2991452991452991 ,-0.04273504273504271 ,-0.04273504273504268 ,0.299145299145299 ,-0.042735042735042736 ,0.0 ,0.0 ,0.0 ,0.0 ,0.0 ,0.0 ,0.21367521367521364 ,-0.299145299145299 ,-0.21367521367521367 ,-0.21367521367521367 ,-0.29914529914529897 ,-0.2136752136752137 ,0.0 ,0.0 ,0.0 ,0.0 ,0.0 ,0.0 ,-0.07122507122507121 ,-0.20797720797720798 ,0.12179487179487183 ,-2.4936649967166602e-17 ,0.33048433048433046 ,-0.051282051282051266 ,0.07122507122507125 ,-0.20797720797720795 ,0.12179487179487182 ,0.0 ,0.0 ,0.0 ,0.0 ,0.0 ,0.0 ,0.0 ,0.0 ,0.0 ,0.0 ,0.0 ,0.0 ,0.14245014245014248 ,-0.08547008547008549 ,-0.21367521367521364 ,-0.14245014245014245 ,-0.08547008547008544 ,-0.21367521367521364 ,0.0 ,0.0 ,0.0 ,0.0 ,0.0 ,0.0 ,-0.07122507122507118 ,0.09686609686609686 ,0.18162393162393162 ,-4.7704895589362195e-18 ,-0.19373219373219358 ,-0.2564102564102564 ,0.07122507122507121 ,0.0968660968660968 ,0.18162393162393162 ,0.0 ,0.0 ,0.0 ,0.0 ,0.0 ,0.0 ,0.0 ,0.0 ,0.0 ,0.0 ,0.0 ,0.0 ,
-0.12108262108262112 ,0.032051282051282076 ,-0.34330484330484334 ,3.560248883899275e-17 ,0.25641025641025644 ,1.071225071225071 ,0.12108262108262113 ,0.03205128205128206 ,-0.34330484330484334 ,0.0 ,0.0 ,0.0 ,0.0 ,0.0 ,0.0 ,0.0 ,0.0 ,0.0 ,0.0 ,0.0 ,0.0 ,0.042735042735042715 ,-0.042735042735042715 ,0.2991452991452991 ,-0.042735042735042736 ,-0.04273504273504274 ,0.2991452991452992 ,0.0 ,0.0 ,0.0 ,0.0 ,0.0 ,0.0 ,-0.07122507122507127 ,0.12179487179487182 ,-0.20797720797720798 ,2.3744027577432547e-17 ,-0.05128205128205127 ,0.33048433048433046 ,0.07122507122507121 ,0.12179487179487179 ,-0.20797720797720798 ,0.0 ,0.0 ,0.0 ,0.0 ,0.0 ,0.0 ,0.0 ,0.0 ,0.0 ,0.0 ,0.0 ,0.0 ,0.28490028490028485 ,0.04273504273504269 ,0.08547008547008542 ,-0.2849002849002848 ,0.04273504273504271 ,0.08547008547008542 ,0.0 ,0.0 ,0.0 ,0.0 ,0.0 ,0.0 ,0.1424501424501425 ,-0.2136752136752137 ,-0.08547008547008551 ,-0.1424501424501425 ,-0.21367521367521364 ,-0.08547008547008553 ,0.0 ,0.0 ,0.0 ,0.0 ,0.0 ,0.0 ,-0.03561253561253561 ,0.09188034188034186 ,-0.058404558404558465 ,1.7564075194265172e-17 ,0.05128205128205127 ,-0.18233618233618218 ,0.03561253561253559 ,0.09188034188034189 ,-0.05840455840455847 ,0.0 ,0.0 ,0.0 ,0.0 ,0.0 ,0.0 ,0.0 ,0.0 ,0.0 ,0.0 ,0.0 ,0.0 ,0.21367521367521367 ,-0.21367521367521364 ,-0.2991452991452991 ,-0.21367521367521367 ,-0.21367521367521367 ,-0.2991452991452991 ,0.0 ,0.0 ,0.0 ,0.0 ,0.0 ,0.0 ,-0.07122507122507121 ,0.18162393162393162 ,0.09686609686609686 ,1.1709383462843448e-17 ,-0.25641025641025633 ,-0.1937321937321936 ,0.0712250712250712 ,0.1816239316239316 ,0.09686609686609686 ,0.0 ,0.0 ,0.0 ,0.0 ,0.0 ,0.0 ,0.0 ,0.0 ,0.0 ,0.0 ,0.0 ,0.0 ,
0.44017094017094033 ,0.008547008547008527 ,0.008547008547008557 ,-0.849002849002849 ,0.12108262108262112 ,0.12108262108262113 ,1.5356125356125363 ,-2.7755575615628914e-17 ,0.0 ,-0.8490028490028488 ,-0.12108262108262104 ,-0.12108262108262119 ,0.44017094017094033 ,-0.00854700854700855 ,-0.008547008547008517 ,0.0 ,0.0 ,0.0 ,0.0 ,0.0 ,0.0 ,-0.05840455840455839 ,-0.035612535612535606 ,0.1217948717948718 ,-0.6866096866096867 ,5.551115123125783e-17 ,5.551115123125783e-17 ,-0.05840455840455849 ,0.03561253561253564 ,-0.12179487179487182 ,0.0 ,0.0 ,0.0 ,0.25925925925925924 ,-0.007122507122507135 ,0.0032051282051282163 ,-0.4074074074074076 ,-0.035612535612535606 ,0.07122507122507123 ,0.7663817663817665 ,1.5612511283791264e-17 ,4.85722573273506e-17 ,-0.4074074074074074 ,0.035612535612535585 ,-0.07122507122507132 ,0.2592592592592592 ,0.007122507122507172 ,-0.0032051282051281616 ,0.0 ,0.0 ,0.0 ,0.0 ,0.0 ,0.0 ,-0.058404558404558424 ,0.12179487179487182 ,-0.03561253561253561 ,-0.6866096866096867 ,-2.0816681711721685e-17 ,0.0 ,-0.05840455840455834 ,-0.12179487179487175 ,0.03561253561253565 ,0.0 ,0.0 ,0.0 ,0.09686609686609682 ,-0.18162393162393162 ,-0.07122507122507123 ,-0.41595441595441596 ,-2.7755575615628914e-17 ,-1.3877787807814457e-17 ,0.0968660968660968 ,0.18162393162393164 ,0.07122507122507125 ,0.0 ,0.0 ,0.0 ,0.25925925925925924 ,0.0032051282051281937 ,-0.007122507122507128 ,-0.4074074074074074 ,0.07122507122507127 ,-0.03561253561253559 ,0.7663817663817665 ,4.85722573273506e-17 ,2.0816681711721685e-17 ,-0.4074074074074075 ,-0.0712250712250713 ,0.035612535612535565 ,0.2592592592592593 ,-0.003205128205128185 ,0.007122507122507156 ,0.0 ,0.0 ,0.0 ,0.0 ,0.0 ,0.0 ,0.09686609686609685 ,-0.07122507122507121 ,-0.18162393162393162 ,-0.4159544159544159 ,-1.3877787807814457e-17 ,-1.3877787807814457e-17 ,0.09686609686609686 ,0.07122507122507124 ,0.18162393162393162 ,0.0 ,0.0 ,0.0 ,0.0861823361823362 ,0.055199430199430195 ,0.055199430199430195 ,-0.13105413105413108 ,-0.07122507122507124 ,-0.07122507122507123 ,0.48290598290598286 ,2.47198095326695e-17 ,1.8214596497756474e-17 ,-0.13105413105413102 ,0.07122507122507121 ,0.0712250712250712 ,0.08618233618233616 ,-0.055199430199430195 ,-0.05519943019943019 ,0.0 ,0.0 ,0.0 ,0.0 ,0.0 ,0.0 ,
-0.008547008547008558 ,0.3831908831908832 ,0.05519943019943022 ,0.16381766381766386 ,-0.34330484330484334 ,0.03205128205128206 ,-2.7755575615628914e-17 ,1.535612535612536 ,0.41310541310541327 ,-0.1638176638176638 ,-0.34330484330484323 ,0.03205128205128209 ,0.008547008547008541 ,0.3831908831908832 ,0.05519943019943018 ,0.0 ,0.0 ,0.0 ,0.0 ,0.0 ,0.0 ,-0.03561253561253559 ,-0.40740740740740755 ,-0.07122507122507125 ,-2.7755575615628914e-17 ,-1.6980056980056981 ,-0.2421652421652422 ,0.03561253561253562 ,-0.4074074074074074 ,-0.07122507122507127 ,0.0 ,0.0 ,0.0 ,-0.007122507122507138 ,0.2592592592592593 ,-0.0032051282051282063 ,-0.03561253561253562 ,-0.05840455840455855 ,-0.12179487179487182 ,2.42861286636753e-17 ,0.8803418803418805 ,-0.01709401709401706 ,0.035612535612535606 ,-0.0584045584045584 ,-0.12179487179487185 ,0.0071225071225071305 ,0.2592592592592592 ,-0.003205128205128196 ,0.0 ,0.0 ,0.0 ,0.0 ,0.0 ,0.0 ,0.09188034188034187 ,-0.20797720797720795 ,-0.07122507122507123 ,-4.163336342344337e-17 ,-0.6866096866096867 ,-0.32763532763532754 ,-0.09188034188034183 ,-0.20797720797720798 ,-0.0712250712250712 ,0.0 ,0.0 ,0.0 ,-0.18162393162393162 ,0.09686609686609683 ,0.07122507122507121 ,0.0 ,-0.11680911680911693 ,0.07122507122507123 ,0.18162393162393164 ,0.09686609686609685 ,0.0712250712250712 ,0.0 ,0.0 ,0.0 ,-0.0032051282051282107 ,0.2414529914529914 ,0.0032051282051282163 ,0.07122507122507125 ,-0.20797720797720792 ,-0.09188034188034191 ,4.163336342344337e-17 ,0.7663817663817665 ,0.017094017094017123 ,-0.0712250712250713 ,-0.207977207977208 ,-0.09188034188034189 ,0.0032051282051282232 ,0.24145299145299143 ,0.003205128205128199 ,0.0 ,0.0 ,0.0 ,0.0 ,0.0 ,0.0 ,-0.07122507122507121 ,-0.13105413105413102 ,0.07122507122507123 ,-1.3877787807814457e-17 ,-0.8148148148148149 ,0.07122507122507116 ,0.07122507122507121 ,-0.131054131054131 ,0.07122507122507123 ,0.0 ,0.0 ,0.0 ,0.0551994301994302 ,0.0861823361823362 ,-0.055199430199430195 ,-0.07122507122507123 ,0.09686609686609679 ,0.18162393162393156 ,1.5178830414797062e-17 ,0.5185185185185186 ,0.01424501424501429 ,0.07122507122507123 ,0.09686609686609678 ,0.1816239316239316 ,-0.0551994301994302 ,0.08618233618233621 ,-0.055199430199430195 ,0.0 ,0.0 ,0.0 ,0.0 ,0.0 ,0.0 ,
-0.008547008547008548 ,0.0551994301994302 ,0.38319088319088324 ,0.16381766381766386 ,0.032051282051282076 ,-0.34330484330484334 ,0.0 ,0.41310541310541327 ,1.535612535612536 ,-0.16381766381766388 ,0.03205128205128211 ,-0.34330484330484334 ,0.008547008547008593 ,0.05519943019943019 ,0.3831908831908832 ,0.0 ,0.0 ,0.0 ,0.0 ,0.0 ,0.0 ,0.09188034188034189 ,-0.07122507122507125 ,-0.20797720797720795 ,2.7755575615628914e-17 ,-0.32763532763532766 ,-0.6866096866096865 ,-0.09188034188034187 ,-0.07122507122507121 ,-0.20797720797720806 ,0.0 ,0.0 ,0.0 ,-0.0032051282051282024 ,0.003205128205128205 ,0.2414529914529914 ,0.07122507122507121 ,-0.09188034188034187 ,-0.207977207977208 ,4.163336342344337e-17 ,0.017094017094017123 ,0.7663817663817665 ,-0.07122507122507132 ,-0.0918803418803419 ,-0.207977207977208 ,0.003205128205128258 ,0.0032051282051282102 ,0.24145299145299146 ,0.0 ,0.0 ,0.0 ,0.0 ,0.0 ,0.0 ,-0.03561253561253561 ,-0.07122507122507121 ,-0.40740740740740755 ,-2.7755575615628914e-17 ,-0.2421652421652421 ,-1.6980056980056983 ,0.03561253561253562 ,-0.0712250712250712 ,-0.4074074074074074 ,0.0 ,0.0 ,0.0 ,-0.07122507122507123 ,0.0712250712250712 ,-0.13105413105413102 ,-1.3877787807814457e-17 ,0.0712250712250712 ,-0.8148148148148151 ,0.0712250712250712 ,0.07122507122507117 ,-0.13105413105413102 ,0.0 ,0.0 ,0.0 ,-0.007122507122507135 ,-0.0032051282051282007 ,0.25925925925925936 ,-0.03561253561253562 ,-0.12179487179487183 ,-0.05840455840455849 ,1.5612511283791264e-17 ,-0.017094017094017058 ,0.8803418803418805 ,0.03561253561253558 ,-0.12179487179487178 ,-0.05840455840455849 ,0.007122507122507156 ,-0.0032051282051282293 ,0.2592592592592593 ,0.0 ,0.0 ,0.0 ,0.0 ,0.0 ,0.0 ,-0.1816239316239316 ,0.07122507122507123 ,0.0968660968660968 ,2.7755575615628914e-17 ,0.07122507122507118 ,-0.11680911680911701 ,0.18162393162393162 ,0.07122507122507124 ,0.09686609686609682 ,0.0 ,0.0 ,0.0 ,0.05519943019943021 ,-0.05519943019943021 ,0.08618233618233621 ,-0.07122507122507123 ,0.18162393162393162 ,0.09686609686609678 ,1.1275702593849246e-17 ,0.014245014245014306 ,0.5185185185185186 ,0.0712250712250712 ,0.18162393162393162 ,0.09686609686609673 ,-0.05519943019943019 ,-0.05519943019943018 ,0.08618233618233623 ,0.0 ,0.0 ,0.0 ,0.0 ,0.0 ,0.0 ,
0.0 ,0.0 ,0.0 ,0.0 ,0.0 ,0.0 ,-0.8490028490028488 ,-0.1638176638176638 ,-0.16381766381766388 ,1.8689458689458684 ,-7.879439288538403e-17 ,9.809319155562601e-17 ,-0.849002849002849 ,0.16381766381766383 ,0.16381766381766377 ,0.0 ,0.0 ,0.0 ,0.0 ,0.0 ,0.0 ,0.0 ,0.0 ,0.0 ,0.08547008547008529 ,0.2849002849002851 ,-0.0427350427350428 ,0.08547008547008554 ,-0.284900284900285 ,0.04273504273504277 ,0.0 ,0.0 ,0.0 ,0.0 ,0.0 ,0.0 ,0.0 ,0.0 ,0.0 ,-0.4074074074074073 ,-0.035612535612535655 ,-0.07122507122507132 ,0.7293447293447293 ,3.1929753979698106e-17 ,1.7618285302889447e-16 ,-0.40740740740740733 ,0.0356125356125356 ,0.07122507122507114 ,0.0 ,0.0 ,0.0 ,0.0 ,0.0 ,0.0 ,0.0 ,0.0 ,0.0 ,0.08547008547008554 ,-0.04273504273504272 ,0.284900284900285 ,0.08547008547008535 ,0.04273504273504272 ,-0.284900284900285 ,0.0 ,0.0 ,0.0 ,0.0 ,0.0 ,0.0 ,-0.08547008547008544 ,0.2136752136752137 ,0.14245014245014248 ,-0.0854700854700855 ,-0.21367521367521364 ,-0.14245014245014248 ,0.0 ,0.0 ,0.0 ,0.0 ,0.0 ,0.0 ,0.0 ,0.0 ,0.0 ,-0.4074074074074075 ,-0.07122507122507127 ,-0.035612535612535676 ,0.7293447293447295 ,1.347663300399482e-16 ,5.515878552520004e-17 ,-0.4074074074074075 ,0.07122507122507117 ,0.03561253561253557 ,0.0 ,0.0 ,0.0 ,0.0 ,0.0 ,0.0 ,0.0 ,0.0 ,0.0 ,-0.08547008547008546 ,0.1424501424501424 ,0.2136752136752137 ,-0.0854700854700855 ,-0.14245014245014245 ,-0.21367521367521367 ,0.0 ,0.0 ,0.0 ,0.0 ,0.0 ,0.0 ,0.0 ,0.0 ,0.0 ,-0.13105413105413105 ,-0.07122507122507121 ,-0.07122507122507125 ,0.262108262108262 ,1.5395670849294163e-17 ,1.1926223897340549e-17 ,-0.13105413105413097 ,0.07122507122507121 ,0.07122507122507123 ,0.0 ,0.0 ,0.0 ,0.0 ,0.0 ,0.0 ,
0.0 ,0.0 ,0.0 ,0.0 ,0.0 ,0.0 ,-0.12108262108262104 ,-0.34330484330484323 ,0.03205128205128211 ,-7.879439288538403e-17 ,1.0712250712250715 ,0.2564102564102564 ,0.12108262108262112 ,-0.3433048433048433 ,0.0320512820512821 ,0.0 ,0.0 ,0.0 ,0.0 ,0.0 ,0.0 ,0.0 ,0.0 ,0.0 ,0.28490028490028474 ,0.08547008547008524 ,0.04273504273504271 ,-0.2849002849002848 ,0.08547008547008557 ,0.04273504273504278 ,0.0 ,0.0 ,0.0 ,0.0 ,0.0 ,0.0 ,0.0 ,0.0 ,0.0 ,-0.03561253561253559 ,-0.05840455840455837 ,0.0918803418803419 ,2.087089182034596e-17 ,-0.1823361823361823 ,0.051282051282051246 ,0.035612535612535585 ,-0.05840455840455839 ,0.09188034188034186 ,0.0 ,0.0 ,0.0 ,0.0 ,0.0 ,0.0 ,0.0 ,0.0 ,0.0 ,0.042735042735042736 ,0.299145299145299 ,-0.04273504273504285 ,-0.04273504273504276 ,0.29914529914529914 ,-0.042735042735042646 ,0.0 ,0.0 ,0.0 ,0.0 ,0.0 ,0.0 ,0.21367521367521367 ,-0.2991452991452989 ,-0.2136752136752137 ,-0.2136752136752137 ,-0.29914529914529914 ,-0.21367521367521367 ,0.0 ,0.0 ,0.0 ,0.0 ,0.0 ,0.0 ,0.0 ,0.0 ,0.0 ,-0.07122507122507131 ,-0.20797720797720803 ,0.12179487179487186 ,1.3639263329867646e-16 ,0.33048433048433046 ,-0.051282051282051266 ,0.07122507122507117 ,-0.207977207977208 ,0.12179487179487179 ,0.0 ,0.0 ,0.0 ,0.0 ,0.0 ,0.0 ,0.0 ,0.0 ,0.0 ,0.1424501424501425 ,-0.08547008547008536 ,-0.21367521367521367 ,-0.14245014245014248 ,-0.08547008547008556 ,-0.21367521367521367 ,0.0 ,0.0 ,0.0 ,0.0 ,0.0 ,0.0 ,0.0 ,0.0 ,0.0 ,-0.07122507122507121 ,0.09686609686609679 ,0.18162393162393164 ,1.5178830414797062e-17 ,-0.1937321937321936 ,-0.2564102564102564 ,0.0712250712250712 ,0.09686609686609685 ,0.18162393162393162 ,0.0 ,0.0 ,0.0 ,0.0 ,0.0 ,0.0 ,
0.0 ,0.0 ,0.0 ,0.0 ,0.0 ,0.0 ,-0.12108262108262119 ,0.03205128205128209 ,-0.34330484330484334 ,9.809319155562601e-17 ,0.2564102564102564 ,1.071225071225071 ,0.12108262108262106 ,0.032051282051282055 ,-0.34330484330484334 ,0.0 ,0.0 ,0.0 ,0.0 ,0.0 ,0.0 ,0.0 ,0.0 ,0.0 ,0.042735042735042666 ,-0.04273504273504278 ,0.2991452991452989 ,-0.042735042735042694 ,-0.04273504273504266 ,0.29914529914529925 ,0.0 ,0.0 ,0.0 ,0.0 ,0.0 ,0.0 ,0.0 ,0.0 ,0.0 ,-0.07122507122507132 ,0.12179487179487182 ,-0.20797720797720798 ,1.8062808193608504e-16 ,-0.05128205128205127 ,0.33048433048433035 ,0.07122507122507113 ,0.12179487179487179 ,-0.2079772079772079 ,0.0 ,0.0 ,0.0 ,0.0 ,0.0 ,0.0 ,0.0 ,0.0 ,0.0 ,0.28490028490028485 ,0.042735042735042604 ,0.08547008547008537 ,-0.28490028490028485 ,0.042735042735042736 ,0.08547008547008549 ,0.0 ,0.0 ,0.0 ,0.0 ,0.0 ,0.0 ,0.14245014245014254 ,-0.21367521367521367 ,-0.08547008547008529 ,-0.1424501424501425 ,-0.21367521367521364 ,-0.08547008547008558 ,0.0 ,0.0 ,0.0 ,0.0 ,0.0 ,0.0 ,0.0 ,0.0 ,0.0 ,-0.03561253561253566 ,0.09188034188034185 ,-0.05840455840455848 ,4.5644911461639737e-17 ,0.05128205128205127 ,-0.1823361823361821 ,0.03561253561253558 ,0.09188034188034185 ,-0.05840455840455845 ,0.0 ,0.0 ,0.0 ,0.0 ,0.0 ,0.0 ,0.0 ,0.0 ,0.0 ,0.21367521367521367 ,-0.21367521367521364 ,-0.29914529914529897 ,-0.2136752136752137 ,-0.21367521367521364 ,-0.29914529914529914 ,0.0 ,0.0 ,0.0 ,0.0 ,0.0 ,0.0 ,0.0 ,0.0 ,0.0 ,-0.07122507122507121 ,0.18162393162393162 ,0.09686609686609678 ,1.3444106938820255e-17 ,-0.2564102564102563 ,-0.1937321937321936 ,0.07122507122507118 ,0.1816239316239316 ,0.09686609686609689 ,0.0 ,0.0 ,0.0 ,0.0 ,0.0 ,0.0 ,
0.0 ,0.0 ,0.0 ,0.0 ,0.0 ,0.0 ,0.44017094017094033 ,0.008547008547008541 ,0.008547008547008593 ,-0.8490028490028488 ,0.12108262108262112 ,0.12108262108262106 ,1.5356125356125365 ,-2.7755575615628914e-17 ,-1.1102230246251565e-16 ,-0.8490028490028495 ,-0.12108262108262104 ,-0.1210826210826208 ,0.44017094017094055 ,-0.008547008547008624 ,-0.008547008547008728 ,0.0 ,0.0 ,0.0 ,-0.05840455840455838 ,-0.03561253561253561 ,0.12179487179487185 ,-0.6866096866096867 ,2.7755575615628914e-17 ,-9.71445146547012e-17 ,-0.05840455840455844 ,0.03561253561253559 ,-0.12179487179487171 ,0.0 ,0.0 ,0.0 ,0.0 ,0.0 ,0.0 ,0.2592592592592592 ,-0.007122507122507114 ,0.003205128205128244 ,-0.40740740740740744 ,-0.03561253561253562 ,0.07122507122507114 ,0.7663817663817665 ,-2.0816681711721685e-17 ,2.7755575615628914e-17 ,-0.40740740740740783 ,0.03561253561253561 ,-0.07122507122507114 ,0.2592592592592594 ,0.007122507122507159 ,-0.003205128205128282 ,0.0 ,0.0 ,0.0 ,-0.05840455840455848 ,0.12179487179487179 ,-0.035612535612535634 ,-0.6866096866096867 ,-8.326672684688674e-17 ,0.0 ,-0.058404558404558375 ,-0.12179487179487171 ,0.035612535612535676 ,0.0 ,0.0 ,0.0 ,0.09686609686609679 ,-0.18162393162393162 ,-0.07122507122507124 ,-0.41595441595441585 ,0.0 ,-2.7755575615628914e-17 ,0.09686609686609673 ,0.1816239316239316 ,0.07122507122507125 ,0.0 ,0.0 ,0.0 ,0.0 ,0.0 ,0.0 ,0.25925925925925936 ,0.003205128205128231 ,-0.0071225071225071174 ,-0.4074074074074075 ,0.07122507122507118 ,-0.03561253561253561 ,0.7663817663817664 ,4.163336342344337e-17 ,2.42861286636753e-17 ,-0.4074074074074075 ,-0.07122507122507127 ,0.035612535612535585 ,0.2592592592592593 ,-0.0032051282051281924 ,0.007122507122507121 ,0.0 ,0.0 ,0.0 ,0.09686609686609682 ,-0.07122507122507121 ,-0.1816239316239316 ,-0.41595441595441573 ,-1.3877787807814457e-17 ,-1.3877787807814457e-17 ,0.09686609686609689 ,0.07122507122507121 ,0.18162393162393162 ,0.0 ,0.0 ,0.0 ,0.0 ,0.0 ,0.0 ,0.08618233618233621 ,0.0551994301994302 ,0.0551994301994302 ,-0.13105413105413102 ,-0.07122507122507124 ,-0.07122507122507121 ,0.48290598290598286 ,-7.806255641895632e-18 ,1.1275702593849246e-17 ,-0.1310541310541312 ,0.07122507122507124 ,0.07122507122507121 ,0.08618233618233623 ,-0.05519943019943022 ,-0.05519943019943023 ,
0.0 ,0.0 ,0.0 ,0.0 ,0.0 ,0.0 ,-0.00854700854700855 ,0.3831908831908832 ,0.05519943019943019 ,0.16381766381766383 ,-0.3433048433048433 ,0.032051282051282055 ,-2.7755575615628914e-17 ,1.535612535612536 ,0.4131054131054131 ,-0.16381766381766372 ,-0.3433048433048433 ,0.03205128205128214 ,0.008547008547008482 ,0.3831908831908833 ,0.05519943019943022 ,0.0 ,0.0 ,0.0 ,-0.03561253561253558 ,-0.40740740740740755 ,-0.07122507122507124 ,1.3877787807814457e-17 ,-1.6980056980056975 ,-0.24216524216524216 ,0.03561253561253559 ,-0.4074074074074075 ,-0.07122507122507125 ,0.0 ,0.0 ,0.0 ,0.0 ,0.0 ,0.0 ,-0.007122507122507131 ,0.2592592592592593 ,-0.0032051282051282068 ,-0.03561253561253564 ,-0.05840455840455849 ,-0.12179487179487178 ,-1.0408340855860843e-17 ,0.8803418803418805 ,-0.017094017094017134 ,0.03561253561253562 ,-0.0584045584045586 ,-0.12179487179487171 ,0.007122507122507129 ,0.2592592592592592 ,-0.003205128205128278 ,0.0 ,0.0 ,0.0 ,0.09188034188034189 ,-0.20797720797720798 ,-0.07122507122507118 ,-9.020562075079397e-17 ,-0.6866096866096867 ,-0.32763532763532777 ,-0.09188034188034179 ,-0.207977207977208 ,-0.07122507122507127 ,0.0 ,0.0 ,0.0 ,-0.18162393162393162 ,0.09686609686609673 ,0.07122507122507124 ,4.163336342344337e-17 ,-0.1168091168091167 ,0.07122507122507128 ,0.1816239316239316 ,0.09686609686609662 ,0.0712250712250712 ,0.0 ,0.0 ,0.0 ,0.0 ,0.0 ,0.0 ,-0.003205128205128178 ,0.24145299145299146 ,0.003205128205128211 ,0.07122507122507118 ,-0.20797720797720792 ,-0.09188034188034186 ,2.7755575615628914e-17 ,0.7663817663817662 ,0.017094017094017065 ,-0.07122507122507127 ,-0.20797720797720787 ,-0.09188034188034185 ,0.003205128205128217 ,0.24145299145299134 ,0.003205128205128244 ,0.0 ,0.0 ,0.0 ,-0.07122507122507123 ,-0.1310541310541311 ,0.07122507122507121 ,0.0 ,-0.8148148148148143 ,0.07122507122507121 ,0.07122507122507123 ,-0.13105413105413086 ,0.07122507122507121 ,0.0 ,0.0 ,0.0 ,0.0 ,0.0 ,0.0 ,0.05519943019943021 ,0.08618233618233621 ,-0.05519943019943022 ,-0.07122507122507124 ,0.09686609686609682 ,0.1816239316239316 ,-4.336808689942018e-18 ,0.5185185185185184 ,0.014245014245014304 ,0.07122507122507124 ,0.0968660968660968 ,0.18162393162393156 ,-0.05519943019943023 ,0.08618233618233608 ,-0.05519943019943022 ,
0.0 ,0.0 ,0.0 ,0.0 ,0.0 ,0.0 ,-0.008547008547008517 ,0.05519943019943018 ,0.3831908831908832 ,0.16381766381766377 ,0.0320512820512821 ,-0.34330484330484334 ,-1.1102230246251565e-16 ,0.4131054131054131 ,1.535612535612536 ,-0.16381766381766352 ,0.03205128205128208 ,-0.3433048433048434 ,0.008547008547008385 ,0.05519943019943022 ,0.3831908831908833 ,0.0 ,0.0 ,0.0 ,0.0918803418803419 ,-0.07122507122507125 ,-0.2079772079772079 ,-1.3183898417423734e-16 ,-0.32763532763532754 ,-0.6866096866096869 ,-0.09188034188034179 ,-0.07122507122507125 ,-0.20797720797720798 ,0.0 ,0.0 ,0.0 ,0.0 ,0.0 ,0.0 ,-0.003205128205128172 ,0.0032051282051282024 ,0.24145299145299143 ,0.07122507122507114 ,-0.09188034188034185 ,-0.20797720797720798 ,3.469446951953614e-17 ,0.017094017094017075 ,0.7663817663817665 ,-0.07122507122507114 ,-0.09188034188034178 ,-0.20797720797720798 ,0.0032051282051281434 ,0.003205128205128153 ,0.24145299145299143 ,0.0 ,0.0 ,0.0 ,-0.0356125356125356 ,-0.07122507122507118 ,-0.40740740740740755 ,-1.3877787807814457e-17 ,-0.24216524216524227 ,-1.6980056980056983 ,0.035612535612535655 ,-0.07122507122507123 ,-0.40740740740740755 ,0.0 ,0.0 ,0.0 ,-0.07122507122507121 ,0.07122507122507121 ,-0.13105413105413116 ,-1.3877787807814457e-17 ,0.07122507122507128 ,-0.8148148148148149 ,0.07122507122507123 ,0.0712250712250712 ,-0.13105413105413108 ,0.0 ,0.0 ,0.0 ,0.0 ,0.0 ,0.0 ,-0.007122507122507135 ,-0.0032051282051281924 ,0.25925925925925936 ,-0.03561253561253563 ,-0.12179487179487179 ,-0.058404558404558486 ,1.5612511283791264e-17 ,-0.017094017094017214 ,0.8803418803418805 ,0.03561253561253559 ,-0.12179487179487175 ,-0.05840455840455838 ,0.007122507122507131 ,-0.0032051282051282033 ,0.2592592592592592 ,0.0 ,0.0 ,0.0 ,-0.1816239316239316 ,0.0712250712250712 ,0.09686609686609678 ,1.3877787807814457e-17 ,0.07122507122507127 ,-0.11680911680911645 ,0.18162393162393162 ,0.07122507122507125 ,0.09686609686609678 ,0.0 ,0.0 ,0.0 ,0.0 ,0.0 ,0.0 ,0.0551994301994302 ,-0.0551994301994302 ,0.08618233618233624 ,-0.07122507122507121 ,0.1816239316239316 ,0.09686609686609685 ,1.3010426069826053e-17 ,0.0142450142450143 ,0.5185185185185186 ,0.07122507122507121 ,0.18162393162393162 ,0.09686609686609673 ,-0.0551994301994302 ,-0.05519943019943024 ,0.08618233618233614 ,
0.0 ,0.0 ,0.0 ,0.0 ,0.0 ,0.0 ,0.0 ,0.0 ,0.0 ,0.0 ,0.0 ,0.0 ,-0.8490028490028495 ,-0.16381766381766372 ,-0.16381766381766352 ,1.86894586894587 ,-2.8370860348514437e-16 ,-8.2135090829355e-16 ,-0.8490028490028498 ,0.16381766381766402 ,0.16381766381766433 ,0.0 ,0.0 ,0.0 ,0.0 ,0.0 ,0.0 ,0.08547008547008529 ,0.284900284900285 ,-0.04273504273504263 ,0.08547008547008558 ,-0.284900284900285 ,0.04273504273504261 ,0.0 ,0.0 ,0.0 ,0.0 ,0.0 ,0.0 ,0.0 ,0.0 ,0.0 ,0.0 ,0.0 ,0.0 ,-0.4074074074074078 ,-0.03561253561253558 ,-0.07122507122507112 ,0.7293447293447304 ,-2.8514517136368767e-17 ,-2.695326600798964e-16 ,-0.407407407407408 ,0.035612535612535634 ,0.07122507122507138 ,0.0 ,0.0 ,0.0 ,0.0 ,0.0 ,0.0 ,0.08547008547008547 ,-0.04273504273504262 ,0.2849002849002851 ,0.08547008547008553 ,0.042735042735042604 ,-0.284900284900285 ,0.0 ,0.0 ,0.0 ,0.0 ,0.0 ,0.0 ,-0.08547008547008574 ,0.21367521367521364 ,0.1424501424501425 ,-0.08547008547008524 ,-0.21367521367521367 ,-0.1424501424501425 ,0.0 ,0.0 ,0.0 ,0.0 ,0.0 ,0.0 ,0.0 ,0.0 ,0.0 ,0.0 ,0.0 ,0.0 ,-0.4074074074074076 ,-0.07122507122507125 ,-0.035612535612535606 ,0.7293447293447297 ,5.323432666903827e-17 ,-4.2392304944183223e-17 ,-0.4074074074074077 ,0.07122507122507123 ,0.035612535612535634 ,0.0 ,0.0 ,0.0 ,0.0 ,0.0 ,0.0 ,-0.08547008547008571 ,0.14245014245014245 ,0.2136752136752137 ,-0.08547008547008537 ,-0.14245014245014245 ,-0.2136752136752137 ,0.0 ,0.0 ,0.0 ,0.0 ,0.0 ,0.0 ,0.0 ,0.0 ,0.0 ,0.0 ,0.0 ,0.0 ,-0.1310541310541311 ,-0.07122507122507121 ,-0.07122507122507124 ,0.26210826210826244 ,-1.8431436932253575e-17 ,-4.7921736023859296e-17 ,-0.13105413105413125 ,0.07122507122507125 ,0.07122507122507128 ,
0.0 ,0.0 ,0.0 ,0.0 ,0.0 ,0.0 ,0.0 ,0.0 ,0.0 ,0.0 ,0.0 ,0.0 ,-0.12108262108262104 ,-0.3433048433048433 ,0.03205128205128208 ,-2.8370860348514437e-16 ,1.071225071225072 ,0.25641025641025644 ,0.12108262108262129 ,-0.3433048433048439 ,0.032051282051281826 ,0.0 ,0.0 ,0.0 ,0.0 ,0.0 ,0.0 ,0.28490028490028474 ,0.08547008547008522 ,0.04273504273504273 ,-0.2849002849002848 ,0.08547008547008564 ,0.04273504273504282 ,0.0 ,0.0 ,0.0 ,0.0 ,0.0 ,0.0 ,0.0 ,0.0 ,0.0 ,0.0 ,0.0 ,0.0 ,-0.035612535612535565 ,-0.058404558404558445 ,0.0918803418803418 ,-3.4640259410911867e-17 ,-0.1823361823361819 ,0.05128205128205126 ,0.035612535612535634 ,-0.058404558404558576 ,0.09188034188034185 ,0.0 ,0.0 ,0.0 ,0.0 ,0.0 ,0.0 ,0.04273504273504285 ,0.2991452991452991 ,-0.04273504273504265 ,-0.04273504273504286 ,0.2991452991452992 ,-0.04273504273504259 ,0.0 ,0.0 ,0.0 ,0.0 ,0.0 ,0.0 ,0.2136752136752137 ,-0.29914529914529936 ,-0.21367521367521364 ,-0.2136752136752137 ,-0.29914529914529875 ,-0.21367521367521358 ,0.0 ,0.0 ,0.0 ,0.0 ,0.0 ,0.0 ,0.0 ,0.0 ,0.0 ,0.0 ,0.0 ,0.0 ,-0.07122507122507125 ,-0.2079772079772079 ,0.12179487179487178 ,5.160802341031001e-17 ,0.3304843304843307 ,-0.05128205128205125 ,0.07122507122507124 ,-0.20797720797720798 ,0.12179487179487167 ,0.0 ,0.0 ,0.0 ,0.0 ,0.0 ,0.0 ,0.14245014245014254 ,-0.08547008547008575 ,-0.21367521367521364 ,-0.1424501424501425 ,-0.08547008547008561 ,-0.21367521367521358 ,0.0 ,0.0 ,0.0 ,0.0 ,0.0 ,0.0 ,0.0 ,0.0 ,0.0 ,0.0 ,0.0 ,0.0 ,-0.0712250712250712 ,0.09686609686609697 ,0.18162393162393153 ,-1.5612511283791264e-17 ,-0.19373219373219353 ,-0.2564102564102563 ,0.07122507122507125 ,0.09686609686609689 ,0.18162393162393156 ,
0.0 ,0.0 ,0.0 ,0.0 ,0.0 ,0.0 ,0.0 ,0.0 ,0.0 ,0.0 ,0.0 ,0.0 ,-0.1210826210826208 ,0.03205128205128214 ,-0.3433048433048434 ,-8.2135090829355e-16 ,0.25641025641025644 ,1.0712250712250715 ,0.12108262108262163 ,0.032051282051281764 ,-0.3433048433048441 ,0.0 ,0.0 ,0.0 ,0.0 ,0.0 ,0.0 ,0.042735042735042805 ,-0.04273504273504273 ,0.29914529914529925 ,-0.04273504273504285 ,-0.04273504273504251 ,0.29914529914529897 ,0.0 ,0.0 ,0.0 ,0.0 ,0.0 ,0.0 ,0.0 ,0.0 ,0.0 ,0.0 ,0.0 ,0.0 ,-0.07122507122507112 ,0.12179487179487171 ,-0.20797720797720798 ,-2.660632131279428e-16 ,-0.05128205128205123 ,0.33048433048433096 ,0.07122507122507138 ,0.12179487179487174 ,-0.20797720797720815 ,0.0 ,0.0 ,0.0 ,0.0 ,0.0 ,0.0 ,0.28490028490028485 ,0.042735042735042826 ,0.0854700854700853 ,-0.28490028490028485 ,0.04273504273504274 ,0.08547008547008614 ,0.0 ,0.0 ,0.0 ,0.0 ,0.0 ,0.0 ,0.14245014245014256 ,-0.21367521367521372 ,-0.08547008547008583 ,-0.14245014245014256 ,-0.21367521367521358 ,-0.08547008547008529 ,0.0 ,0.0 ,0.0 ,0.0 ,0.0 ,0.0 ,0.0 ,0.0 ,0.0 ,0.0 ,0.0 ,0.0 ,-0.03561253561253561 ,0.09188034188034185 ,-0.05840455840455848 ,-4.152494320619482e-17 ,0.05128205128205132 ,-0.18233618233618198 ,0.035612535612535634 ,0.09188034188034179 ,-0.058404558404558674 ,0.0 ,0.0 ,0.0 ,0.0 ,0.0 ,0.0 ,0.21367521367521372 ,-0.2136752136752136 ,-0.29914529914529936 ,-0.21367521367521372 ,-0.21367521367521364 ,-0.29914529914529897 ,0.0 ,0.0 ,0.0 ,0.0 ,0.0 ,0.0 ,0.0 ,0.0 ,0.0 ,0.0 ,0.0 ,0.0 ,-0.07122507122507121 ,0.18162393162393162 ,0.0968660968660969 ,-4.336808689942018e-17 ,-0.25641025641025633 ,-0.19373219373219353 ,0.07122507122507124 ,0.1816239316239316 ,0.09686609686609675 ,
0.0 ,0.0 ,0.0 ,0.0 ,0.0 ,0.0 ,0.0 ,0.0 ,0.0 ,0.0 ,0.0 ,0.0 ,0.4401709401709406 ,0.008547008547008482 ,0.008547008547008385 ,-0.84900284900285 ,0.12108262108262129 ,0.12108262108262163 ,0.7678062678062688 ,-0.20655270655270674 ,-0.20655270655270694 ,0.0 ,0.0 ,0.0 ,0.0 ,0.0 ,0.0 ,-0.058404558404558285 ,-0.035612535612535606 ,0.12179487179487179 ,-0.34330484330484334 ,0.1638176638176638 ,-0.03205128205128204 ,0.0 ,0.0 ,0.0 ,0.0 ,0.0 ,0.0 ,0.0 ,0.0 ,0.0 ,0.0 ,0.0 ,0.0 ,0.2592592592592594 ,-0.007122507122507149 ,0.003205128205128114 ,-0.407407407407408 ,-0.0356125356125356 ,0.0712250712250714 ,0.38319088319088357 ,-0.008547008547008548 ,-0.05519943019943026 ,0.0 ,0.0 ,0.0 ,0.0 ,0.0 ,0.0 ,-0.05840455840455839 ,0.12179487179487175 ,-0.03561253561253561 ,-0.34330484330484345 ,-0.03205128205128201 ,0.1638176638176638 ,0.0 ,0.0 ,0.0 ,0.0 ,0.0 ,0.0 ,0.09686609686609708 ,-0.18162393162393167 ,-0.07122507122507127 ,-0.20797720797720812 ,0.0918803418803419 ,0.07122507122507125 ,0.0 ,0.0 ,0.0 ,0.0 ,0.0 ,0.0 ,0.0 ,0.0 ,0.0 ,0.0 ,0.0 ,0.0 ,0.2592592592592593 ,0.003205128205128223 ,-0.007122507122507156 ,-0.4074074074074076 ,0.07122507122507123 ,-0.035612535612535544 ,0.3831908831908834 ,-0.05519943019943021 ,-0.008547008547008577 ,0.0 ,0.0 ,0.0 ,0.0 ,0.0 ,0.0 ,0.09686609686609705 ,-0.07122507122507123 ,-0.18162393162393162 ,-0.207977207977208 ,0.07122507122507121 ,0.09188034188034191 ,0.0 ,0.0 ,0.0 ,0.0 ,0.0 ,0.0 ,0.0 ,0.0 ,0.0 ,0.0 ,0.0 ,0.0 ,0.08618233618233617 ,0.0551994301994302 ,0.05519943019943019 ,-0.13105413105413122 ,-0.07122507122507123 ,-0.07122507122507117 ,0.2414529914529915 ,-0.003205128205128204 ,-0.0032051282051282475 ,
0.0 ,0.0 ,0.0 ,0.0 ,0.0 ,0.0 ,0.0 ,0.0 ,0.0 ,0.0 ,0.0 ,0.0 ,-0.008547008547008624 ,0.3831908831908833 ,0.05519943019943022 ,0.16381766381766402 ,-0.3433048433048439 ,0.032051282051281764 ,-0.20655270655270674 ,0.7678062678062684 ,0.2065527065527068 ,0.0 ,0.0 ,0.0 ,0.0 ,0.0 ,0.0 ,-0.03561253561253559 ,-0.4074074074074072 ,-0.07122507122507125 ,0.12108262108262112 ,-0.849002849002849 ,-0.12108262108262124 ,0.0 ,0.0 ,0.0 ,0.0 ,0.0 ,0.0 ,0.0 ,0.0 ,0.0 ,0.0 ,0.0 ,0.0 ,-0.007122507122507156 ,0.2592592592592592 ,-0.003205128205128147 ,-0.03561253561253562 ,-0.05840455840455859 ,-0.12179487179487176 ,0.008547008547008551 ,0.4401709401709404 ,-0.00854700854700859 ,0.0 ,0.0 ,0.0 ,0.0 ,0.0 ,0.0 ,0.09188034188034182 ,-0.20797720797720787 ,-0.07122507122507121 ,-0.032051282051282014 ,-0.3433048433048435 ,-0.16381766381766372 ,0.0 ,0.0 ,0.0 ,0.0 ,0.0 ,0.0 ,-0.18162393162393167 ,0.09686609686609719 ,0.07122507122507134 ,0.12179487179487183 ,-0.05840455840455862 ,0.035612535612535655 ,0.0 ,0.0 ,0.0 ,0.0 ,0.0 ,0.0 ,0.0 ,0.0 ,0.0 ,0.0 ,0.0 ,0.0 ,-0.003205128205128198 ,0.24145299145299134 ,0.0032051282051281716 ,0.07122507122507124 ,-0.20797720797720798 ,-0.09188034188034187 ,-0.05519943019943021 ,0.3831908831908831 ,0.008547008547008544 ,0.0 ,0.0 ,0.0 ,0.0 ,0.0 ,0.0 ,-0.07122507122507123 ,-0.13105413105413083 ,0.07122507122507125 ,0.07122507122507123 ,-0.4074074074074073 ,0.03561253561253565 ,0.0 ,0.0 ,0.0 ,0.0 ,0.0 ,0.0 ,0.0 ,0.0 ,0.0 ,0.0 ,0.0 ,0.0 ,0.055199430199430216 ,0.08618233618233602 ,-0.055199430199430244 ,-0.07122507122507124 ,0.09686609686609692 ,0.1816239316239316 ,0.0032051282051282 ,0.25925925925925913 ,0.007122507122507062 ,
0.0 ,0.0 ,0.0 ,0.0 ,0.0 ,0.0 ,0.0 ,0.0 ,0.0 ,0.0 ,0.0 ,0.0 ,-0.008547008547008728 ,0.05519943019943022 ,0.3831908831908833 ,0.16381766381766433 ,0.032051282051281826 ,-0.3433048433048441 ,-0.20655270655270694 ,0.2065527065527068 ,0.7678062678062687 ,0.0 ,0.0 ,0.0 ,0.0 ,0.0 ,0.0 ,0.09188034188034183 ,-0.07122507122507123 ,-0.20797720797720798 ,-0.03205128205128205 ,-0.16381766381766394 ,-0.34330484330484334 ,0.0 ,0.0 ,0.0 ,0.0 ,0.0 ,0.0 ,0.0 ,0.0 ,0.0 ,0.0 ,0.0 ,0.0 ,-0.0032051282051283082 ,0.00320512820512827 ,0.24145299145299143 ,0.07122507122507138 ,-0.09188034188034185 ,-0.2079772079772082 ,-0.055199430199430265 ,0.008547008547008551 ,0.3831908831908831 ,0.0 ,0.0 ,0.0 ,0.0 ,0.0 ,0.0 ,-0.0356125356125356 ,-0.07122507122507123 ,-0.4074074074074074 ,0.12108262108262112 ,-0.12108262108262105 ,-0.8490028490028496 ,0.0 ,0.0 ,0.0 ,0.0 ,0.0 ,0.0 ,-0.07122507122507125 ,0.0712250712250713 ,-0.13105413105413077 ,0.07122507122507125 ,0.03561253561253563 ,-0.40740740740740733 ,0.0 ,0.0 ,0.0 ,0.0 ,0.0 ,0.0 ,0.0 ,0.0 ,0.0 ,0.0 ,0.0 ,0.0 ,-0.007122507122507158 ,-0.003205128205128259 ,0.25925925925925924 ,-0.03561253561253557 ,-0.12179487179487178 ,-0.058404558404558674 ,0.008547008547008515 ,-0.008547008547008583 ,0.44017094017094044 ,0.0 ,0.0 ,0.0 ,0.0 ,0.0 ,0.0 ,-0.18162393162393162 ,0.07122507122507125 ,0.09686609686609712 ,0.12179487179487183 ,0.03561253561253566 ,-0.05840455840455855 ,0.0 ,0.0 ,0.0 ,0.0 ,0.0 ,0.0 ,0.0 ,0.0 ,0.0 ,0.0 ,0.0 ,0.0 ,0.05519943019943019 ,-0.05519943019943021 ,0.08618233618233612 ,-0.07122507122507117 ,0.18162393162393164 ,0.09686609686609676 ,0.003205128205128172 ,0.007122507122507067 ,0.2592592592592592 ,
-0.34330484330484323 ,-0.12108262108262108 ,0.032051282051282104 ,0.08547008547008537 ,0.28490028490028474 ,0.042735042735042715 ,-0.0584045584045584 ,-0.03561253561253559 ,0.09188034188034189 ,0.0 ,0.0 ,0.0 ,0.0 ,0.0 ,0.0 ,0.0 ,0.0 ,0.0 ,0.0 ,0.0 ,0.0 ,1e+50 ,-6.26939906239743e-17 ,0.2564102564102564 ,-0.18233618233618212 ,-1.0245710529988017e-17 ,0.05128205128205124 ,0.0 ,0.0 ,0.0 ,0.0 ,0.0 ,0.0 ,-0.3433048433048433 ,0.12108262108262115 ,0.032051282051282055 ,0.08547008547008544 ,-0.2849002849002848 ,0.04273504273504273 ,-0.05840455840455841 ,0.03561253561253561 ,0.09188034188034185 ,0.0 ,0.0 ,0.0 ,0.0 ,0.0 ,0.0 ,0.0 ,0.0 ,0.0 ,0.0 ,0.0 ,0.0 ,0.2991452991452991 ,0.042735042735042715 ,-0.042735042735042736 ,-0.299145299145299 ,0.21367521367521364 ,-0.2136752136752137 ,0.0 ,0.0 ,0.0 ,0.0 ,0.0 ,0.0 ,0.299145299145299 ,-0.04273504273504273 ,-0.042735042735042764 ,-0.299145299145299 ,-0.21367521367521367 ,-0.21367521367521367 ,0.0 ,0.0 ,0.0 ,0.0 ,0.0 ,0.0 ,-0.20797720797720795 ,-0.07122507122507123 ,0.12179487179487182 ,-0.08547008547008547 ,0.14245014245014248 ,-0.21367521367521364 ,0.09686609686609685 ,-0.0712250712250712 ,0.18162393162393162 ,0.0 ,0.0 ,0.0 ,0.0 ,0.0 ,0.0 ,0.0 ,0.0 ,0.0 ,0.0 ,0.0 ,0.0 ,0.33048433048433046 ,-8.565197162635485e-18 ,-0.05128205128205127 ,-0.1937321937321936 ,8.673617379884035e-19 ,-0.25641025641025633 ,0.0 ,0.0 ,0.0 ,0.0 ,0.0 ,0.0 ,-0.20797720797720795 ,0.07122507122507123 ,0.1217948717948718 ,-0.08547008547008546 ,-0.14245014245014245 ,-0.21367521367521367 ,0.09686609686609686 ,0.07122507122507121 ,0.18162393162393162 ,0.0 ,0.0 ,0.0 ,0.0 ,0.0 ,0.0 ,0.0 ,0.0 ,0.0 ,0.0 ,0.0 ,0.0 ,
-0.16381766381766377 ,-0.8490028490028491 ,-0.1638176638176638 ,0.28490028490028496 ,0.08547008547008543 ,-0.042735042735042715 ,-0.035612535612535606 ,-0.40740740740740755 ,-0.07122507122507125 ,0.0 ,0.0 ,0.0 ,0.0 ,0.0 ,0.0 ,0.0 ,0.0 ,0.0 ,0.0 ,0.0 ,0.0 ,-6.26939906239743e-17 ,1e+50 ,-5.046961112920023e-17 ,-8.51098705401121e-18 ,0.7293447293447295 ,2.190088388420719e-17 ,0.0 ,0.0 ,0.0 ,0.0 ,0.0 ,0.0 ,0.1638176638176639 ,-0.849002849002849 ,0.16381766381766386 ,-0.2849002849002851 ,0.08547008547008547 ,0.04273504273504274 ,0.03561253561253564 ,-0.4074074074074075 ,0.07122507122507123 ,0.0 ,0.0 ,0.0 ,0.0 ,0.0 ,0.0 ,0.0 ,0.0 ,0.0 ,0.0 ,0.0 ,0.0 ,-0.042735042735042764 ,0.0854700854700854 ,0.28490028490028496 ,0.21367521367521367 ,-0.08547008547008549 ,0.14245014245014243 ,0.0 ,0.0 ,0.0 ,0.0 ,0.0 ,0.0 ,0.04273504273504277 ,0.08547008547008544 ,-0.2849002849002851 ,-0.21367521367521367 ,-0.08547008547008546 ,-0.14245014245014243 ,0.0 ,0.0 ,0.0 ,0.0 ,0.0 ,0.0 ,-0.07122507122507121 ,-0.4074074074074075 ,-0.03561253561253559 ,0.1424501424501424 ,-0.08547008547008549 ,0.21367521367521364 ,-0.07122507122507121 ,-0.13105413105413105 ,-0.07122507122507121 ,0.0 ,0.0 ,0.0 ,0.0 ,0.0 ,0.0 ,0.0 ,0.0 ,0.0 ,0.0 ,0.0 ,0.0 ,-7.806255641895632e-18 ,0.7293447293447295 ,-1.3688052427629493e-17 ,-8.673617379884035e-19 ,0.2621082621082621 ,4.9873299934333204e-18 ,0.0 ,0.0 ,0.0 ,0.0 ,0.0 ,0.0 ,0.07122507122507123 ,-0.40740740740740744 ,0.03561253561253562 ,-0.14245014245014243 ,-0.08547008547008546 ,-0.21367521367521367 ,0.07122507122507124 ,-0.13105413105413105 ,0.07122507122507123 ,0.0 ,0.0 ,0.0 ,0.0 ,0.0 ,0.0 ,0.0 ,0.0 ,0.0 ,0.0 ,0.0 ,0.0 ,
0.03205128205128209 ,-0.12108262108262108 ,-0.34330484330484334 ,-0.04273504273504275 ,0.04273504273504272 ,0.2991452991452991 ,0.1217948717948718 ,-0.07122507122507125 ,-0.20797720797720795 ,0.0 ,0.0 ,0.0 ,0.0 ,0.0 ,0.0 ,0.0 ,0.0 ,0.0 ,0.0 ,0.0 ,0.0 ,0.2564102564102564 ,-5.046961112920023e-17 ,1e+50 ,-0.05128205128205128 ,1.5070410197548512e-17 ,0.3304843304843304 ,0.0 ,0.0 ,0.0 ,0.0 ,0.0 ,0.0 ,0.03205128205128205 ,0.12108262108262115 ,-0.3433048433048434 ,-0.042735042735042715 ,-0.0427350427350427 ,0.2991452991452991 ,0.12179487179487179 ,0.07122507122507121 ,-0.20797720797720798 ,0.0 ,0.0 ,0.0 ,0.0 ,0.0 ,0.0 ,0.0 ,0.0 ,0.0 ,0.0 ,0.0 ,0.0 ,0.04273504273504268 ,0.28490028490028474 ,0.08547008547008539 ,-0.2136752136752137 ,0.1424501424501425 ,-0.08547008547008553 ,0.0 ,0.0 ,0.0 ,0.0 ,0.0 ,0.0 ,0.042735042735042715 ,-0.28490028490028485 ,0.08547008547008546 ,-0.21367521367521364 ,-0.14245014245014245 ,-0.0854700854700855 ,0.0 ,0.0 ,0.0 ,0.0 ,0.0 ,0.0 ,0.09188034188034187 ,-0.035612535612535585 ,-0.0584045584045584 ,-0.21367521367521364 ,0.21367521367521367 ,-0.2991452991452991 ,0.18162393162393162 ,-0.07122507122507123 ,0.09686609686609685 ,0.0 ,0.0 ,0.0 ,0.0 ,0.0 ,0.0 ,0.0 ,0.0 ,0.0 ,0.0 ,0.0 ,0.0 ,0.05128205128205127 ,-2.0166160408230382e-17 ,-0.1823361823361822 ,-0.25641025641025633 ,4.336808689942018e-18 ,-0.19373219373219358 ,0.0 ,0.0 ,0.0 ,0.0 ,0.0 ,0.0 ,0.09188034188034189 ,0.03561253561253563 ,-0.05840455840455847 ,-0.21367521367521364 ,-0.2136752136752136 ,-0.2991452991452991 ,0.1816239316239316 ,0.07122507122507123 ,0.09686609686609686 ,0.0 ,0.0 ,0.0 ,0.0 ,0.0 ,0.0 ,0.0 ,0.0 ,0.0 ,0.0 ,0.0 ,0.0 ,
-0.05840455840455852 ,0.0356125356125356 ,-0.09188034188034187 ,0.08547008547008554 ,-0.2849002849002848 ,-0.042735042735042736 ,-0.6866096866096866 ,-2.7755575615628914e-17 ,2.7755575615628914e-17 ,0.08547008547008528 ,0.28490028490028474 ,0.042735042735042666 ,-0.05840455840455839 ,-0.03561253561253558 ,0.0918803418803419 ,0.0 ,0.0 ,0.0 ,0.0 ,0.0 ,0.0 ,-0.18233618233618212 ,-8.51098705401121e-18 ,-0.05128205128205128 ,2.1424501424501425 ,-1.1289255121005315e-17 ,5.551115123125783e-17 ,-0.18233618233618207 ,1.8973538018496328e-18 ,0.05128205128205119 ,0.0 ,0.0 ,0.0 ,-0.058404558404558556 ,-0.0356125356125356 ,-0.09188034188034189 ,0.08547008547008562 ,0.28490028490028485 ,-0.042735042735042694 ,-0.6866096866096867 ,-1.3877787807814457e-17 ,-1.3877787807814457e-17 ,0.08547008547008533 ,-0.2849002849002848 ,0.04273504273504268 ,-0.05840455840455842 ,0.03561253561253559 ,0.09188034188034189 ,0.0 ,0.0 ,0.0 ,0.0 ,0.0 ,0.0 ,-0.299145299145299 ,-0.21367521367521364 ,0.21367521367521364 ,0.598290598290598 ,2.7755575615628914e-17 ,-3.469446951953614e-17 ,-0.299145299145299 ,0.2136752136752136 ,-0.21367521367521367 ,0.0 ,0.0 ,0.0 ,-0.299145299145299 ,0.2136752136752137 ,0.21367521367521367 ,0.5982905982905979 ,-1.3877787807814457e-17 ,2.0816681711721685e-17 ,-0.299145299145299 ,-0.2136752136752137 ,-0.21367521367521367 ,0.0 ,0.0 ,0.0 ,0.09686609686609685 ,0.07122507122507121 ,-0.18162393162393162 ,-0.08547008547008546 ,-0.14245014245014248 ,0.21367521367521367 ,-0.41595441595441585 ,0.0 ,1.3877787807814457e-17 ,-0.08547008547008542 ,0.1424501424501425 ,-0.2136752136752136 ,0.09686609686609679 ,-0.07122507122507121 ,0.18162393162393156 ,0.0 ,0.0 ,0.0 ,0.0 ,0.0 ,0.0 ,-0.1937321937321936 ,-4.553649124439119e-18 ,0.2564102564102563 ,0.6609686609686607 ,1.4094628242311558e-17 ,-6.938893903907228e-18 ,-0.19373219373219358 ,-2.6020852139652106e-18 ,-0.25641025641025633 ,0.0 ,0.0 ,0.0 ,0.09686609686609682 ,-0.07122507122507121 ,-0.18162393162393162 ,-0.08547008547008544 ,0.14245014245014245 ,0.21367521367521364 ,-0.41595441595441585 ,0.0 ,-1.3877787807814457e-17 ,-0.08547008547008542 ,-0.14245014245014243 ,-0.21367521367521358 ,0.09686609686609683 ,0.07122507122507121 ,0.1816239316239316 ,0.0 ,0.0 ,0.0 ,0.0 ,0.0 ,0.0 ,
0.03561253561253562 ,-0.4074074074074076 ,-0.07122507122507124 ,-0.284900284900285 ,0.08547008547008549 ,-0.04273504273504274 ,5.551115123125783e-17 ,-1.6980056980056981 ,-0.32763532763532766 ,0.2849002849002851 ,0.08547008547008524 ,-0.04273504273504278 ,-0.03561253561253561 ,-0.40740740740740755 ,-0.07122507122507125 ,0.0 ,0.0 ,0.0 ,0.0 ,0.0 ,0.0 ,-1.0245710529988017e-17 ,0.7293447293447295 ,1.5070410197548512e-17 ,-1.1289255121005315e-17 ,3.737891737891738 ,-7.508100044462118e-18 ,-4.933119884809045e-18 ,0.7293447293447293 ,2.5912431922403556e-17 ,0.0 ,0.0 ,0.0 ,-0.03561253561253562 ,-0.40740740740740766 ,0.07122507122507125 ,0.28490028490028496 ,0.0854700854700856 ,0.04273504273504273 ,2.7755575615628914e-17 ,-1.698005698005698 ,0.32763532763532754 ,-0.284900284900285 ,0.08547008547008537 ,0.04273504273504281 ,0.03561253561253563 ,-0.40740740740740744 ,0.07122507122507121 ,0.0 ,0.0 ,0.0 ,0.0 ,0.0 ,0.0 ,-0.2136752136752137 ,-0.08547008547008549 ,0.14245014245014243 ,3.469446951953614e-17 ,0.17094017094017078 ,0.5698005698005699 ,0.21367521367521364 ,-0.08547008547008547 ,0.14245014245014245 ,0.0 ,0.0 ,0.0 ,0.2136752136752137 ,-0.08547008547008546 ,-0.14245014245014243 ,6.938893903907228e-18 ,0.17094017094017086 ,-0.5698005698005699 ,-0.21367521367521364 ,-0.08547008547008546 ,-0.14245014245014243 ,0.0 ,0.0 ,0.0 ,0.07122507122507123 ,-0.13105413105413105 ,-0.07122507122507123 ,-0.14245014245014245 ,-0.08547008547008547 ,0.21367521367521367 ,1.3877787807814457e-17 ,-0.8148148148148149 ,-0.07122507122507124 ,0.14245014245014243 ,-0.0854700854700854 ,0.2136752136752136 ,-0.07122507122507123 ,-0.13105413105413105 ,-0.07122507122507121 ,0.0 ,0.0 ,0.0 ,0.0 ,0.0 ,0.0 ,4.336808689942018e-19 ,0.2621082621082621 ,3.686287386450715e-18 ,1.3986208025063007e-17 ,1.4586894586894588 ,2.2822455730819868e-17 ,-2.8189256484623115e-18 ,0.2621082621082621 ,-1.0842021724855044e-18 ,0.0 ,0.0 ,0.0 ,-0.07122507122507123 ,-0.13105413105413102 ,0.07122507122507121 ,0.14245014245014248 ,-0.08547008547008544 ,-0.21367521367521364 ,-1.3877787807814457e-17 ,-0.8148148148148149 ,0.0712250712250712 ,-0.14245014245014245 ,-0.0854700854700854 ,-0.21367521367521367 ,0.07122507122507123 ,-0.13105413105413105 ,0.0712250712250712 ,0.0 ,0.0 ,0.0 ,0.0 ,0.0 ,0.0 ,
-0.12179487179487182 ,-0.07122507122507125 ,-0.20797720797720803 ,0.04273504273504273 ,0.04273504273504272 ,0.2991452991452992 ,5.551115123125783e-17 ,-0.2421652421652422 ,-0.6866096866096865 ,-0.0427350427350428 ,0.04273504273504271 ,0.2991452991452989 ,0.12179487179487185 ,-0.07122507122507124 ,-0.2079772079772079 ,0.0 ,0.0 ,0.0 ,0.0 ,0.0 ,0.0 ,0.05128205128205124 ,2.190088388420719e-17 ,0.3304843304843304 ,5.551115123125783e-17 ,-7.508100044462118e-18 ,2.1424501424501425 ,-0.051282051282051336 ,2.8189256484623115e-17 ,0.3304843304843305 ,0.0 ,0.0 ,0.0 ,-0.12179487179487182 ,0.07122507122507124 ,-0.207977207977208 ,0.04273504273504277 ,-0.042735042735042715 ,0.29914529914529914 ,6.938893903907228e-18 ,0.2421652421652421 ,-0.6866096866096866 ,-0.04273504273504278 ,-0.04273504273504267 ,0.29914529914529897 ,0.12179487179487182 ,0.07122507122507121 ,-0.2079772079772079 ,0.0 ,0.0 ,0.0 ,0.0 ,0.0 ,0.0 ,0.21367521367521367 ,0.14245014245014248 ,-0.08547008547008546 ,0.0 ,0.5698005698005697 ,0.17094017094017055 ,-0.2136752136752137 ,0.14245014245014248 ,-0.08547008547008547 ,0.0 ,0.0 ,0.0 ,0.2136752136752137 ,-0.14245014245014245 ,-0.08547008547008543 ,0.0 ,-0.5698005698005697 ,0.17094017094017072 ,-0.21367521367521364 ,-0.14245014245014245 ,-0.08547008547008553 ,0.0 ,0.0 ,0.0 ,-0.18162393162393164 ,-0.07122507122507124 ,0.09686609686609685 ,0.21367521367521364 ,0.2136752136752137 ,-0.2991452991452991 ,-1.3877787807814457e-17 ,-0.07122507122507127 ,-0.11680911680911674 ,-0.21367521367521364 ,0.21367521367521367 ,-0.29914529914529897 ,0.18162393162393162 ,-0.07122507122507123 ,0.09686609686609686 ,0.0 ,0.0 ,0.0 ,0.0 ,0.0 ,0.0 ,0.25641025641025633 ,4.336808689942018e-18 ,-0.19373219373219355 ,6.938893903907228e-18 ,3.550762114890027e-17 ,-0.36467236467236464 ,-0.25641025641025633 ,1.3010426069826053e-18 ,-0.19373219373219355 ,0.0 ,0.0 ,0.0 ,-0.1816239316239316 ,0.07122507122507121 ,0.09686609686609679 ,0.2136752136752137 ,-0.21367521367521364 ,-0.299145299145299 ,1.3877787807814457e-17 ,0.07122507122507124 ,-0.11680911680911683 ,-0.2136752136752136 ,-0.21367521367521364 ,-0.29914529914529897 ,0.1816239316239316 ,0.0712250712250712 ,0.09686609686609683 ,0.0 ,0.0 ,0.0 ,0.0 ,0.0 ,0.0 ,
0.0 ,0.0 ,0.0 ,0.0 ,0.0 ,0.0 ,-0.05840455840455851 ,0.03561253561253562 ,-0.09188034188034187 ,0.08547008547008556 ,-0.2849002849002848 ,-0.042735042735042694 ,-0.6866096866096866 ,1.3877787807814457e-17 ,-1.3183898417423734e-16 ,0.08547008547008529 ,0.28490028490028474 ,0.042735042735042805 ,-0.05840455840455828 ,-0.03561253561253559 ,0.09188034188034183 ,0.0 ,0.0 ,0.0 ,-0.18233618233618207 ,-4.933119884809045e-18 ,-0.051282051282051336 ,2.1424501424501425 ,-1.202109158743303e-17 ,1.6653345369377348e-16 ,-0.18233618233618254 ,5.366800753803247e-18 ,0.05128205128205117 ,0.0 ,0.0 ,0.0 ,0.0 ,0.0 ,0.0 ,-0.05840455840455855 ,-0.03561253561253561 ,-0.09188034188034187 ,0.08547008547008572 ,0.28490028490028485 ,-0.04273504273504266 ,-0.6866096866096869 ,0.0 ,-1.5959455978986625e-16 ,0.08547008547008536 ,-0.28490028490028485 ,0.04273504273504285 ,-0.05840455840455825 ,0.035612535612535606 ,0.09188034188034185 ,0.0 ,0.0 ,0.0 ,-0.299145299145299 ,-0.21367521367521364 ,0.21367521367521367 ,0.5982905982905984 ,4.85722573273506e-17 ,-2.7755575615628914e-17 ,-0.2991452991452994 ,0.2136752136752136 ,-0.2136752136752137 ,0.0 ,0.0 ,0.0 ,-0.2991452991452989 ,0.21367521367521367 ,0.21367521367521367 ,0.5982905982905982 ,-5.551115123125783e-17 ,2.0816681711721685e-17 ,-0.2991452991452992 ,-0.2136752136752136 ,-0.2136752136752137 ,0.0 ,0.0 ,0.0 ,0.0 ,0.0 ,0.0 ,0.09686609686609682 ,0.07122507122507121 ,-0.1816239316239316 ,-0.0854700854700855 ,-0.1424501424501425 ,0.2136752136752136 ,-0.41595441595441585 ,1.3877787807814457e-17 ,-4.163336342344337e-17 ,-0.0854700854700856 ,0.1424501424501425 ,-0.21367521367521358 ,0.09686609686609703 ,-0.07122507122507124 ,0.18162393162393153 ,0.0 ,0.0 ,0.0 ,-0.19373219373219364 ,-4.553649124439119e-18 ,0.2564102564102563 ,0.6609686609686611 ,7.48099499014998e-18 ,-1.3877787807814457e-17 ,-0.19373219373219383 ,5.637851296924623e-18 ,-0.25641025641025633 ,0.0 ,0.0 ,0.0 ,0.0 ,0.0 ,0.0 ,0.0968660968660968 ,-0.0712250712250712 ,-0.18162393162393164 ,-0.08547008547008546 ,0.14245014245014243 ,0.21367521367521364 ,-0.41595441595441596 ,2.7755575615628914e-17 ,-5.551115123125783e-17 ,-0.08547008547008556 ,-0.14245014245014248 ,-0.21367521367521353 ,0.09686609686609698 ,0.07122507122507124 ,0.18162393162393162 ,
0.0 ,0.0 ,0.0 ,0.0 ,0.0 ,0.0 ,0.03561253561253564 ,-0.4074074074074074 ,-0.07122507122507121 ,-0.284900284900285 ,0.08547008547008557 ,-0.04273504273504266 ,2.7755575615628914e-17 ,-1.6980056980056975 ,-0.32763532763532754 ,0.284900284900285 ,0.08547008547008522 ,-0.04273504273504273 ,-0.035612535612535606 ,-0.4074074074074072 ,-0.07122507122507123 ,0.0 ,0.0 ,0.0 ,1.8973538018496328e-18 ,0.7293447293447293 ,2.8189256484623115e-17 ,-1.202109158743303e-17 ,3.7378917378917373 ,-3.690353144597536e-17 ,7.914675859144182e-18 ,0.7293447293447292 ,4.618701254788249e-17 ,0.0 ,0.0 ,0.0 ,0.0 ,0.0 ,0.0 ,-0.035612535612535634 ,-0.40740740740740744 ,0.07122507122507123 ,0.28490028490028496 ,0.08547008547008574 ,0.04273504273504267 ,2.7755575615628914e-17 ,-1.698005698005698 ,0.32763532763532766 ,-0.28490028490028496 ,0.08547008547008537 ,0.042735042735042764 ,0.03561253561253561 ,-0.4074074074074074 ,0.07122507122507128 ,0.0 ,0.0 ,0.0 ,-0.21367521367521367 ,-0.08547008547008546 ,0.14245014245014243 ,1.3877787807814457e-17 ,0.17094017094017094 ,0.5698005698005697 ,0.21367521367521364 ,-0.08547008547008553 ,0.14245014245014243 ,0.0 ,0.0 ,0.0 ,0.21367521367521367 ,-0.08547008547008542 ,-0.14245014245014248 ,-5.551115123125783e-17 ,0.17094017094017078 ,-0.5698005698005699 ,-0.2136752136752136 ,-0.08547008547008528 ,-0.1424501424501424 ,0.0 ,0.0 ,0.0 ,0.0 ,0.0 ,0.0 ,0.07122507122507123 ,-0.13105413105413097 ,-0.07122507122507124 ,-0.14245014245014248 ,-0.08547008547008557 ,0.21367521367521367 ,0.0 ,-0.8148148148148148 ,-0.07122507122507103 ,0.14245014245014245 ,-0.08547008547008565 ,0.21367521367521358 ,-0.07122507122507123 ,-0.13105413105413086 ,-0.07122507122507125 ,0.0 ,0.0 ,0.0 ,-5.637851296924623e-18 ,0.2621082621082621 ,6.071532165918825e-18 ,2.2768245622195593e-18 ,1.4586894586894585 ,-2.1141942363467336e-17 ,3.469446951953614e-18 ,0.262108262108262 ,9.75781955236954e-18 ,0.0 ,0.0 ,0.0 ,0.0 ,0.0 ,0.0 ,-0.07122507122507121 ,-0.13105413105413102 ,0.07122507122507124 ,0.14245014245014248 ,-0.08547008547008544 ,-0.21367521367521367 ,2.7755575615628914e-17 ,-0.8148148148148149 ,0.07122507122507124 ,-0.14245014245014248 ,-0.08547008547008543 ,-0.21367521367521358 ,0.07122507122507124 ,-0.1310541310541309 ,0.07122507122507124 ,
0.0 ,0.0 ,0.0 ,0.0 ,0.0 ,0.0 ,-0.12179487179487182 ,-0.07122507122507127 ,-0.20797720797720806 ,0.04273504273504277 ,0.04273504273504278 ,0.29914529914529925 ,-9.71445146547012e-17 ,-0.24216524216524216 ,-0.6866096866096869 ,-0.04273504273504263 ,0.04273504273504273 ,0.29914529914529925 ,0.12179487179487179 ,-0.07122507122507125 ,-0.20797720797720798 ,0.0 ,0.0 ,0.0 ,0.05128205128205119 ,2.5912431922403556e-17 ,0.3304843304843305 ,1.6653345369377348e-16 ,-3.690353144597536e-17 ,2.1424501424501416 ,-0.051282051282051384 ,2.6237692574149207e-17 ,0.33048433048433046 ,0.0 ,0.0 ,0.0 ,0.0 ,0.0 ,0.0 ,-0.12179487179487182 ,0.07122507122507123 ,-0.2079772079772081 ,0.042735042735042784 ,-0.04273504273504276 ,0.29914529914529925 ,-1.8041124150158794e-16 ,0.2421652421652422 ,-0.6866096866096869 ,-0.042735042735042576 ,-0.04273504273504273 ,0.2991452991452992 ,0.12179487179487178 ,0.07122507122507125 ,-0.20797720797720795 ,0.0 ,0.0 ,0.0 ,0.21367521367521367 ,0.14245014245014248 ,-0.08547008547008542 ,-6.938893903907228e-18 ,0.5698005698005693 ,0.17094017094017108 ,-0.21367521367521367 ,0.14245014245014248 ,-0.0854700854700856 ,0.0 ,0.0 ,0.0 ,0.21367521367521367 ,-0.14245014245014248 ,-0.08547008547008536 ,-6.938893903907228e-18 ,-0.5698005698005697 ,0.1709401709401711 ,-0.21367521367521367 ,-0.14245014245014243 ,-0.08547008547008546 ,0.0 ,0.0 ,0.0 ,0.0 ,0.0 ,0.0 ,-0.18162393162393164 ,-0.07122507122507124 ,0.0968660968660968 ,0.21367521367521364 ,0.2136752136752137 ,-0.2991452991452991 ,-1.3877787807814457e-17 ,-0.07122507122507109 ,-0.11680911680911699 ,-0.21367521367521355 ,0.21367521367521358 ,-0.29914529914529897 ,0.18162393162393156 ,-0.0712250712250712 ,0.09686609686609694 ,0.0 ,0.0 ,0.0 ,0.25641025641025633 ,1.3444106938820255e-17 ,-0.19373219373219364 ,-1.3877787807814457e-17 ,-9.215718466126788e-18 ,-0.3646723646723644 ,-0.2564102564102564 ,-3.903127820947816e-18 ,-0.1937321937321936 ,0.0 ,0.0 ,0.0 ,0.0 ,0.0 ,0.0 ,-0.1816239316239316 ,0.07122507122507121 ,0.0968660968660968 ,0.2136752136752137 ,-0.2136752136752137 ,-0.2991452991452991 ,-4.163336342344337e-17 ,0.07122507122507116 ,-0.11680911680911704 ,-0.21367521367521358 ,-0.21367521367521358 ,-0.29914529914529897 ,0.18162393162393153 ,0.07122507122507123 ,0.09686609686609689 ,
0.0 ,0.0 ,0.0 ,0.0 ,0.0 ,0.0 ,0.0 ,0.0 ,0.0 ,0.0 ,0.0 ,0.0 ,-0.05840455840455844 ,0.03561253561253559 ,-0.09188034188034179 ,0.0854700854700856 ,-0.2849002849002848 ,-0.04273504273504285 ,-0.34330484330484334 ,0.12108262108262112 ,-0.03205128205128205 ,0.0 ,0.0 ,0.0 ,0.0 ,0.0 ,0.0 ,-0.18233618233618254 ,7.914675859144182e-18 ,-0.051282051282051384 ,1.0712250712250715 ,3.67544536472586e-17 ,-0.2564102564102563 ,0.0 ,0.0 ,0.0 ,0.0 ,0.0 ,0.0 ,0.0 ,0.0 ,0.0 ,0.0 ,0.0 ,0.0 ,-0.05840455840455846 ,-0.0356125356125356 ,-0.09188034188034178 ,0.08547008547008574 ,0.28490028490028485 ,-0.042735042735042826 ,-0.3433048433048435 ,-0.12108262108262113 ,-0.03205128205128204 ,0.0 ,0.0 ,0.0 ,0.0 ,0.0 ,0.0 ,-0.2991452991452994 ,-0.21367521367521367 ,0.21367521367521367 ,0.29914529914529936 ,-0.04273504273504267 ,0.04273504273504272 ,0.0 ,0.0 ,0.0 ,0.0 ,0.0 ,0.0 ,-0.2991452991452994 ,0.21367521367521372 ,0.21367521367521367 ,0.2991452991452994 ,0.04273504273504264 ,0.04273504273504273 ,0.0 ,0.0 ,0.0 ,0.0 ,0.0 ,0.0 ,0.0 ,0.0 ,0.0 ,0.0 ,0.0 ,0.0 ,0.09686609686609686 ,0.07122507122507123 ,-0.18162393162393156 ,-0.08547008547008532 ,-0.1424501424501425 ,0.21367521367521358 ,-0.2079772079772081 ,0.07122507122507124 ,-0.12179487179487175 ,0.0 ,0.0 ,0.0 ,0.0 ,0.0 ,0.0 ,-0.19373219373219377 ,3.0357660829594124e-18 ,0.2564102564102563 ,0.33048433048433057 ,2.0816681711721685e-17 ,0.05128205128205125 ,0.0 ,0.0 ,0.0 ,0.0 ,0.0 ,0.0 ,0.0 ,0.0 ,0.0 ,0.0 ,0.0 ,0.0 ,0.09686609686609685 ,-0.07122507122507123 ,-0.18162393162393164 ,-0.08547008547008529 ,0.14245014245014248 ,0.21367521367521358 ,-0.20797720797720815 ,-0.07122507122507124 ,-0.12179487179487175 ,
0.0 ,0.0 ,0.0 ,0.0 ,0.0 ,0.0 ,0.0 ,0.0 ,0.0 ,0.0 ,0.0 ,0.0 ,0.03561253561253559 ,-0.4074074074074075 ,-0.07122507122507125 ,-0.284900284900285 ,0.08547008547008564 ,-0.04273504273504251 ,0.1638176638176638 ,-0.849002849002849 ,-0.16381766381766394 ,0.0 ,0.0 ,0.0 ,0.0 ,0.0 ,0.0 ,5.366800753803247e-18 ,0.7293447293447292 ,2.6237692574149207e-17 ,3.67544536472586e-17 ,1.868945868945869 ,1.249000902703301e-16 ,0.0 ,0.0 ,0.0 ,0.0 ,0.0 ,0.0 ,0.0 ,0.0 ,0.0 ,0.0 ,0.0 ,0.0 ,-0.03561253561253563 ,-0.40740740740740755 ,0.07122507122507116 ,0.28490028490028496 ,0.08547008547008572 ,0.04273504273504265 ,-0.16381766381766388 ,-0.8490028490028494 ,0.163817663817664 ,0.0 ,0.0 ,0.0 ,0.0 ,0.0 ,0.0 ,-0.2136752136752137 ,-0.0854700854700858 ,0.1424501424501424 ,0.0427350427350428 ,0.0854700854700859 ,0.2849002849002848 ,0.0 ,0.0 ,0.0 ,0.0 ,0.0 ,0.0 ,0.21367521367521375 ,-0.08547008547008589 ,-0.1424501424501426 ,-0.04273504273504282 ,0.08547008547008583 ,-0.28490028490028496 ,0.0 ,0.0 ,0.0 ,0.0 ,0.0 ,0.0 ,0.0 ,0.0 ,0.0 ,0.0 ,0.0 ,0.0 ,0.07122507122507124 ,-0.1310541310541309 ,-0.07122507122507121 ,-0.14245014245014248 ,-0.08547008547008561 ,0.2136752136752136 ,0.07122507122507123 ,-0.4074074074074074 ,-0.03561253561253557 ,0.0 ,0.0 ,0.0 ,0.0 ,0.0 ,0.0 ,-8.673617379884035e-19 ,0.26210826210826194 ,-1.431146867680866e-17 ,1.9081958235744878e-17 ,0.7293447293447296 ,1.0408340855860843e-17 ,0.0 ,0.0 ,0.0 ,0.0 ,0.0 ,0.0 ,0.0 ,0.0 ,0.0 ,0.0 ,0.0 ,0.0 ,-0.07122507122507124 ,-0.13105413105413088 ,0.07122507122507125 ,0.1424501424501425 ,-0.08547008547008557 ,-0.21367521367521367 ,-0.07122507122507123 ,-0.40740740740740733 ,0.035612535612535634 ,
0.0 ,0.0 ,0.0 ,0.0 ,0.0 ,0.0 ,0.0 ,0.0 ,0.0 ,0.0 ,0.0 ,0.0 ,-0.12179487179487171 ,-0.07122507122507125 ,-0.20797720797720798 ,0.04273504273504261 ,0.04273504273504282 ,0.29914529914529897 ,-0.03205128205128204 ,-0.12108262108262124 ,-0.34330484330484334 ,0.0 ,0.0 ,0.0 ,0.0 ,0.0 ,0.0 ,0.05128205128205117 ,4.618701254788249e-17 ,0.33048433048433046 ,-0.2564102564102563 ,1.249000902703301e-16 ,1.0712250712250706 ,0.0 ,0.0 ,0.0 ,0.0 ,0.0 ,0.0 ,0.0 ,0.0 ,0.0 ,0.0 ,0.0 ,0.0 ,-0.12179487179487168 ,0.07122507122507114 ,-0.20797720797720795 ,0.042735042735042604 ,-0.04273504273504273 ,0.2991452991452991 ,-0.03205128205128207 ,0.12108262108262116 ,-0.34330484330484334 ,0.0 ,0.0 ,0.0 ,0.0 ,0.0 ,0.0 ,0.21367521367521367 ,0.1424501424501425 ,-0.08547008547008546 ,-0.04273504273504265 ,0.2849002849002847 ,0.08547008547008578 ,0.0 ,0.0 ,0.0 ,0.0 ,0.0 ,0.0 ,0.2136752136752137 ,-0.1424501424501426 ,-0.08547008547008557 ,-0.042735042735042715 ,-0.28490028490028474 ,0.08547008547008564 ,0.0 ,0.0 ,0.0 ,0.0 ,0.0 ,0.0 ,0.0 ,0.0 ,0.0 ,0.0 ,0.0 ,0.0 ,-0.18162393162393162 ,-0.07122507122507121 ,0.09686609686609665 ,0.21367521367521358 ,0.2136752136752136 ,-0.2991452991452988 ,-0.09188034188034185 ,-0.03561253561253561 ,-0.058404558404558694 ,0.0 ,0.0 ,0.0 ,0.0 ,0.0 ,0.0 ,0.25641025641025633 ,-3.469446951953614e-18 ,-0.1937321937321936 ,-0.05128205128205128 ,1.734723475976807e-17 ,-0.18233618233618193 ,0.0 ,0.0 ,0.0 ,0.0 ,0.0 ,0.0 ,0.0 ,0.0 ,0.0 ,0.0 ,0.0 ,0.0 ,-0.18162393162393156 ,0.07122507122507124 ,0.09686609686609673 ,0.2136752136752136 ,-0.2136752136752137 ,-0.29914529914529886 ,-0.09188034188034185 ,0.035612535612535655 ,-0.05840455840455857 ,
0.38319088319088324 ,-0.00854700854700857 ,0.055199430199430216 ,-0.40740740740740744 ,-0.035612535612535585 ,-0.07122507122507127 ,0.25925925925925924 ,-0.007122507122507138 ,-0.0032051282051282024 ,0.0 ,0.0 ,0.0 ,0.0 ,0.0 ,0.0 ,0.0 ,0.0 ,0.0 ,0.0 ,0.0 ,0.0 ,-0.3433048433048433 ,0.1638176638176639 ,0.03205128205128205 ,-0.058404558404558556 ,-0.03561253561253562 ,-0.12179487179487182 ,0.0 ,0.0 ,0.0 ,0.0 ,0.0 ,0.0 ,1e+50 ,-0.20655270655270663 ,0.20655270655270672 ,-0.8490028490028491 ,0.12108262108262109 ,-0.12108262108262109 ,0.4401709401709404 ,0.008547008547008572 ,-0.008547008547008534 ,0.0 ,0.0 ,0.0 ,0.0 ,0.0 ,0.0 ,0.0 ,0.0 ,0.0 ,0.0 ,0.0 ,0.0 ,-0.20797720797720792 ,0.0918803418803419 ,-0.07122507122507121 ,0.09686609686609685 ,-0.18162393162393167 ,0.07122507122507118 ,0.0 ,0.0 ,0.0 ,0.0 ,0.0 ,0.0 ,-0.34330484330484334 ,-0.03205128205128209 ,-0.1638176638176638 ,-0.05840455840455845 ,0.1217948717948718 ,0.03561253561253559 ,0.0 ,0.0 ,0.0 ,0.0 ,0.0 ,0.0 ,0.24145299145299143 ,-0.003205128205128219 ,0.0032051282051282198 ,-0.1310541310541311 ,-0.07122507122507121 ,0.07122507122507123 ,0.0861823361823362 ,0.0551994301994302 ,-0.05519943019943019 ,0.0 ,0.0 ,0.0 ,0.0 ,0.0 ,0.0 ,0.0 ,0.0 ,0.0 ,0.0 ,0.0 ,0.0 ,-0.20797720797720795 ,0.07122507122507125 ,-0.09188034188034189 ,0.09686609686609682 ,-0.07122507122507124 ,0.1816239316239316 ,0.0 ,0.0 ,0.0 ,0.0 ,0.0 ,0.0 ,0.38319088319088324 ,-0.0551994301994302 ,0.008547008547008576 ,-0.4074074074074076 ,0.07122507122507123 ,0.03561253561253557 ,0.2592592592592593 ,0.0032051282051282076 ,0.00712250712250715 ,0.0 ,0.0 ,0.0 ,0.0 ,0.0 ,0.0 ,0.0 ,0.0 ,0.0 ,0.0 ,0.0 ,0.0 ,
0.008547008547008524 ,0.44017094017094033 ,0.008547008547008541 ,-0.03561253561253559 ,-0.05840455840455845 ,0.12179487179487182 ,-0.007122507122507135 ,0.2592592592592593 ,0.003205128205128205 ,0.0 ,0.0 ,0.0 ,0.0 ,0.0 ,0.0 ,0.0 ,0.0 ,0.0 ,0.0 ,0.0 ,0.0 ,0.12108262108262115 ,-0.849002849002849 ,0.12108262108262115 ,-0.0356125356125356 ,-0.40740740740740766 ,0.07122507122507124 ,0.0 ,0.0 ,0.0 ,0.0 ,0.0 ,0.0 ,-0.20655270655270663 ,1e+50 ,-0.20655270655270663 ,0.1638176638176638 ,-0.3433048433048434 ,-0.03205128205128207 ,-0.008547008547008537 ,0.3831908831908833 ,-0.055199430199430195 ,0.0 ,0.0 ,0.0 ,0.0 ,0.0 ,0.0 ,0.0 ,0.0 ,0.0 ,0.0 ,0.0 ,0.0 ,0.12179487179487182 ,-0.05840455840455841 ,-0.0356125356125356 ,-0.18162393162393162 ,0.09686609686609689 ,-0.07122507122507121 ,0.0 ,0.0 ,0.0 ,0.0 ,0.0 ,0.0 ,-0.0320512820512821 ,-0.3433048433048433 ,0.16381766381766383 ,0.09188034188034187 ,-0.20797720797720798 ,0.07122507122507124 ,0.0 ,0.0 ,0.0 ,0.0 ,0.0 ,0.0 ,0.0032051282051282 ,0.25925925925925924 ,-0.007122507122507154 ,-0.07122507122507118 ,0.09686609686609685 ,-0.1816239316239316 ,0.055199430199430195 ,0.0861823361823362 ,0.05519943019943019 ,0.0 ,0.0 ,0.0 ,0.0 ,0.0 ,0.0 ,0.0 ,0.0 ,0.0 ,0.0 ,0.0 ,0.0 ,0.07122507122507124 ,-0.4074074074074075 ,-0.03561253561253557 ,-0.07122507122507124 ,-0.13105413105413105 ,-0.07122507122507121 ,0.0 ,0.0 ,0.0 ,0.0 ,0.0 ,0.0 ,-0.05519943019943021 ,0.3831908831908833 ,-0.008547008547008572 ,0.07122507122507121 ,-0.20797720797720803 ,0.09188034188034187 ,-0.0032051282051282076 ,0.24145299145299143 ,-0.0032051282051282163 ,0.0 ,0.0 ,0.0 ,0.0 ,0.0 ,0.0 ,0.0 ,0.0 ,0.0 ,0.0 ,0.0 ,0.0 ,
0.05519943019943022 ,-0.008547008547008555 ,0.3831908831908831 ,-0.07122507122507124 ,0.09188034188034189 ,-0.20797720797720798 ,0.0032051282051282163 ,-0.0032051282051282063 ,0.2414529914529914 ,0.0 ,0.0 ,0.0 ,0.0 ,0.0 ,0.0 ,0.0 ,0.0 ,0.0 ,0.0 ,0.0 ,0.0 ,0.032051282051282055 ,0.16381766381766386 ,-0.3433048433048434 ,-0.09188034188034189 ,0.07122507122507125 ,-0.207977207977208 ,0.0 ,0.0 ,0.0 ,0.0 ,0.0 ,0.0 ,0.20655270655270672 ,-0.20655270655270663 ,1e+50 ,-0.16381766381766388 ,-0.03205128205128206 ,-0.34330484330484334 ,0.008547008547008555 ,-0.05519943019943019 ,0.3831908831908831 ,0.0 ,0.0 ,0.0 ,0.0 ,0.0 ,0.0 ,0.0 ,0.0 ,0.0 ,0.0 ,0.0 ,0.0 ,-0.0712250712250712 ,-0.0356125356125356 ,-0.40740740740740744 ,0.07122507122507118 ,-0.07122507122507123 ,-0.13105413105413102 ,0.0 ,0.0 ,0.0 ,0.0 ,0.0 ,0.0 ,-0.12108262108262109 ,0.1210826210826211 ,-0.849002849002849 ,0.035612535612535585 ,0.07122507122507123 ,-0.4074074074074075 ,0.0 ,0.0 ,0.0 ,0.0 ,0.0 ,0.0 ,-0.0032051282051281946 ,-0.007122507122507147 ,0.2592592592592593 ,0.07122507122507121 ,-0.18162393162393156 ,0.0968660968660968 ,-0.055199430199430195 ,0.0551994301994302 ,0.0861823361823362 ,0.0 ,0.0 ,0.0 ,0.0 ,0.0 ,0.0 ,0.0 ,0.0 ,0.0 ,0.0 ,0.0 ,0.0 ,-0.12179487179487179 ,-0.03561253561253558 ,-0.05840455840455855 ,0.1816239316239316 ,-0.07122507122507121 ,0.0968660968660968 ,0.0 ,0.0 ,0.0 ,0.0 ,0.0 ,0.0 ,-0.008547008547008555 ,0.008547008547008524 ,0.44017094017094033 ,0.035612535612535585 ,0.12179487179487176 ,-0.05840455840455855 ,0.007122507122507168 ,0.0032051282051282007 ,0.2592592592592593 ,0.0 ,0.0 ,0.0 ,0.0 ,0.0 ,0.0 ,0.0 ,0.0 ,0.0 ,0.0 ,0.0 ,0.0 ,
-0.40740740740740755 ,0.035612535612535634 ,-0.07122507122507124 ,0.7293447293447296 ,-8.72782748850831e-18 ,2.3744027577432547e-17 ,-0.4074074074074076 ,-0.03561253561253562 ,0.07122507122507121 ,0.0 ,0.0 ,0.0 ,0.0 ,0.0 ,0.0 ,0.0 ,0.0 ,0.0 ,0.0 ,0.0 ,0.0 ,0.08547008547008543 ,-0.2849002849002851 ,-0.042735042735042715 ,0.08547008547008565 ,0.28490028490028496 ,0.04273504273504277 ,0.0 ,0.0 ,0.0 ,0.0 ,0.0 ,0.0 ,-0.8490028490028491 ,0.1638176638176638 ,-0.16381766381766388 ,1.8689458689458691 ,5.930585883495709e-17 ,-2.42861286636753e-17 ,-0.8490028490028492 ,-0.16381766381766386 ,0.1638176638176638 ,0.0 ,0.0 ,0.0 ,0.0 ,0.0 ,0.0 ,0.0 ,0.0 ,0.0 ,0.0 ,0.0 ,0.0 ,-0.0854700854700855 ,-0.21367521367521372 ,0.14245014245014245 ,-0.08547008547008547 ,0.2136752136752137 ,-0.14245014245014245 ,0.0 ,0.0 ,0.0 ,0.0 ,0.0 ,0.0 ,0.08547008547008536 ,0.042735042735042764 ,0.284900284900285 ,0.08547008547008547 ,-0.04273504273504277 ,-0.2849002849002849 ,0.0 ,0.0 ,0.0 ,0.0 ,0.0 ,0.0 ,-0.13105413105413105 ,0.07122507122507124 ,-0.07122507122507124 ,0.2621082621082621 ,-5.204170427930421e-18 ,9.107298248878237e-18 ,-0.13105413105413108 ,-0.07122507122507123 ,0.0712250712250712 ,0.0 ,0.0 ,0.0 ,0.0 ,0.0 ,0.0 ,0.0 ,0.0 ,0.0 ,0.0 ,0.0 ,0.0 ,-0.08547008547008544 ,-0.14245014245014245 ,0.2136752136752137 ,-0.08547008547008542 ,0.14245014245014248 ,-0.21367521367521364 ,0.0 ,0.0 ,0.0 ,0.0 ,0.0 ,0.0 ,-0.40740740740740755 ,0.07122507122507123 ,-0.035612535612535606 ,0.7293447293447296 ,6.938893903907228e-18 ,2.949029909160572e-17 ,-0.40740740740740755 ,-0.07122507122507123 ,0.03561253561253555 ,0.0 ,0.0 ,0.0 ,0.0 ,0.0 ,0.0 ,0.0 ,0.0 ,0.0 ,0.0 ,0.0 ,0.0 ,
0.0356125356125356 ,-0.058404558404558486 ,-0.09188034188034187 ,3.3881317890172014e-18 ,-0.18233618233618223 ,-0.05128205128205127 ,-0.035612535612535606 ,-0.05840455840455855 ,-0.09188034188034187 ,0.0 ,0.0 ,0.0 ,0.0 ,0.0 ,0.0 ,0.0 ,0.0 ,0.0 ,0.0 ,0.0 ,0.0 ,-0.2849002849002848 ,0.08547008547008547 ,-0.0427350427350427 ,0.28490028490028485 ,0.0854700854700856 ,-0.042735042735042715 ,0.0 ,0.0 ,0.0 ,0.0 ,0.0 ,0.0 ,0.12108262108262109 ,-0.3433048433048434 ,-0.03205128205128206 ,5.930585883495709e-17 ,1.0712250712250715 ,-0.25641025641025633 ,-0.12108262108262115 ,-0.34330484330484345 ,-0.03205128205128203 ,0.0 ,0.0 ,0.0 ,0.0 ,0.0 ,0.0 ,0.0 ,0.0 ,0.0 ,0.0 ,0.0 ,0.0 ,-0.21367521367521367 ,-0.299145299145299 ,0.21367521367521364 ,0.21367521367521367 ,-0.299145299145299 ,0.21367521367521367 ,0.0 ,0.0 ,0.0 ,0.0 ,0.0 ,0.0 ,-0.04273504273504269 ,0.299145299145299 ,0.042735042735042784 ,0.0427350427350427 ,0.299145299145299 ,0.04273504273504274 ,0.0 ,0.0 ,0.0 ,0.0 ,0.0 ,0.0 ,0.07122507122507121 ,0.09686609686609682 ,-0.18162393162393156 ,-6.7220534694101275e-18 ,-0.19373219373219358 ,0.2564102564102562 ,-0.07122507122507121 ,0.09686609686609683 ,-0.18162393162393162 ,0.0 ,0.0 ,0.0 ,0.0 ,0.0 ,0.0 ,0.0 ,0.0 ,0.0 ,0.0 ,0.0 ,0.0 ,-0.14245014245014245 ,-0.08547008547008544 ,0.21367521367521364 ,0.14245014245014245 ,-0.08547008547008544 ,0.21367521367521364 ,0.0 ,0.0 ,0.0 ,0.0 ,0.0 ,0.0 ,0.07122507122507121 ,-0.20797720797720795 ,-0.1217948717948718 ,6.938893903907228e-18 ,0.33048433048433046 ,0.05128205128205126 ,-0.07122507122507123 ,-0.20797720797720795 ,-0.1217948717948718 ,0.0 ,0.0 ,0.0 ,0.0 ,0.0 ,0.0 ,0.0 ,0.0 ,0.0 ,0.0 ,0.0 ,0.0 ,
-0.07122507122507125 ,-0.12179487179487183 ,-0.207977207977208 ,2.0274580625478933e-17 ,0.051282051282051246 ,0.33048433048433046 ,0.07122507122507123 ,-0.12179487179487182 ,-0.207977207977208 ,0.0 ,0.0 ,0.0 ,0.0 ,0.0 ,0.0 ,0.0 ,0.0 ,0.0 ,0.0 ,0.0 ,0.0 ,0.04273504273504273 ,0.04273504273504274 ,0.2991452991452991 ,-0.042735042735042694 ,0.04273504273504273 ,0.29914529914529914 ,0.0 ,0.0 ,0.0 ,0.0 ,0.0 ,0.0 ,-0.12108262108262109 ,-0.03205128205128207 ,-0.34330484330484334 ,-2.42861286636753e-17 ,-0.25641025641025633 ,1.071225071225071 ,0.12108262108262113 ,-0.03205128205128204 ,-0.34330484330484345 ,0.0 ,0.0 ,0.0 ,0.0 ,0.0 ,0.0 ,0.0 ,0.0 ,0.0 ,0.0 ,0.0 ,0.0 ,0.1424501424501425 ,0.2136752136752137 ,-0.08547008547008546 ,-0.14245014245014245 ,0.2136752136752137 ,-0.08547008547008547 ,0.0 ,0.0 ,0.0 ,0.0 ,0.0 ,0.0 ,0.2849002849002849 ,-0.04273504273504271 ,0.08547008547008539 ,-0.28490028490028485 ,-0.042735042735042715 ,0.08547008547008543 ,0.0 ,0.0 ,0.0 ,0.0 ,0.0 ,0.0 ,-0.07122507122507123 ,-0.1816239316239316 ,0.09686609686609686 ,1.0408340855860843e-17 ,0.25641025641025633 ,-0.19373219373219358 ,0.0712250712250712 ,-0.1816239316239316 ,0.09686609686609682 ,0.0 ,0.0 ,0.0 ,0.0 ,0.0 ,0.0 ,0.0 ,0.0 ,0.0 ,0.0 ,0.0 ,0.0 ,0.21367521367521367 ,0.21367521367521364 ,-0.2991452991452991 ,-0.2136752136752136 ,0.21367521367521367 ,-0.299145299145299 ,0.0 ,0.0 ,0.0 ,0.0 ,0.0 ,0.0 ,-0.03561253561253565 ,-0.09188034188034186 ,-0.05840455840455848 ,2.7755575615628914e-17 ,-0.05128205128205126 ,-0.18233618233618215 ,0.03561253561253559 ,-0.09188034188034189 ,-0.058404558404558514 ,0.0 ,0.0 ,0.0 ,0.0 ,0.0 ,0.0 ,0.0 ,0.0 ,0.0 ,0.0 ,0.0 ,0.0 ,
0.2592592592592593 ,0.007122507122507127 ,0.0032051282051282306 ,-0.4074074074074075 ,0.035612535612535606 ,0.07122507122507121 ,0.7663817663817665 ,2.42861286636753e-17 ,4.163336342344337e-17 ,-0.4074074074074073 ,-0.03561253561253559 ,-0.07122507122507132 ,0.25925925925925924 ,-0.007122507122507131 ,-0.003205128205128172 ,0.0 ,0.0 ,0.0 ,0.0 ,0.0 ,0.0 ,-0.05840455840455841 ,0.03561253561253564 ,0.12179487179487179 ,-0.6866096866096867 ,2.7755575615628914e-17 ,6.938893903907228e-18 ,-0.05840455840455855 ,-0.035612535612535634 ,-0.12179487179487182 ,0.0 ,0.0 ,0.0 ,0.4401709401709404 ,-0.008547008547008537 ,0.008547008547008555 ,-0.8490028490028492 ,-0.12108262108262115 ,0.12108262108262113 ,1.535612535612536 ,8.326672684688674e-17 ,0.0 ,-0.8490028490028488 ,0.121082621082621 ,-0.12108262108262108 ,0.4401709401709404 ,0.0085470085470086 ,-0.00854700854700853 ,0.0 ,0.0 ,0.0 ,0.0 ,0.0 ,0.0 ,0.09686609686609689 ,0.18162393162393167 ,-0.07122507122507121 ,-0.41595441595441596 ,0.0 ,-1.3877787807814457e-17 ,0.09686609686609682 ,-0.18162393162393162 ,0.07122507122507121 ,0.0 ,0.0 ,0.0 ,-0.05840455840455841 ,-0.1217948717948718 ,-0.03561253561253561 ,-0.6866096866096866 ,-3.469446951953614e-17 ,-2.7755575615628914e-17 ,-0.05840455840455849 ,0.12179487179487183 ,0.03561253561253562 ,0.0 ,0.0 ,0.0 ,0.08618233618233619 ,-0.0551994301994302 ,0.0551994301994302 ,-0.13105413105413105 ,0.07122507122507124 ,-0.07122507122507123 ,0.48290598290598286 ,1.0408340855860843e-17 ,1.3010426069826053e-17 ,-0.13105413105413108 ,-0.07122507122507123 ,0.0712250712250712 ,0.0861823361823362 ,0.05519943019943021 ,-0.055199430199430195 ,0.0 ,0.0 ,0.0 ,0.0 ,0.0 ,0.0 ,0.09686609686609682 ,0.07122507122507123 ,-0.1816239316239316 ,-0.41595441595441596 ,-1.3877787807814457e-17 ,0.0 ,0.09686609686609678 ,-0.07122507122507123 ,0.18162393162393156 ,0.0 ,0.0 ,0.0 ,0.25925925925925936 ,-0.003205128205128207 ,-0.007122507122507128 ,-0.4074074074074076 ,-0.07122507122507123 ,-0.03561253561253562 ,0.7663817663817665 ,1.3877787807814457e-17 ,2.6020852139652106e-17 ,-0.4074074074074074 ,0.07122507122507121 ,0.03561253561253557 ,0.2592592592592593 ,0.003205128205128211 ,0.007122507122507157 ,0.0 ,0.0 ,0.0 ,0.0 ,0.0 ,0.0 ,
0.007122507122507149 ,0.2592592592592593 ,0.0032051282051282254 ,0.03561253561253562 ,-0.05840455840455842 ,0.12179487179487179 ,1.5612511283791264e-17 ,0.8803418803418805 ,0.017094017094017123 ,-0.035612535612535655 ,-0.05840455840455837 ,0.12179487179487182 ,-0.007122507122507114 ,0.2592592592592593 ,0.0032051282051282024 ,0.0 ,0.0 ,0.0 ,0.0 ,0.0 ,0.0 ,0.03561253561253561 ,-0.4074074074074075 ,0.07122507122507121 ,-1.3877787807814457e-17 ,-1.698005698005698 ,0.2421652421652421 ,-0.03561253561253561 ,-0.40740740740740744 ,0.07122507122507123 ,0.0 ,0.0 ,0.0 ,0.008547008547008572 ,0.3831908831908833 ,-0.05519943019943019 ,-0.16381766381766386 ,-0.34330484330484345 ,-0.03205128205128204 ,8.326672684688674e-17 ,1.5356125356125363 ,-0.41310541310541316 ,0.16381766381766372 ,-0.3433048433048432 ,-0.032051282051282104 ,-0.008547008547008505 ,0.3831908831908832 ,-0.05519943019943019 ,0.0 ,0.0 ,0.0 ,0.0 ,0.0 ,0.0 ,0.18162393162393164 ,0.09686609686609685 ,-0.0712250712250712 ,-1.3877787807814457e-17 ,-0.11680911680911685 ,-0.07122507122507123 ,-0.18162393162393162 ,0.09686609686609676 ,-0.0712250712250712 ,0.0 ,0.0 ,0.0 ,-0.09188034188034189 ,-0.20797720797720795 ,0.07122507122507121 ,-2.7755575615628914e-17 ,-0.6866096866096866 ,0.32763532763532766 ,0.0918803418803419 ,-0.20797720797720787 ,0.07122507122507121 ,0.0 ,0.0 ,0.0 ,-0.055199430199430216 ,0.08618233618233619 ,0.055199430199430195 ,0.07122507122507123 ,0.09686609686609683 ,-0.1816239316239316 ,9.107298248878237e-18 ,0.5185185185185186 ,-0.014245014245014256 ,-0.07122507122507121 ,0.09686609686609675 ,-0.18162393162393153 ,0.05519943019943021 ,0.08618233618233623 ,0.05519943019943017 ,0.0 ,0.0 ,0.0 ,0.0 ,0.0 ,0.0 ,0.07122507122507123 ,-0.13105413105413105 ,-0.07122507122507121 ,0.0 ,-0.814814814814815 ,-0.07122507122507121 ,-0.07122507122507123 ,-0.13105413105413105 ,-0.0712250712250712 ,0.0 ,0.0 ,0.0 ,0.0032051282051282024 ,0.24145299145299143 ,-0.003205128205128212 ,-0.07122507122507124 ,-0.207977207977208 ,0.09188034188034187 ,1.3877787807814457e-17 ,0.7663817663817665 ,-0.017094017094017082 ,0.07122507122507118 ,-0.20797720797720792 ,0.09188034188034189 ,-0.003205128205128204 ,0.2414529914529914 ,-0.0032051282051281955 ,0.0 ,0.0 ,0.0 ,0.0 ,0.0 ,0.0 ,
-0.0032051282051281872 ,-0.003205128205128203 ,0.24145299145299134 ,0.07122507122507124 ,0.09188034188034185 ,-0.20797720797720798 ,4.85722573273506e-17 ,-0.01709401709401706 ,0.7663817663817665 ,-0.07122507122507132 ,0.0918803418803419 ,-0.20797720797720798 ,0.003205128205128244 ,-0.0032051282051282068 ,0.24145299145299143 ,0.0 ,0.0 ,0.0 ,0.0 ,0.0 ,0.0 ,0.09188034188034185 ,0.07122507122507123 ,-0.20797720797720798 ,-1.3877787807814457e-17 ,0.32763532763532754 ,-0.6866096866096866 ,-0.09188034188034187 ,0.07122507122507123 ,-0.2079772079772081 ,0.0 ,0.0 ,0.0 ,-0.008547008547008534 ,-0.055199430199430195 ,0.3831908831908831 ,0.1638176638176638 ,-0.03205128205128203 ,-0.34330484330484345 ,0.0 ,-0.41310541310541316 ,1.5356125356125359 ,-0.16381766381766386 ,-0.03205128205128209 ,-0.3433048433048433 ,0.008547008547008567 ,-0.05519943019943019 ,0.3831908831908832 ,0.0 ,0.0 ,0.0 ,0.0 ,0.0 ,0.0 ,-0.07122507122507121 ,-0.07122507122507123 ,-0.13105413105413105 ,1.3877787807814457e-17 ,-0.07122507122507121 ,-0.8148148148148149 ,0.07122507122507118 ,-0.07122507122507118 ,-0.13105413105413108 ,0.0 ,0.0 ,0.0 ,-0.035612535612535606 ,0.07122507122507121 ,-0.40740740740740744 ,-4.163336342344337e-17 ,0.24216524216524216 ,-1.698005698005698 ,0.03561253561253559 ,0.07122507122507121 ,-0.4074074074074074 ,0.0 ,0.0 ,0.0 ,0.05519943019943021 ,0.055199430199430195 ,0.08618233618233623 ,-0.07122507122507124 ,-0.18162393162393156 ,0.09686609686609679 ,1.0408340855860843e-17 ,-0.014245014245014231 ,0.5185185185185186 ,0.07122507122507121 ,-0.1816239316239316 ,0.0968660968660967 ,-0.0551994301994302 ,0.05519943019943019 ,0.08618233618233624 ,0.0 ,0.0 ,0.0 ,0.0 ,0.0 ,0.0 ,-0.18162393162393156 ,-0.07122507122507121 ,0.09686609686609676 ,0.0 ,-0.07122507122507127 ,-0.11680911680911699 ,0.18162393162393156 ,-0.0712250712250712 ,0.09686609686609673 ,0.0 ,0.0 ,0.0 ,-0.007122507122507131 ,0.003205128205128204 ,0.2592592592592593 ,-0.035612535612535634 ,0.12179487179487176 ,-0.05840455840455856 ,4.85722573273506e-17 ,0.01709401709401708 ,0.8803418803418803 ,0.03561253561253559 ,0.12179487179487178 ,-0.058404558404558445 ,0.007122507122507157 ,0.003205128205128232 ,0.25925925925925924 ,0.0 ,0.0 ,0.0 ,0.0 ,0.0 ,0.0 ,
0.0 ,0.0 ,0.0 ,0.0 ,0.0 ,0.0 ,-0.4074074074074074 ,0.035612535612535606 ,-0.07122507122507132 ,0.7293447293447293 ,2.087089182034596e-17 ,1.8062808193608504e-16 ,-0.40740740740740744 ,-0.03561253561253564 ,0.07122507122507114 ,0.0 ,0.0 ,0.0 ,0.0 ,0.0 ,0.0 ,0.0 ,0.0 ,0.0 ,0.08547008547008535 ,-0.284900284900285 ,-0.04273504273504278 ,0.08547008547008572 ,0.28490028490028496 ,0.042735042735042784 ,0.0 ,0.0 ,0.0 ,0.0 ,0.0 ,0.0 ,0.0 ,0.0 ,0.0 ,-0.849002849002849 ,0.16381766381766372 ,-0.16381766381766386 ,1.8689458689458684 ,2.329950468671349e-16 ,-6.591949208711867e-17 ,-0.849002849002849 ,-0.16381766381766394 ,0.16381766381766383 ,0.0 ,0.0 ,0.0 ,0.0 ,0.0 ,0.0 ,0.0 ,0.0 ,0.0 ,-0.08547008547008544 ,-0.2136752136752137 ,0.14245014245014248 ,-0.08547008547008544 ,0.21367521367521367 ,-0.14245014245014248 ,0.0 ,0.0 ,0.0 ,0.0 ,0.0 ,0.0 ,0.08547008547008532 ,0.04273504273504282 ,0.284900284900285 ,0.08547008547008556 ,-0.042735042735042805 ,-0.28490028490028496 ,0.0 ,0.0 ,0.0 ,0.0 ,0.0 ,0.0 ,0.0 ,0.0 ,0.0 ,-0.13105413105413108 ,0.07122507122507121 ,-0.07122507122507124 ,0.26210826210826205 ,1.5612511283791264e-17 ,1.3660947373317356e-17 ,-0.13105413105413105 ,-0.07122507122507123 ,0.07122507122507121 ,0.0 ,0.0 ,0.0 ,0.0 ,0.0 ,0.0 ,0.0 ,0.0 ,0.0 ,-0.08547008547008544 ,-0.14245014245014245 ,0.2136752136752137 ,-0.0854700854700854 ,0.14245014245014248 ,-0.21367521367521364 ,0.0 ,0.0 ,0.0 ,0.0 ,0.0 ,0.0 ,0.0 ,0.0 ,0.0 ,-0.4074074074074073 ,0.0712250712250712 ,-0.03561253561253562 ,0.7293447293447293 ,5.204170427930421e-18 ,3.469446951953614e-18 ,-0.4074074074074074 ,-0.07122507122507123 ,0.03561253561253558 ,0.0 ,0.0 ,0.0 ,0.0 ,0.0 ,0.0 ,
0.0 ,0.0 ,0.0 ,0.0 ,0.0 ,0.0 ,0.035612535612535585 ,-0.0584045584045584 ,-0.0918803418803419 ,3.1929753979698106e-17 ,-0.1823361823361823 ,-0.05128205128205127 ,-0.03561253561253562 ,-0.05840455840455849 ,-0.09188034188034185 ,0.0 ,0.0 ,0.0 ,0.0 ,0.0 ,0.0 ,0.0 ,0.0 ,0.0 ,-0.2849002849002848 ,0.08547008547008537 ,-0.04273504273504267 ,0.28490028490028485 ,0.08547008547008574 ,-0.04273504273504276 ,0.0 ,0.0 ,0.0 ,0.0 ,0.0 ,0.0 ,0.0 ,0.0 ,0.0 ,0.121082621082621 ,-0.3433048433048432 ,-0.03205128205128209 ,2.329950468671349e-16 ,1.0712250712250713 ,-0.2564102564102563 ,-0.1210826210826212 ,-0.34330484330484345 ,-0.032051282051282 ,0.0 ,0.0 ,0.0 ,0.0 ,0.0 ,0.0 ,0.0 ,0.0 ,0.0 ,-0.21367521367521364 ,-0.2991452991452989 ,0.21367521367521367 ,0.2136752136752136 ,-0.29914529914529886 ,0.21367521367521364 ,0.0 ,0.0 ,0.0 ,0.0 ,0.0 ,0.0 ,-0.042735042735042646 ,0.29914529914529897 ,0.04273504273504287 ,0.04273504273504266 ,0.29914529914529897 ,0.042735042735042666 ,0.0 ,0.0 ,0.0 ,0.0 ,0.0 ,0.0 ,0.0 ,0.0 ,0.0 ,0.0712250712250712 ,0.09686609686609679 ,-0.1816239316239316 ,1.496198998029996e-17 ,-0.1937321937321936 ,0.2564102564102563 ,-0.07122507122507123 ,0.09686609686609678 ,-0.18162393162393162 ,0.0 ,0.0 ,0.0 ,0.0 ,0.0 ,0.0 ,0.0 ,0.0 ,0.0 ,-0.14245014245014243 ,-0.08547008547008537 ,0.21367521367521364 ,0.14245014245014243 ,-0.08547008547008543 ,0.21367521367521358 ,0.0 ,0.0 ,0.0 ,0.0 ,0.0 ,0.0 ,0.0 ,0.0 ,0.0 ,0.07122507122507121 ,-0.20797720797720792 ,-0.12179487179487183 ,5.204170427930421e-18 ,0.33048433048433024 ,0.05128205128205126 ,-0.07122507122507123 ,-0.20797720797720798 ,-0.12179487179487182 ,0.0 ,0.0 ,0.0 ,0.0 ,0.0 ,0.0 ,
0.0 ,0.0 ,0.0 ,0.0 ,0.0 ,0.0 ,-0.07122507122507132 ,-0.12179487179487185 ,-0.207977207977208 ,1.7618285302889447e-16 ,0.051282051282051246 ,0.33048433048433035 ,0.07122507122507114 ,-0.12179487179487178 ,-0.20797720797720798 ,0.0 ,0.0 ,0.0 ,0.0 ,0.0 ,0.0 ,0.0 ,0.0 ,0.0 ,0.04273504273504268 ,0.04273504273504281 ,0.29914529914529897 ,-0.04273504273504266 ,0.04273504273504267 ,0.29914529914529925 ,0.0 ,0.0 ,0.0 ,0.0 ,0.0 ,0.0 ,0.0 ,0.0 ,0.0 ,-0.12108262108262108 ,-0.032051282051282104 ,-0.3433048433048433 ,-6.591949208711867e-17 ,-0.2564102564102563 ,1.0712250712250708 ,0.12108262108262108 ,-0.03205128205128203 ,-0.3433048433048434 ,0.0 ,0.0 ,0.0 ,0.0 ,0.0 ,0.0 ,0.0 ,0.0 ,0.0 ,0.14245014245014254 ,0.21367521367521372 ,-0.08547008547008532 ,-0.1424501424501425 ,0.2136752136752136 ,-0.08547008547008553 ,0.0 ,0.0 ,0.0 ,0.0 ,0.0 ,0.0 ,0.28490028490028485 ,-0.042735042735042625 ,0.08547008547008536 ,-0.2849002849002848 ,-0.04273504273504278 ,0.08547008547008556 ,0.0 ,0.0 ,0.0 ,0.0 ,0.0 ,0.0 ,0.0 ,0.0 ,0.0 ,-0.07122507122507121 ,-0.18162393162393162 ,0.09686609686609673 ,9.107298248878237e-18 ,0.25641025641025633 ,-0.19373219373219355 ,0.07122507122507118 ,-0.18162393162393156 ,0.09686609686609682 ,0.0 ,0.0 ,0.0 ,0.0 ,0.0 ,0.0 ,0.0 ,0.0 ,0.0 ,0.21367521367521364 ,0.2136752136752137 ,-0.29914529914529897 ,-0.21367521367521364 ,0.2136752136752136 ,-0.2991452991452991 ,0.0 ,0.0 ,0.0 ,0.0 ,0.0 ,0.0 ,0.0 ,0.0 ,0.0 ,-0.035612535612535634 ,-0.0918803418803419 ,-0.058404558404558465 ,0.0 ,-0.051282051282051246 ,-0.1823361823361822 ,0.03561253561253559 ,-0.09188034188034189 ,-0.05840455840455844 ,0.0 ,0.0 ,0.0 ,0.0 ,0.0 ,0.0 ,
0.0 ,0.0 ,0.0 ,0.0 ,0.0 ,0.0 ,0.2592592592592592 ,0.0071225071225071305 ,0.003205128205128258 ,-0.40740740740740733 ,0.035612535612535585 ,0.07122507122507113 ,0.7663817663817665 ,-1.0408340855860843e-17 ,3.469446951953614e-17 ,-0.4074074074074078 ,-0.035612535612535565 ,-0.07122507122507112 ,0.2592592592592594 ,-0.007122507122507156 ,-0.0032051282051283082 ,0.0 ,0.0 ,0.0 ,-0.0584045584045584 ,0.03561253561253563 ,0.12179487179487182 ,-0.6866096866096869 ,2.7755575615628914e-17 ,-1.8041124150158794e-16 ,-0.05840455840455846 ,-0.03561253561253563 ,-0.12179487179487168 ,0.0 ,0.0 ,0.0 ,0.0 ,0.0 ,0.0 ,0.44017094017094033 ,-0.008547008547008505 ,0.008547008547008567 ,-0.849002849002849 ,-0.1210826210826212 ,0.12108262108262108 ,1.5356125356125365 ,5.551115123125783e-17 ,-8.326672684688674e-17 ,-0.8490028490028495 ,0.12108262108262108 ,-0.1210826210826208 ,0.4401709401709406 ,0.00854700854700859 ,-0.008547008547008664 ,0.0 ,0.0 ,0.0 ,0.0968660968660968 ,0.18162393162393162 ,-0.07122507122507128 ,-0.41595441595441596 ,-1.3877787807814457e-17 ,-4.163336342344337e-17 ,0.09686609686609683 ,-0.18162393162393164 ,0.07122507122507125 ,0.0 ,0.0 ,0.0 ,-0.05840455840455843 ,-0.12179487179487183 ,-0.035612535612535606 ,-0.6866096866096866 ,1.1102230246251565e-16 ,-5.551115123125783e-17 ,-0.058404558404558465 ,0.12179487179487174 ,0.03561253561253565 ,0.0 ,0.0 ,0.0 ,0.0 ,0.0 ,0.0 ,0.08618233618233617 ,-0.0551994301994302 ,0.05519943019943019 ,-0.131054131054131 ,0.07122507122507123 ,-0.07122507122507121 ,0.48290598290598297 ,-6.938893903907228e-18 ,2.42861286636753e-17 ,-0.1310541310541312 ,-0.07122507122507123 ,0.07122507122507121 ,0.08618233618233621 ,0.0551994301994302 ,-0.0551994301994302 ,0.0 ,0.0 ,0.0 ,0.09686609686609682 ,0.07122507122507124 ,-0.18162393162393156 ,-0.41595441595441585 ,0.0 ,0.0 ,0.0968660968660968 ,-0.07122507122507125 ,0.18162393162393162 ,0.0 ,0.0 ,0.0 ,0.0 ,0.0 ,0.0 ,0.25925925925925924 ,-0.003205128205128202 ,-0.007122507122507138 ,-0.4074074074074075 ,-0.07122507122507121 ,-0.03561253561253559 ,0.7663817663817666 ,-6.938893903907228e-17 ,2.2551405187698492e-17 ,-0.4074074074074079 ,0.07122507122507131 ,0.0356125356125356 ,0.2592592592592594 ,0.003205128205128166 ,0.007122507122507128 ,
0.0 ,0.0 ,0.0 ,0.0 ,0.0 ,0.0 ,0.007122507122507172 ,0.2592592592592592 ,0.0032051282051282102 ,0.0356125356125356 ,-0.05840455840455839 ,0.12179487179487179 ,-2.0816681711721685e-17 ,0.8803418803418805 ,0.017094017094017075 ,-0.03561253561253558 ,-0.058404558404558445 ,0.12179487179487171 ,-0.007122507122507149 ,0.2592592592592592 ,0.00320512820512827 ,0.0 ,0.0 ,0.0 ,0.03561253561253559 ,-0.40740740740740744 ,0.07122507122507121 ,0.0 ,-1.698005698005698 ,0.2421652421652422 ,-0.0356125356125356 ,-0.40740740740740755 ,0.07122507122507114 ,0.0 ,0.0 ,0.0 ,0.0 ,0.0 ,0.0 ,0.0085470085470086 ,0.3831908831908832 ,-0.05519943019943019 ,-0.16381766381766394 ,-0.34330484330484345 ,-0.03205128205128203 ,5.551115123125783e-17 ,1.5356125356125365 ,-0.41310541310541327 ,0.16381766381766386 ,-0.3433048433048434 ,-0.03205128205128211 ,-0.008547008547008496 ,0.3831908831908833 ,-0.05519943019943022 ,0.0 ,0.0 ,0.0 ,0.18162393162393162 ,0.09686609686609678 ,-0.07122507122507125 ,1.3877787807814457e-17 ,-0.11680911680911686 ,-0.07122507122507116 ,-0.18162393162393162 ,0.09686609686609678 ,-0.07122507122507123 ,0.0 ,0.0 ,0.0 ,-0.09188034188034191 ,-0.207977207977208 ,0.07122507122507121 ,9.020562075079397e-17 ,-0.6866096866096866 ,0.3276353276353279 ,0.0918803418803418 ,-0.20797720797720803 ,0.07122507122507128 ,0.0 ,0.0 ,0.0 ,0.0 ,0.0 ,0.0 ,-0.055199430199430195 ,0.08618233618233619 ,0.055199430199430195 ,0.07122507122507121 ,0.09686609686609689 ,-0.1816239316239316 ,-1.431146867680866e-17 ,0.5185185185185185 ,-0.014245014245014355 ,-0.07122507122507121 ,0.0968660968660969 ,-0.1816239316239316 ,0.05519943019943021 ,0.08618233618233603 ,0.0551994301994302 ,0.0 ,0.0 ,0.0 ,0.07122507122507121 ,-0.13105413105413102 ,-0.07122507122507123 ,2.7755575615628914e-17 ,-0.8148148148148148 ,-0.0712250712250712 ,-0.07122507122507124 ,-0.13105413105413088 ,-0.07122507122507121 ,0.0 ,0.0 ,0.0 ,0.0 ,0.0 ,0.0 ,0.0032051282051281994 ,0.24145299145299143 ,-0.0032051282051282237 ,-0.07122507122507123 ,-0.20797720797720795 ,0.0918803418803419 ,-6.245004513516506e-17 ,0.7663817663817665 ,-0.0170940170940171 ,0.07122507122507131 ,-0.20797720797720806 ,0.09188034188034187 ,-0.0032051282051282458 ,0.24145299145299137 ,-0.0032051282051282545 ,
0.0 ,0.0 ,0.0 ,0.0 ,0.0 ,0.0 ,-0.0032051282051281616 ,-0.003205128205128196 ,0.24145299145299146 ,0.07122507122507114 ,0.09188034188034186 ,-0.2079772079772079 ,2.7755575615628914e-17 ,-0.017094017094017134 ,0.7663817663817665 ,-0.07122507122507112 ,0.0918803418803418 ,-0.20797720797720798 ,0.003205128205128114 ,-0.003205128205128147 ,0.24145299145299143 ,0.0 ,0.0 ,0.0 ,0.09188034188034189 ,0.07122507122507121 ,-0.2079772079772079 ,-1.5959455978986625e-16 ,0.32763532763532766 ,-0.6866096866096869 ,-0.09188034188034178 ,0.07122507122507116 ,-0.20797720797720795 ,0.0 ,0.0 ,0.0 ,0.0 ,0.0 ,0.0 ,-0.00854700854700853 ,-0.05519943019943019 ,0.3831908831908832 ,0.16381766381766383 ,-0.032051282051282 ,-0.3433048433048434 ,-8.326672684688674e-17 ,-0.41310541310541327 ,1.535612535612536 ,-0.16381766381766363 ,-0.03205128205128204 ,-0.3433048433048433 ,0.00854700854700844 ,-0.05519943019943021 ,0.3831908831908833 ,0.0 ,0.0 ,0.0 ,-0.0712250712250712 ,-0.07122507122507123 ,-0.13105413105413116 ,-1.3877787807814457e-17 ,-0.07122507122507118 ,-0.8148148148148149 ,0.07122507122507123 ,-0.07122507122507123 ,-0.13105413105413105 ,0.0 ,0.0 ,0.0 ,-0.0356125356125356 ,0.07122507122507121 ,-0.40740740740740766 ,-6.938893903907228e-17 ,0.24216524216524232 ,-1.6980056980056981 ,0.03561253561253562 ,0.07122507122507124 ,-0.40740740740740733 ,0.0 ,0.0 ,0.0 ,0.0 ,0.0 ,0.0 ,0.055199430199430195 ,0.055199430199430195 ,0.08618233618233626 ,-0.07122507122507121 ,-0.18162393162393156 ,0.09686609686609679 ,1.2576745200831851e-17 ,-0.014245014245014337 ,0.5185185185185186 ,0.0712250712250712 ,-0.18162393162393162 ,0.0968660968660968 ,-0.05519943019943021 ,0.055199430199430216 ,0.08618233618233617 ,0.0 ,0.0 ,0.0 ,-0.18162393162393156 ,-0.07122507122507124 ,0.09686609686609676 ,0.0 ,-0.07122507122507127 ,-0.11680911680911654 ,0.1816239316239316 ,-0.07122507122507123 ,0.09686609686609672 ,0.0 ,0.0 ,0.0 ,0.0 ,0.0 ,0.0 ,-0.007122507122507138 ,0.0032051282051281833 ,0.2592592592592593 ,-0.035612535612535606 ,0.12179487179487179 ,-0.058404558404558535 ,2.42861286636753e-17 ,0.017094017094017137 ,0.8803418803418808 ,0.03561253561253558 ,0.12179487179487182 ,-0.0584045584045585 ,0.007122507122507126 ,0.003205128205128173 ,0.2592592592592592 ,
0.0 ,0.0 ,0.0 ,0.0 ,0.0 ,0.0 ,0.0 ,0.0 ,0.0 ,0.0 ,0.0 ,0.0 ,-0.40740740740740783 ,0.03561253561253562 ,-0.07122507122507114 ,0.7293447293447304 ,-3.4640259410911867e-17 ,-2.660632131279428e-16 ,-0.407407407407408 ,-0.03561253561253562 ,0.07122507122507138 ,0.0 ,0.0 ,0.0 ,0.0 ,0.0 ,0.0 ,0.08547008547008536 ,-0.28490028490028496 ,-0.042735042735042576 ,0.08547008547008576 ,0.28490028490028496 ,0.042735042735042604 ,0.0 ,0.0 ,0.0 ,0.0 ,0.0 ,0.0 ,0.0 ,0.0 ,0.0 ,0.0 ,0.0 ,0.0 ,-0.8490028490028495 ,0.16381766381766386 ,-0.16381766381766363 ,1.8689458689458698 ,2.3418766925686896e-16 ,-6.782768791069316e-16 ,-0.8490028490028498 ,-0.16381766381766405 ,0.1638176638176642 ,0.0 ,0.0 ,0.0 ,0.0 ,0.0 ,0.0 ,-0.08547008547008571 ,-0.2136752136752136 ,0.1424501424501425 ,-0.08547008547008524 ,0.21367521367521367 ,-0.1424501424501425 ,0.0 ,0.0 ,0.0 ,0.0 ,0.0 ,0.0 ,0.08547008547008511 ,0.04273504273504267 ,0.284900284900285 ,0.08547008547008576 ,-0.042735042735042666 ,-0.28490028490028496 ,0.0 ,0.0 ,0.0 ,0.0 ,0.0 ,0.0 ,0.0 ,0.0 ,0.0 ,0.0 ,0.0 ,0.0 ,-0.13105413105413113 ,0.07122507122507125 ,-0.07122507122507121 ,0.2621082621082625 ,-1.6479873021779667e-17 ,-4.92227786308419e-17 ,-0.1310541310541313 ,-0.07122507122507124 ,0.07122507122507125 ,0.0 ,0.0 ,0.0 ,0.0 ,0.0 ,0.0 ,-0.08547008547008568 ,-0.14245014245014248 ,0.2136752136752137 ,-0.08547008547008529 ,0.1424501424501425 ,-0.21367521367521367 ,0.0 ,0.0 ,0.0 ,0.0 ,0.0 ,0.0 ,0.0 ,0.0 ,0.0 ,0.0 ,0.0 ,0.0 ,-0.40740740740740766 ,0.07122507122507132 ,-0.035612535612535565 ,0.7293447293447303 ,-1.474514954580286e-16 ,-9.020562075079397e-17 ,-0.4074074074074079 ,-0.07122507122507116 ,0.03561253561253562 ,
0.0 ,0.0 ,0.0 ,0.0 ,0.0 ,0.0 ,0.0 ,0.0 ,0.0 ,0.0 ,0.0 ,0.0 ,0.03561253561253561 ,-0.0584045584045586 ,-0.09188034188034178 ,-2.8514517136368767e-17 ,-0.1823361823361819 ,-0.05128205128205123 ,-0.0356125356125356 ,-0.05840455840455859 ,-0.09188034188034185 ,0.0 ,0.0 ,0.0 ,0.0 ,0.0 ,0.0 ,-0.28490028490028485 ,0.08547008547008537 ,-0.04273504273504273 ,0.28490028490028485 ,0.08547008547008572 ,-0.04273504273504273 ,0.0 ,0.0 ,0.0 ,0.0 ,0.0 ,0.0 ,0.0 ,0.0 ,0.0 ,0.0 ,0.0 ,0.0 ,0.12108262108262108 ,-0.3433048433048434 ,-0.03205128205128204 ,2.3418766925686896e-16 ,1.0712250712250717 ,-0.25641025641025633 ,-0.1210826210826213 ,-0.34330484330484384 ,-0.032051282051281875 ,0.0 ,0.0 ,0.0 ,0.0 ,0.0 ,0.0 ,-0.21367521367521367 ,-0.29914529914529914 ,0.2136752136752136 ,0.21367521367521367 ,-0.2991452991452989 ,0.21367521367521355 ,0.0 ,0.0 ,0.0 ,0.0 ,0.0 ,0.0 ,-0.042735042735042784 ,0.2991452991452989 ,0.042735042735042646 ,0.042735042735042805 ,0.2991452991452991 ,0.0427350427350426 ,0.0 ,0.0 ,0.0 ,0.0 ,0.0 ,0.0 ,0.0 ,0.0 ,0.0 ,0.0 ,0.0 ,0.0 ,0.07122507122507124 ,0.09686609686609683 ,-0.1816239316239315 ,-1.973247953923618e-17 ,-0.19373219373219353 ,0.2564102564102562 ,-0.07122507122507121 ,0.09686609686609687 ,-0.18162393162393156 ,0.0 ,0.0 ,0.0 ,0.0 ,0.0 ,0.0 ,-0.14245014245014248 ,-0.08547008547008557 ,0.21367521367521355 ,0.14245014245014248 ,-0.08547008547008558 ,0.2136752136752136 ,0.0 ,0.0 ,0.0 ,0.0 ,0.0 ,0.0 ,0.0 ,0.0 ,0.0 ,0.0 ,0.0 ,0.0 ,0.07122507122507132 ,-0.20797720797720806 ,-0.12179487179487176 ,-1.465841337200402e-16 ,0.33048433048433074 ,0.051282051282051246 ,-0.07122507122507116 ,-0.207977207977208 ,-0.12179487179487167 ,
0.0 ,0.0 ,0.0 ,0.0 ,0.0 ,0.0 ,0.0 ,0.0 ,0.0 ,0.0 ,0.0 ,0.0 ,-0.07122507122507114 ,-0.12179487179487171 ,-0.20797720797720798 ,-2.695326600798964e-16 ,0.05128205128205126 ,0.33048433048433096 ,0.0712250712250714 ,-0.12179487179487176 ,-0.2079772079772082 ,0.0 ,0.0 ,0.0 ,0.0 ,0.0 ,0.0 ,0.04273504273504285 ,0.042735042735042764 ,0.2991452991452992 ,-0.042735042735042826 ,0.04273504273504265 ,0.2991452991452991 ,0.0 ,0.0 ,0.0 ,0.0 ,0.0 ,0.0 ,0.0 ,0.0 ,0.0 ,0.0 ,0.0 ,0.0 ,-0.1210826210826208 ,-0.03205128205128211 ,-0.3433048433048433 ,-6.782768791069316e-16 ,-0.25641025641025633 ,1.071225071225071 ,0.12108262108262144 ,-0.032051282051281896 ,-0.34330484330484384 ,0.0 ,0.0 ,0.0 ,0.0 ,0.0 ,0.0 ,0.14245014245014254 ,0.2136752136752136 ,-0.08547008547008572 ,-0.14245014245014254 ,0.2136752136752136 ,-0.08547008547008529 ,0.0 ,0.0 ,0.0 ,0.0 ,0.0 ,0.0 ,0.28490028490028485 ,-0.04273504273504282 ,0.08547008547008499 ,-0.2849002849002849 ,-0.042735042735042715 ,0.08547008547008599 ,0.0 ,0.0 ,0.0 ,0.0 ,0.0 ,0.0 ,0.0 ,0.0 ,0.0 ,0.0 ,0.0 ,0.0 ,-0.07122507122507123 ,-0.18162393162393153 ,0.09686609686609689 ,-4.597017211338539e-17 ,0.2564102564102563 ,-0.1937321937321935 ,0.07122507122507125 ,-0.18162393162393156 ,0.09686609686609672 ,0.0 ,0.0 ,0.0 ,0.0 ,0.0 ,0.0 ,0.2136752136752137 ,0.21367521367521355 ,-0.2991452991452994 ,-0.2136752136752137 ,0.21367521367521355 ,-0.2991452991452989 ,0.0 ,0.0 ,0.0 ,0.0 ,0.0 ,0.0 ,0.0 ,0.0 ,0.0 ,0.0 ,0.0 ,0.0 ,-0.035612535612535606 ,-0.09188034188034186 ,-0.058404558404558465 ,-8.673617379884035e-17 ,-0.051282051282051294 ,-0.18233618233618187 ,0.03561253561253568 ,-0.09188034188034179 ,-0.058404558404558604 ,
0.0 ,0.0 ,0.0 ,0.0 ,0.0 ,0.0 ,0.0 ,0.0 ,0.0 ,0.0 ,0.0 ,0.0 ,0.2592592592592594 ,0.007122507122507129 ,0.0032051282051281434 ,-0.407407407407408 ,0.035612535612535634 ,0.07122507122507138 ,0.3831908831908835 ,0.008547008547008551 ,-0.055199430199430265 ,0.0 ,0.0 ,0.0 ,0.0 ,0.0 ,0.0 ,-0.05840455840455827 ,0.03561253561253561 ,0.12179487179487178 ,-0.3433048433048435 ,-0.16381766381766388 ,-0.03205128205128207 ,0.0 ,0.0 ,0.0 ,0.0 ,0.0 ,0.0 ,0.0 ,0.0 ,0.0 ,0.0 ,0.0 ,0.0 ,0.4401709401709406 ,-0.008547008547008496 ,0.00854700854700844 ,-0.8490028490028498 ,-0.1210826210826213 ,0.12108262108262144 ,0.7678062678062687 ,0.20655270655270674 ,-0.2065527065527069 ,0.0 ,0.0 ,0.0 ,0.0 ,0.0 ,0.0 ,0.09686609686609707 ,0.18162393162393164 ,-0.07122507122507127 ,-0.2079772079772081 ,-0.0918803418803419 ,0.07122507122507124 ,0.0 ,0.0 ,0.0 ,0.0 ,0.0 ,0.0 ,-0.05840455840455824 ,-0.12179487179487178 ,-0.03561253561253562 ,-0.3433048433048436 ,0.032051282051282076 ,0.16381766381766374 ,0.0 ,0.0 ,0.0 ,0.0 ,0.0 ,0.0 ,0.0 ,0.0 ,0.0 ,0.0 ,0.0 ,0.0 ,0.08618233618233619 ,-0.05519943019943023 ,0.05519943019943018 ,-0.13105413105413122 ,0.07122507122507125 ,-0.07122507122507116 ,0.24145299145299157 ,0.003205128205128207 ,-0.00320512820512825 ,0.0 ,0.0 ,0.0 ,0.0 ,0.0 ,0.0 ,0.09686609686609701 ,0.07122507122507124 ,-0.18162393162393162 ,-0.2079772079772081 ,-0.07122507122507125 ,0.09188034188034191 ,0.0 ,0.0 ,0.0 ,0.0 ,0.0 ,0.0 ,0.0 ,0.0 ,0.0 ,0.0 ,0.0 ,0.0 ,0.2592592592592594 ,-0.0032051282051282345 ,-0.007122507122507166 ,-0.40740740740740794 ,-0.07122507122507114 ,-0.03561253561253552 ,0.3831908831908834 ,0.05519943019943018 ,-0.008547008547008569 ,
0.0 ,0.0 ,0.0 ,0.0 ,0.0 ,0.0 ,0.0 ,0.0 ,0.0 ,0.0 ,0.0 ,0.0 ,0.007122507122507159 ,0.2592592592592592 ,0.003205128205128153 ,0.035612535612535634 ,-0.058404558404558576 ,0.12179487179487174 ,-0.008547008547008548 ,0.4401709401709404 ,0.008547008547008551 ,0.0 ,0.0 ,0.0 ,0.0 ,0.0 ,0.0 ,0.035612535612535606 ,-0.4074074074074074 ,0.07122507122507125 ,-0.12108262108262113 ,-0.8490028490028494 ,0.12108262108262116 ,0.0 ,0.0 ,0.0 ,0.0 ,0.0 ,0.0 ,0.0 ,0.0 ,0.0 ,0.0 ,0.0 ,0.0 ,0.00854700854700859 ,0.3831908831908833 ,-0.05519943019943021 ,-0.16381766381766405 ,-0.34330484330484384 ,-0.032051282051281896 ,0.20655270655270674 ,0.7678062678062685 ,-0.2065527065527069 ,0.0 ,0.0 ,0.0 ,0.0 ,0.0 ,0.0 ,0.18162393162393167 ,0.09686609686609707 ,-0.07122507122507125 ,-0.12179487179487183 ,-0.05840455840455859 ,-0.03561253561253557 ,0.0 ,0.0 ,0.0 ,0.0 ,0.0 ,0.0 ,-0.09188034188034187 ,-0.20797720797720778 ,0.07122507122507125 ,0.032051282051282055 ,-0.34330484330484357 ,0.1638176638176639 ,0.0 ,0.0 ,0.0 ,0.0 ,0.0 ,0.0 ,0.0 ,0.0 ,0.0 ,0.0 ,0.0 ,0.0 ,-0.05519943019943023 ,0.08618233618233608 ,0.05519943019943019 ,0.07122507122507124 ,0.0968660968660969 ,-0.1816239316239316 ,-0.0032051282051282107 ,0.2592592592592592 ,-0.007122507122507098 ,0.0 ,0.0 ,0.0 ,0.0 ,0.0 ,0.0 ,0.07122507122507123 ,-0.13105413105413088 ,-0.07122507122507123 ,-0.07122507122507127 ,-0.40740740740740733 ,-0.03561253561253562 ,0.0 ,0.0 ,0.0 ,0.0 ,0.0 ,0.0 ,0.0 ,0.0 ,0.0 ,0.0 ,0.0 ,0.0 ,0.003205128205128171 ,0.24145299145299146 ,-0.0032051282051282137 ,-0.0712250712250712 ,-0.2079772079772081 ,0.09188034188034185 ,0.055199430199430174 ,0.3831908831908832 ,-0.008547008547008593 ,
0.0 ,0.0 ,0.0 ,0.0 ,0.0 ,0.0 ,0.0 ,0.0 ,0.0 ,0.0 ,0.0 ,0.0 ,-0.003205128205128282 ,-0.003205128205128278 ,0.24145299145299143 ,0.07122507122507138 ,0.09188034188034185 ,-0.20797720797720815 ,-0.05519943019943026 ,-0.00854700854700859 ,0.3831908831908831 ,0.0 ,0.0 ,0.0 ,0.0 ,0.0 ,0.0 ,0.09188034188034185 ,0.07122507122507128 ,-0.20797720797720795 ,-0.03205128205128204 ,0.163817663817664 ,-0.34330484330484334 ,0.0 ,0.0 ,0.0 ,0.0 ,0.0 ,0.0 ,0.0 ,0.0 ,0.0 ,0.0 ,0.0 ,0.0 ,-0.008547008547008664 ,-0.05519943019943022 ,0.3831908831908833 ,0.1638176638176642 ,-0.032051282051281875 ,-0.34330484330484384 ,-0.2065527065527069 ,-0.2065527065527069 ,0.7678062678062687 ,0.0 ,0.0 ,0.0 ,0.0 ,0.0 ,0.0 ,-0.07122507122507123 ,-0.07122507122507123 ,-0.13105413105413086 ,0.07122507122507124 ,-0.03561253561253557 ,-0.40740740740740733 ,0.0 ,0.0 ,0.0 ,0.0 ,0.0 ,0.0 ,-0.0356125356125356 ,0.07122507122507127 ,-0.40740740740740744 ,0.12108262108262108 ,0.12108262108262112 ,-0.8490028490028495 ,0.0 ,0.0 ,0.0 ,0.0 ,0.0 ,0.0 ,0.0 ,0.0 ,0.0 ,0.0 ,0.0 ,0.0 ,0.055199430199430195 ,0.05519943019943016 ,0.08618233618233617 ,-0.07122507122507117 ,-0.18162393162393156 ,0.09686609686609671 ,0.003205128205128165 ,-0.007122507122507119 ,0.25925925925925924 ,0.0 ,0.0 ,0.0 ,0.0 ,0.0 ,0.0 ,-0.1816239316239316 ,-0.07122507122507124 ,0.09686609686609701 ,0.12179487179487182 ,-0.03561253561253564 ,-0.05840455840455864 ,0.0 ,0.0 ,0.0 ,0.0 ,0.0 ,0.0 ,0.0 ,0.0 ,0.0 ,0.0 ,0.0 ,0.0 ,-0.007122507122507161 ,0.0032051282051282323 ,0.25925925925925947 ,-0.03561253561253556 ,0.12179487179487176 ,-0.0584045584045588 ,0.00854700854700853 ,0.008547008547008506 ,0.4401709401709404 ,
-0.34330484330484334 ,0.032051282051282104 ,-0.12108262108262108 ,0.08547008547008549 ,0.04273504273504269 ,0.28490028490028485 ,-0.058404558404558424 ,0.09188034188034187 ,-0.03561253561253561 ,0.0 ,0.0 ,0.0 ,0.0 ,0.0 ,0.0 ,0.0 ,0.0 ,0.0 ,0.0 ,0.0 ,0.0 ,0.2991452991452991 ,-0.042735042735042764 ,0.04273504273504268 ,-0.299145299145299 ,-0.2136752136752137 ,0.21367521367521367 ,0.0 ,0.0 ,0.0 ,0.0 ,0.0 ,0.0 ,-0.20797720797720792 ,0.12179487179487182 ,-0.0712250712250712 ,-0.08547008547008547 ,-0.21367521367521367 ,0.1424501424501425 ,0.09686609686609689 ,0.18162393162393164 ,-0.07122507122507121 ,0.0 ,0.0 ,0.0 ,0.0 ,0.0 ,0.0 ,0.0 ,0.0 ,0.0 ,0.0 ,0.0 ,0.0 ,1e+50 ,0.25641025641025644 ,-7.501323780884084e-17 ,-0.1823361823361822 ,0.05128205128205125 ,-2.6020852139652106e-18 ,0.0 ,0.0 ,0.0 ,0.0 ,0.0 ,0.0 ,0.33048433048433046 ,-0.05128205128205126 ,-3.003240017784847e-17 ,-0.1937321937321936 ,-0.25641025641025633 ,-3.903127820947816e-18 ,0.0 ,0.0 ,0.0 ,0.0 ,0.0 ,0.0 ,-0.3433048433048434 ,0.032051282051282055 ,0.12108262108262112 ,0.08547008547008554 ,0.042735042735042694 ,-0.28490028490028485 ,-0.05840455840455847 ,0.09188034188034189 ,0.03561253561253559 ,0.0 ,0.0 ,0.0 ,0.0 ,0.0 ,0.0 ,0.0 ,0.0 ,0.0 ,0.0 ,0.0 ,0.0 ,0.2991452991452991 ,-0.04273504273504274 ,-0.042735042735042715 ,-0.299145299145299 ,-0.21367521367521367 ,-0.2136752136752136 ,0.0 ,0.0 ,0.0 ,0.0 ,0.0 ,0.0 ,-0.20797720797720795 ,0.12179487179487178 ,0.07122507122507123 ,-0.08547008547008543 ,-0.21367521367521367 ,-0.14245014245014243 ,0.09686609686609682 ,0.18162393162393162 ,0.07122507122507121 ,0.0 ,0.0 ,0.0 ,0.0 ,0.0 ,0.0 ,0.0 ,0.0 ,0.0 ,0.0 ,0.0 ,0.0 ,
0.0320512820512821 ,-0.34330484330484334 ,-0.12108262108262108 ,-0.042735042735042764 ,0.2991452991452991 ,0.04273504273504269 ,0.12179487179487182 ,-0.20797720797720795 ,-0.07122507122507121 ,0.0 ,0.0 ,0.0 ,0.0 ,0.0 ,0.0 ,0.0 ,0.0 ,0.0 ,0.0 ,0.0 ,0.0 ,0.042735042735042715 ,0.0854700854700854 ,0.28490028490028474 ,-0.21367521367521364 ,-0.08547008547008549 ,0.14245014245014248 ,0.0 ,0.0 ,0.0 ,0.0 ,0.0 ,0.0 ,0.0918803418803419 ,-0.05840455840455841 ,-0.0356125356125356 ,-0.21367521367521372 ,-0.299145299145299 ,0.2136752136752137 ,0.18162393162393167 ,0.09686609686609685 ,-0.07122507122507123 ,0.0 ,0.0 ,0.0 ,0.0 ,0.0 ,0.0 ,0.0 ,0.0 ,0.0 ,0.0 ,0.0 ,0.0 ,0.25641025641025644 ,1e+50 ,-6.667843360785852e-18 ,-0.051282051282051246 ,0.3304843304843304 ,-2.699663409488906e-17 ,0.0 ,0.0 ,0.0 ,0.0 ,0.0 ,0.0 ,0.05128205128205127 ,-0.18233618233618223 ,-4.662069341687669e-18 ,-0.25641025641025633 ,-0.19373219373219358 ,-9.540979117872439e-18 ,0.0 ,0.0 ,0.0 ,0.0 ,0.0 ,0.0 ,0.032051282051282055 ,-0.34330484330484334 ,0.1210826210826211 ,-0.042735042735042764 ,0.29914529914529914 ,-0.0427350427350427 ,0.12179487179487182 ,-0.20797720797720795 ,0.07122507122507123 ,0.0 ,0.0 ,0.0 ,0.0 ,0.0 ,0.0 ,0.0 ,0.0 ,0.0 ,0.0 ,0.0 ,0.0 ,0.042735042735042715 ,0.0854700854700854 ,-0.28490028490028485 ,-0.21367521367521364 ,-0.08547008547008546 ,-0.14245014245014245 ,0.0 ,0.0 ,0.0 ,0.0 ,0.0 ,0.0 ,0.09188034188034187 ,-0.05840455840455843 ,0.03561253561253561 ,-0.21367521367521364 ,-0.2991452991452991 ,-0.2136752136752136 ,0.18162393162393156 ,0.09686609686609682 ,0.07122507122507123 ,0.0 ,0.0 ,0.0 ,0.0 ,0.0 ,0.0 ,0.0 ,0.0 ,0.0 ,0.0 ,0.0 ,0.0 ,
-0.1638176638176638 ,-0.16381766381766374 ,-0.8490028490028493 ,0.28490028490028496 ,-0.04273504273504271 ,0.08547008547008542 ,-0.03561253561253561 ,-0.07122507122507123 ,-0.40740740740740755 ,0.0 ,0.0 ,0.0 ,0.0 ,0.0 ,0.0 ,0.0 ,0.0 ,0.0 ,0.0 ,0.0 ,0.0 ,-0.042735042735042736 ,0.28490028490028496 ,0.08547008547008539 ,0.21367521367521364 ,0.14245014245014243 ,-0.08547008547008546 ,0.0 ,0.0 ,0.0 ,0.0 ,0.0 ,0.0 ,-0.07122507122507121 ,-0.0356125356125356 ,-0.40740740740740744 ,0.14245014245014245 ,0.21367521367521364 ,-0.08547008547008546 ,-0.07122507122507121 ,-0.0712250712250712 ,-0.13105413105413105 ,0.0 ,0.0 ,0.0 ,0.0 ,0.0 ,0.0 ,0.0 ,0.0 ,0.0 ,0.0 ,0.0 ,0.0 ,-7.501323780884084e-17 ,-6.667843360785852e-18 ,1e+50 ,-3.333921680392926e-18 ,-2.6237692574149207e-17 ,0.7293447293447296 ,0.0 ,0.0 ,0.0 ,0.0 ,0.0 ,0.0 ,-2.992397996059992e-17 ,-9.513874063560301e-18 ,0.7293447293447295 ,3.686287386450715e-18 ,-2.3852447794681098e-18 ,0.26210826210826216 ,0.0 ,0.0 ,0.0 ,0.0 ,0.0 ,0.0 ,0.16381766381766388 ,0.16381766381766386 ,-0.8490028490028491 ,-0.2849002849002849 ,0.042735042735042764 ,0.08547008547008554 ,0.0356125356125356 ,0.07122507122507124 ,-0.4074074074074075 ,0.0 ,0.0 ,0.0 ,0.0 ,0.0 ,0.0 ,0.0 ,0.0 ,0.0 ,0.0 ,0.0 ,0.0 ,0.042735042735042764 ,-0.284900284900285 ,0.08547008547008544 ,-0.21367521367521364 ,-0.14245014245014243 ,-0.08547008547008547 ,0.0 ,0.0 ,0.0 ,0.0 ,0.0 ,0.0 ,0.07122507122507123 ,0.03561253561253562 ,-0.40740740740740744 ,-0.14245014245014243 ,-0.21367521367521364 ,-0.08547008547008544 ,0.07122507122507121 ,0.07122507122507121 ,-0.13105413105413108 ,0.0 ,0.0 ,0.0 ,0.0 ,0.0 ,0.0 ,0.0 ,0.0 ,0.0 ,0.0 ,0.0 ,0.0 ,
-0.0584045584045584 ,-0.09188034188034185 ,0.03561253561253561 ,0.08547008547008537 ,-0.04273504273504268 ,-0.2849002849002848 ,-0.6866096866096867 ,-4.163336342344337e-17 ,-2.7755575615628914e-17 ,0.08547008547008554 ,0.042735042735042736 ,0.28490028490028485 ,-0.05840455840455849 ,0.09188034188034189 ,-0.0356125356125356 ,0.0 ,0.0 ,0.0 ,0.0 ,0.0 ,0.0 ,-0.299145299145299 ,0.21367521367521367 ,-0.2136752136752137 ,0.598290598290598 ,3.469446951953614e-17 ,0.0 ,-0.299145299145299 ,-0.21367521367521367 ,0.21367521367521367 ,0.0 ,0.0 ,0.0 ,0.09686609686609685 ,-0.18162393162393162 ,0.07122507122507118 ,-0.08547008547008546 ,0.21367521367521367 ,-0.14245014245014245 ,-0.41595441595441596 ,-1.3877787807814457e-17 ,1.3877787807814457e-17 ,-0.08547008547008544 ,-0.21367521367521364 ,0.14245014245014254 ,0.0968660968660968 ,0.18162393162393162 ,-0.0712250712250712 ,0.0 ,0.0 ,0.0 ,0.0 ,0.0 ,0.0 ,-0.1823361823361822 ,-0.051282051282051246 ,-3.333921680392926e-18 ,2.142450142450143 ,5.551115123125783e-17 ,-8.432382396506011e-17 ,-0.18233618233618235 ,0.051282051282051204 ,1.6479873021779667e-17 ,0.0 ,0.0 ,0.0 ,-0.19373219373219364 ,0.25641025641025633 ,1.951563910473908e-18 ,0.6609686609686609 ,2.7755575615628914e-17 ,-1.4203048459560108e-17 ,-0.19373219373219358 ,-0.25641025641025633 ,7.806255641895632e-18 ,0.0 ,0.0 ,0.0 ,-0.05840455840455841 ,-0.09188034188034189 ,-0.035612535612535606 ,0.0854700854700854 ,-0.042735042735042736 ,0.28490028490028485 ,-0.6866096866096867 ,-2.0816681711721685e-17 ,4.163336342344337e-17 ,0.08547008547008554 ,0.04273504273504272 ,-0.28490028490028474 ,-0.058404558404558486 ,0.09188034188034191 ,0.035612535612535565 ,0.0 ,0.0 ,0.0 ,0.0 ,0.0 ,0.0 ,-0.2991452991452991 ,0.21367521367521364 ,0.2136752136752136 ,0.5982905982905982 ,1.0408340855860843e-16 ,-3.469446951953614e-17 ,-0.299145299145299 ,-0.21367521367521364 ,-0.2136752136752136 ,0.0 ,0.0 ,0.0 ,0.09686609686609682 ,-0.1816239316239316 ,-0.07122507122507123 ,-0.08547008547008544 ,0.21367521367521367 ,0.14245014245014243 ,-0.41595441595441596 ,-2.7755575615628914e-17 ,-1.3877787807814457e-17 ,-0.0854700854700854 ,-0.21367521367521364 ,-0.14245014245014243 ,0.09686609686609679 ,0.18162393162393162 ,0.0712250712250712 ,0.0 ,0.0 ,0.0 ,0.0 ,0.0 ,0.0 ,
-0.12179487179487182 ,-0.20797720797720792 ,-0.07122507122507123 ,0.042735042735042764 ,0.299145299145299 ,0.04273504273504271 ,-2.0816681711721685e-17 ,-0.6866096866096867 ,-0.2421652421652421 ,-0.04273504273504272 ,0.299145299145299 ,0.042735042735042604 ,0.12179487179487179 ,-0.20797720797720798 ,-0.07122507122507118 ,0.0 ,0.0 ,0.0 ,0.0 ,0.0 ,0.0 ,0.21367521367521364 ,-0.08547008547008549 ,0.1424501424501425 ,2.7755575615628914e-17 ,0.17094017094017078 ,0.5698005698005697 ,-0.21367521367521364 ,-0.08547008547008546 ,0.14245014245014248 ,0.0 ,0.0 ,0.0 ,-0.18162393162393167 ,0.09686609686609689 ,-0.07122507122507123 ,0.2136752136752137 ,-0.299145299145299 ,0.2136752136752137 ,0.0 ,-0.11680911680911685 ,-0.07122507122507121 ,-0.2136752136752137 ,-0.2991452991452989 ,0.21367521367521372 ,0.18162393162393162 ,0.09686609686609678 ,-0.07122507122507123 ,0.0 ,0.0 ,0.0 ,0.0 ,0.0 ,0.0 ,0.05128205128205125 ,0.3304843304843304 ,-2.6237692574149207e-17 ,5.551115123125783e-17 ,2.1424501424501425 ,-1.6753634070332257e-16 ,-0.051282051282051336 ,0.33048433048433046 ,-3.599551212651875e-17 ,0.0 ,0.0 ,0.0 ,0.25641025641025633 ,-0.19373219373219364 ,-6.938893903907228e-18 ,3.469446951953614e-17 ,-0.3646723646723645 ,2.3852447794681098e-18 ,-0.25641025641025633 ,-0.19373219373219366 ,1.431146867680866e-17 ,0.0 ,0.0 ,0.0 ,-0.12179487179487179 ,-0.20797720797720792 ,0.07122507122507121 ,0.0427350427350427 ,0.299145299145299 ,-0.04273504273504266 ,-2.0816681711721685e-17 ,-0.6866096866096867 ,0.24216524216524227 ,-0.04273504273504275 ,0.299145299145299 ,-0.04273504273504273 ,0.1217948717948718 ,-0.207977207977208 ,0.07122507122507124 ,0.0 ,0.0 ,0.0 ,0.0 ,0.0 ,0.0 ,0.21367521367521367 ,-0.08547008547008546 ,-0.14245014245014245 ,5.551115123125783e-17 ,0.170940170940171 ,-0.5698005698005697 ,-0.21367521367521367 ,-0.08547008547008543 ,-0.1424501424501424 ,0.0 ,0.0 ,0.0 ,-0.18162393162393156 ,0.09686609686609683 ,0.07122507122507121 ,0.2136752136752136 ,-0.29914529914529897 ,-0.21367521367521358 ,-1.3877787807814457e-17 ,-0.11680911680911696 ,0.07122507122507121 ,-0.21367521367521364 ,-0.299145299145299 ,-0.2136752136752136 ,0.18162393162393156 ,0.09686609686609679 ,0.07122507122507118 ,0.0 ,0.0 ,0.0 ,0.0 ,0.0 ,0.0 ,
0.035612535612535606 ,-0.07122507122507121 ,-0.4074074074074075 ,-0.28490028490028496 ,-0.042735042735042736 ,0.08547008547008542 ,0.0 ,-0.32763532763532754 ,-1.6980056980056983 ,0.284900284900285 ,-0.04273504273504285 ,0.08547008547008537 ,-0.035612535612535634 ,-0.07122507122507118 ,-0.40740740740740755 ,0.0 ,0.0 ,0.0 ,0.0 ,0.0 ,0.0 ,-0.2136752136752137 ,0.14245014245014243 ,-0.08547008547008553 ,-3.469446951953614e-17 ,0.5698005698005699 ,0.17094017094017055 ,0.21367521367521367 ,0.14245014245014243 ,-0.08547008547008542 ,0.0 ,0.0 ,0.0 ,0.07122507122507118 ,-0.07122507122507121 ,-0.13105413105413102 ,-0.14245014245014245 ,0.21367521367521367 ,-0.08547008547008547 ,-1.3877787807814457e-17 ,-0.07122507122507123 ,-0.8148148148148149 ,0.14245014245014248 ,0.21367521367521367 ,-0.08547008547008532 ,-0.07122507122507128 ,-0.07122507122507125 ,-0.13105413105413116 ,0.0 ,0.0 ,0.0 ,0.0 ,0.0 ,0.0 ,-2.6020852139652106e-18 ,-2.699663409488906e-17 ,0.7293447293447296 ,-8.432382396506011e-17 ,-1.6753634070332257e-16 ,3.7378917378917382 ,1.5016200088924236e-17 ,-2.8297676701871666e-17 ,0.7293447293447296 ,0.0 ,0.0 ,0.0 ,4.7704895589362195e-18 ,5.204170427930421e-18 ,0.2621082621082622 ,-6.396792817664476e-18 ,8.782037597132586e-18 ,1.4586894586894585 ,1.5395670849294163e-17 ,6.288372600415926e-18 ,0.26210826210826227 ,0.0 ,0.0 ,0.0 ,-0.03561253561253562 ,0.07122507122507124 ,-0.4074074074074075 ,0.2849002849002849 ,0.042735042735042784 ,0.08547008547008553 ,-2.7755575615628914e-17 ,0.3276353276353277 ,-1.6980056980056981 ,-0.2849002849002849 ,0.042735042735042715 ,0.0854700854700857 ,0.03561253561253557 ,0.07122507122507127 ,-0.40740740740740755 ,0.0 ,0.0 ,0.0 ,0.0 ,0.0 ,0.0 ,0.21367521367521364 ,-0.14245014245014243 ,-0.08547008547008539 ,-2.0816681711721685e-17 ,-0.5698005698005699 ,0.17094017094017105 ,-0.2136752136752136 ,-0.14245014245014237 ,-0.0854700854700853 ,0.0 ,0.0 ,0.0 ,-0.07122507122507123 ,0.07122507122507121 ,-0.13105413105413105 ,0.14245014245014248 ,-0.21367521367521358 ,-0.08547008547008542 ,1.3877787807814457e-17 ,0.07122507122507117 ,-0.814814814814815 ,-0.1424501424501424 ,-0.2136752136752136 ,-0.08547008547008524 ,0.07122507122507121 ,0.07122507122507118 ,-0.13105413105413122 ,0.0 ,0.0 ,0.0 ,0.0 ,0.0 ,0.0 ,
0.0 ,0.0 ,0.0 ,0.0 ,0.0 ,0.0 ,-0.05840455840455831 ,-0.09188034188034183 ,0.03561253561253562 ,0.08547008547008535 ,-0.04273504273504276 ,-0.28490028490028485 ,-0.6866096866096867 ,-9.020562075079397e-17 ,-1.3877787807814457e-17 ,0.08547008547008547 ,0.04273504273504285 ,0.28490028490028485 ,-0.05840455840455839 ,0.09188034188034182 ,-0.0356125356125356 ,0.0 ,0.0 ,0.0 ,-0.299145299145299 ,0.21367521367521364 ,-0.2136752136752137 ,0.5982905982905984 ,1.3877787807814457e-17 ,-6.938893903907228e-18 ,-0.2991452991452994 ,-0.2136752136752137 ,0.21367521367521367 ,0.0 ,0.0 ,0.0 ,0.0 ,0.0 ,0.0 ,0.0968660968660968 ,-0.18162393162393162 ,0.07122507122507118 ,-0.08547008547008544 ,0.2136752136752136 ,-0.1424501424501425 ,-0.4159544159544159 ,1.3877787807814457e-17 ,-1.3877787807814457e-17 ,-0.08547008547008571 ,-0.21367521367521367 ,0.14245014245014254 ,0.09686609686609707 ,0.18162393162393167 ,-0.07122507122507123 ,0.0 ,0.0 ,0.0 ,-0.18233618233618235 ,-0.051282051282051336 ,1.5016200088924236e-17 ,2.1424501424501425 ,1.6653345369377348e-16 ,-6.197570668470265e-17 ,-0.18233618233618235 ,0.051282051282051155 ,-3.1929753979698106e-17 ,0.0 ,0.0 ,0.0 ,-0.19373219373219353 ,0.2564102564102563 ,1.734723475976807e-17 ,0.6609686609686611 ,0.0 ,-4.109126233720062e-17 ,-0.19373219373219375 ,-0.2564102564102563 ,2.168404344971009e-18 ,0.0 ,0.0 ,0.0 ,0.0 ,0.0 ,0.0 ,-0.05840455840455843 ,-0.09188034188034185 ,-0.035612535612535606 ,0.08547008547008542 ,-0.04273504273504276 ,0.2849002849002848 ,-0.6866096866096867 ,-8.326672684688674e-17 ,2.7755575615628914e-17 ,0.08547008547008557 ,0.04273504273504285 ,-0.28490028490028474 ,-0.058404558404558375 ,0.09188034188034183 ,0.03561253561253558 ,0.0 ,0.0 ,0.0 ,-0.299145299145299 ,0.2136752136752136 ,0.2136752136752136 ,0.598290598290598 ,9.020562075079397e-17 ,-4.163336342344337e-17 ,-0.2991452991452992 ,-0.21367521367521367 ,-0.2136752136752136 ,0.0 ,0.0 ,0.0 ,0.0 ,0.0 ,0.0 ,0.09686609686609679 ,-0.1816239316239316 ,-0.07122507122507121 ,-0.0854700854700854 ,0.21367521367521364 ,0.1424501424501424 ,-0.41595441595441607 ,-4.163336342344337e-17 ,-4.163336342344337e-17 ,-0.08547008547008556 ,-0.2136752136752136 ,-0.14245014245014234 ,0.09686609686609697 ,0.1816239316239316 ,0.0712250712250712 ,
0.0 ,0.0 ,0.0 ,0.0 ,0.0 ,0.0 ,-0.12179487179487175 ,-0.20797720797720798 ,-0.0712250712250712 ,0.04273504273504272 ,0.29914529914529914 ,0.042735042735042736 ,-8.326672684688674e-17 ,-0.6866096866096867 ,-0.24216524216524227 ,-0.04273504273504262 ,0.2991452991452991 ,0.042735042735042826 ,0.12179487179487175 ,-0.20797720797720787 ,-0.07122507122507123 ,0.0 ,0.0 ,0.0 ,0.2136752136752136 ,-0.08547008547008547 ,0.14245014245014248 ,4.85722573273506e-17 ,0.17094017094017094 ,0.5698005698005693 ,-0.21367521367521367 ,-0.0854700854700858 ,0.1424501424501425 ,0.0 ,0.0 ,0.0 ,0.0 ,0.0 ,0.0 ,-0.18162393162393162 ,0.09686609686609676 ,-0.07122507122507118 ,0.21367521367521367 ,-0.29914529914529886 ,0.2136752136752136 ,-1.3877787807814457e-17 ,-0.11680911680911686 ,-0.07122507122507118 ,-0.2136752136752136 ,-0.29914529914529914 ,0.2136752136752136 ,0.18162393162393164 ,0.09686609686609707 ,-0.07122507122507123 ,0.0 ,0.0 ,0.0 ,0.051282051282051204 ,0.33048433048433046 ,-2.8297676701871666e-17 ,1.6653345369377348e-16 ,2.142450142450142 ,7.108300493358088e-17 ,-0.05128205128205138 ,0.33048433048433046 ,4.0549161250957866e-17 ,0.0 ,0.0 ,0.0 ,0.25641025641025633 ,-0.19373219373219353 ,-1.6479873021779667e-17 ,-6.938893903907228e-18 ,-0.3646723646723641 ,4.662069341687669e-18 ,-0.25641025641025633 ,-0.1937321937321936 ,1.1709383462843448e-17 ,0.0 ,0.0 ,0.0 ,0.0 ,0.0 ,0.0 ,-0.12179487179487176 ,-0.20797720797720803 ,0.0712250712250712 ,0.04273504273504269 ,0.2991452991452992 ,-0.04273504273504265 ,-7.632783294297951e-17 ,-0.6866096866096866 ,0.2421652421652424 ,-0.04273504273504261 ,0.29914529914529925 ,-0.042735042735042736 ,0.12179487179487171 ,-0.20797720797720778 ,0.0712250712250712 ,0.0 ,0.0 ,0.0 ,0.21367521367521364 ,-0.08547008547008535 ,-0.14245014245014243 ,9.020562075079397e-17 ,0.17094017094017078 ,-0.5698005698005697 ,-0.21367521367521367 ,-0.08547008547008578 ,-0.14245014245014248 ,0.0 ,0.0 ,0.0 ,0.0 ,0.0 ,0.0 ,-0.1816239316239316 ,0.09686609686609675 ,0.07122507122507123 ,0.2136752136752136 ,-0.299145299145299 ,-0.21367521367521364 ,-1.3877787807814457e-17 ,-0.11680911680911704 ,0.07122507122507116 ,-0.2136752136752136 ,-0.2991452991452991 ,-0.21367521367521355 ,0.18162393162393156 ,0.09686609686609703 ,0.07122507122507124 ,
0.0 ,0.0 ,0.0 ,0.0 ,0.0 ,0.0 ,0.03561253561253565 ,-0.0712250712250712 ,-0.4074074074074074 ,-0.284900284900285 ,-0.042735042735042646 ,0.08547008547008549 ,0.0 ,-0.32763532763532777 ,-1.6980056980056983 ,0.2849002849002851 ,-0.04273504273504265 ,0.0854700854700853 ,-0.03561253561253561 ,-0.07122507122507121 ,-0.4074074074074074 ,0.0 ,0.0 ,0.0 ,-0.21367521367521367 ,0.14245014245014245 ,-0.08547008547008547 ,-2.7755575615628914e-17 ,0.5698005698005697 ,0.17094017094017108 ,0.21367521367521367 ,0.1424501424501424 ,-0.08547008547008546 ,0.0 ,0.0 ,0.0 ,0.0 ,0.0 ,0.0 ,0.07122507122507121 ,-0.0712250712250712 ,-0.13105413105413108 ,-0.14245014245014248 ,0.21367521367521364 ,-0.08547008547008553 ,-4.163336342344337e-17 ,-0.07122507122507116 ,-0.8148148148148149 ,0.1424501424501425 ,0.2136752136752136 ,-0.08547008547008572 ,-0.07122507122507127 ,-0.07122507122507125 ,-0.13105413105413086 ,0.0 ,0.0 ,0.0 ,1.6479873021779667e-17 ,-3.599551212651875e-17 ,0.7293447293447296 ,-6.197570668470265e-17 ,7.108300493358088e-17 ,3.7378917378917373 ,-2.5695591487906455e-17 ,2.3960868011929648e-17 ,0.7293447293447295 ,0.0 ,0.0 ,0.0 ,1.3877787807814457e-17 ,-1.929879867024198e-17 ,0.26210826210826227 ,-4.109126233720062e-17 ,-6.198925921185872e-17 ,1.4586894586894592 ,8.239936510889834e-18 ,-1.951563910473908e-17 ,0.262108262108262 ,0.0 ,0.0 ,0.0 ,0.0 ,0.0 ,0.0 ,-0.03561253561253562 ,0.0712250712250712 ,-0.4074074074074075 ,0.28490028490028485 ,0.042735042735042784 ,0.08547008547008558 ,-2.7755575615628914e-17 ,0.327635327635328 ,-1.6980056980056983 ,-0.2849002849002849 ,0.04273504273504265 ,0.08547008547008539 ,0.03561253561253556 ,0.07122507122507124 ,-0.40740740740740744 ,0.0 ,0.0 ,0.0 ,0.21367521367521364 ,-0.14245014245014237 ,-0.08547008547008542 ,-5.551115123125783e-17 ,-0.56980056980057 ,0.17094017094017053 ,-0.2136752136752136 ,-0.14245014245014248 ,-0.08547008547008543 ,0.0 ,0.0 ,0.0 ,0.0 ,0.0 ,0.0 ,-0.07122507122507123 ,0.07122507122507124 ,-0.13105413105413113 ,0.14245014245014243 ,-0.21367521367521367 ,-0.0854700854700854 ,-2.7755575615628914e-17 ,0.07122507122507116 ,-0.8148148148148151 ,-0.14245014245014234 ,-0.2136752136752136 ,-0.08547008547008549 ,0.07122507122507118 ,0.07122507122507127 ,-0.13105413105413094 ,
0.0 ,0.0 ,0.0 ,0.0 ,0.0 ,0.0 ,0.0 ,0.0 ,0.0 ,0.0 ,0.0 ,0.0 ,-0.05840455840455837 ,-0.09188034188034179 ,0.035612535612535655 ,0.08547008547008554 ,-0.04273504273504286 ,-0.28490028490028485 ,-0.34330484330484345 ,-0.032051282051282014 ,0.12108262108262112 ,0.0 ,0.0 ,0.0 ,0.0 ,0.0 ,0.0 ,-0.2991452991452994 ,0.21367521367521364 ,-0.21367521367521367 ,0.29914529914529936 ,0.0427350427350428 ,-0.04273504273504265 ,0.0 ,0.0 ,0.0 ,0.0 ,0.0 ,0.0 ,0.0 ,0.0 ,0.0 ,0.0 ,0.0 ,0.0 ,0.09686609686609683 ,-0.18162393162393162 ,0.07122507122507123 ,-0.08547008547008524 ,0.21367521367521367 ,-0.14245014245014254 ,-0.2079772079772081 ,-0.12179487179487183 ,0.07122507122507124 ,0.0 ,0.0 ,0.0 ,0.0 ,0.0 ,0.0 ,-0.18233618233618235 ,-0.05128205128205138 ,-2.5695591487906455e-17 ,1.071225071225071 ,-0.25641025641025633 ,5.421010862427522e-18 ,0.0 ,0.0 ,0.0 ,0.0 ,0.0 ,0.0 ,-0.19373219373219383 ,0.25641025641025633 ,9.75781955236954e-18 ,0.33048433048433057 ,0.05128205128205126 ,8.673617379884035e-19 ,0.0 ,0.0 ,0.0 ,0.0 ,0.0 ,0.0 ,0.0 ,0.0 ,0.0 ,0.0 ,0.0 ,0.0 ,-0.05840455840455832 ,-0.09188034188034179 ,-0.035612535612535565 ,0.08547008547008524 ,-0.04273504273504288 ,0.28490028490028485 ,-0.34330484330484323 ,-0.03205128205128197 ,-0.12108262108262105 ,0.0 ,0.0 ,0.0 ,0.0 ,0.0 ,0.0 ,-0.29914529914529925 ,0.21367521367521358 ,0.21367521367521364 ,0.29914529914529936 ,0.042735042735042805 ,0.04273504273504269 ,0.0 ,0.0 ,0.0 ,0.0 ,0.0 ,0.0 ,0.0 ,0.0 ,0.0 ,0.0 ,0.0 ,0.0 ,0.09686609686609682 ,-0.18162393162393156 ,-0.07122507122507118 ,-0.08547008547008532 ,0.21367521367521364 ,0.14245014245014237 ,-0.20797720797720806 ,-0.1217948717948718 ,-0.07122507122507121 ,
0.0 ,0.0 ,0.0 ,0.0 ,0.0 ,0.0 ,0.0 ,0.0 ,0.0 ,0.0 ,0.0 ,0.0 ,-0.12179487179487171 ,-0.207977207977208 ,-0.07122507122507123 ,0.042735042735042604 ,0.2991452991452992 ,0.04273504273504274 ,-0.03205128205128201 ,-0.3433048433048435 ,-0.12108262108262105 ,0.0 ,0.0 ,0.0 ,0.0 ,0.0 ,0.0 ,0.2136752136752136 ,-0.08547008547008553 ,0.14245014245014248 ,-0.04273504273504267 ,0.0854700854700859 ,0.2849002849002847 ,0.0 ,0.0 ,0.0 ,0.0 ,0.0 ,0.0 ,0.0 ,0.0 ,0.0 ,0.0 ,0.0 ,0.0 ,-0.18162393162393164 ,0.09686609686609678 ,-0.07122507122507123 ,0.21367521367521367 ,-0.2991452991452989 ,0.2136752136752136 ,-0.0918803418803419 ,-0.05840455840455859 ,-0.03561253561253557 ,0.0 ,0.0 ,0.0 ,0.0 ,0.0 ,0.0 ,0.051282051282051155 ,0.33048433048433046 ,2.3960868011929648e-17 ,-0.25641025641025633 ,1.0712250712250706 ,-8.586881206085195e-17 ,0.0 ,0.0 ,0.0 ,0.0 ,0.0 ,0.0 ,0.25641025641025633 ,-0.1937321937321938 ,-2.0816681711721685e-17 ,-0.05128205128205127 ,-0.1823361823361818 ,-1.0408340855860843e-17 ,0.0 ,0.0 ,0.0 ,0.0 ,0.0 ,0.0 ,0.0 ,0.0 ,0.0 ,0.0 ,0.0 ,0.0 ,-0.12179487179487172 ,-0.20797720797720803 ,0.0712250712250712 ,0.042735042735042555 ,0.29914529914529914 ,-0.04273504273504257 ,-0.032051282051281965 ,-0.34330484330484345 ,0.12108262108262116 ,0.0 ,0.0 ,0.0 ,0.0 ,0.0 ,0.0 ,0.21367521367521364 ,-0.08547008547008546 ,-0.1424501424501424 ,-0.04273504273504264 ,0.08547008547008597 ,-0.28490028490028485 ,0.0 ,0.0 ,0.0 ,0.0 ,0.0 ,0.0 ,0.0 ,0.0 ,0.0 ,0.0 ,0.0 ,0.0 ,-0.18162393162393156 ,0.09686609686609682 ,0.07122507122507118 ,0.2136752136752136 ,-0.29914529914529897 ,-0.2136752136752136 ,-0.0918803418803419 ,-0.058404558404558604 ,0.03561253561253564 ,
0.0 ,0.0 ,0.0 ,0.0 ,0.0 ,0.0 ,0.0 ,0.0 ,0.0 ,0.0 ,0.0 ,0.0 ,0.035612535612535676 ,-0.07122507122507127 ,-0.40740740740740755 ,-0.284900284900285 ,-0.04273504273504259 ,0.08547008547008614 ,0.1638176638176638 ,-0.16381766381766372 ,-0.8490028490028496 ,0.0 ,0.0 ,0.0 ,0.0 ,0.0 ,0.0 ,-0.2136752136752137 ,0.14245014245014243 ,-0.0854700854700856 ,0.04273504273504272 ,0.2849002849002848 ,0.08547008547008578 ,0.0 ,0.0 ,0.0 ,0.0 ,0.0 ,0.0 ,0.0 ,0.0 ,0.0 ,0.0 ,0.0 ,0.0 ,0.07122507122507125 ,-0.07122507122507123 ,-0.13105413105413105 ,-0.1424501424501425 ,0.21367521367521355 ,-0.08547008547008529 ,0.07122507122507124 ,-0.03561253561253557 ,-0.40740740740740733 ,0.0 ,0.0 ,0.0 ,0.0 ,0.0 ,0.0 ,-3.1929753979698106e-17 ,4.0549161250957866e-17 ,0.7293447293447295 ,5.421010862427522e-18 ,-8.586881206085195e-17 ,1.8689458689458682 ,0.0 ,0.0 ,0.0 ,0.0 ,0.0 ,0.0 ,9.107298248878237e-18 ,-2.4936649967166602e-17 ,0.26210826210826194 ,-6.938893903907228e-18 ,-3.122502256758253e-17 ,0.7293447293447293 ,0.0 ,0.0 ,0.0 ,0.0 ,0.0 ,0.0 ,0.0 ,0.0 ,0.0 ,0.0 ,0.0 ,0.0 ,-0.035612535612535585 ,0.07122507122507125 ,-0.40740740740740755 ,0.28490028490028485 ,0.042735042735042854 ,0.0854700854700855 ,-0.16381766381766383 ,0.16381766381766388 ,-0.8490028490028488 ,0.0 ,0.0 ,0.0 ,0.0 ,0.0 ,0.0 ,0.21367521367521364 ,-0.14245014245014243 ,-0.08547008547008568 ,-0.042735042735042736 ,-0.28490028490028496 ,0.08547008547008583 ,0.0 ,0.0 ,0.0 ,0.0 ,0.0 ,0.0 ,0.0 ,0.0 ,0.0 ,0.0 ,0.0 ,0.0 ,-0.0712250712250712 ,0.07122507122507121 ,-0.13105413105413108 ,0.14245014245014243 ,-0.21367521367521364 ,-0.08547008547008528 ,-0.07122507122507118 ,0.035612535612535676 ,-0.40740740740740733 ,
-0.20797720797720795 ,-0.1217948717948718 ,-0.07122507122507123 ,-0.08547008547008551 ,0.21367521367521364 ,0.1424501424501425 ,0.09686609686609682 ,-0.18162393162393162 ,-0.07122507122507123 ,0.0 ,0.0 ,0.0 ,0.0 ,0.0 ,0.0 ,0.0 ,0.0 ,0.0 ,0.0 ,0.0 ,0.0 ,0.299145299145299 ,0.04273504273504277 ,0.042735042735042715 ,-0.299145299145299 ,0.2136752136752137 ,0.2136752136752137 ,0.0 ,0.0 ,0.0 ,0.0 ,0.0 ,0.0 ,-0.34330484330484334 ,-0.0320512820512821 ,-0.12108262108262109 ,0.08547008547008542 ,-0.04273504273504269 ,0.2849002849002849 ,-0.05840455840455841 ,-0.09188034188034189 ,-0.035612535612535606 ,0.0 ,0.0 ,0.0 ,0.0 ,0.0 ,0.0 ,0.0 ,0.0 ,0.0 ,0.0 ,0.0 ,0.0 ,0.33048433048433046 ,0.05128205128205127 ,-2.992397996059992e-17 ,-0.19373219373219364 ,0.25641025641025633 ,4.7704895589362195e-18 ,0.0 ,0.0 ,0.0 ,0.0 ,0.0 ,0.0 ,1e+50 ,-0.2564102564102564 ,-7.45931094670027e-17 ,-0.18233618233618226 ,-0.05128205128205125 ,6.938893903907228e-18 ,0.0 ,0.0 ,0.0 ,0.0 ,0.0 ,0.0 ,-0.20797720797720792 ,-0.12179487179487179 ,0.07122507122507123 ,-0.08547008547008542 ,0.21367521367521364 ,-0.14245014245014243 ,0.09686609686609682 ,-0.1816239316239316 ,0.07122507122507121 ,0.0 ,0.0 ,0.0 ,0.0 ,0.0 ,0.0 ,0.0 ,0.0 ,0.0 ,0.0 ,0.0 ,0.0 ,0.29914529914529914 ,0.042735042735042736 ,-0.042735042735042694 ,-0.2991452991452991 ,0.21367521367521367 ,-0.21367521367521358 ,0.0 ,0.0 ,0.0 ,0.0 ,0.0 ,0.0 ,-0.34330484330484334 ,-0.03205128205128206 ,0.1210826210826211 ,0.08547008547008553 ,-0.04273504273504271 ,-0.2849002849002849 ,-0.05840455840455847 ,-0.09188034188034187 ,0.03561253561253557 ,0.0 ,0.0 ,0.0 ,0.0 ,0.0 ,0.0 ,0.0 ,0.0 ,0.0 ,0.0 ,0.0 ,0.0 ,
-0.09188034188034186 ,-0.05840455840455841 ,0.035612535612535606 ,0.21367521367521367 ,-0.299145299145299 ,-0.2136752136752137 ,-0.18162393162393162 ,0.09686609686609683 ,0.0712250712250712 ,0.0 ,0.0 ,0.0 ,0.0 ,0.0 ,0.0 ,0.0 ,0.0 ,0.0 ,0.0 ,0.0 ,0.0 ,-0.04273504273504273 ,0.08547008547008544 ,-0.28490028490028485 ,0.2136752136752137 ,-0.08547008547008546 ,-0.14245014245014245 ,0.0 ,0.0 ,0.0 ,0.0 ,0.0 ,0.0 ,-0.03205128205128209 ,-0.3433048433048433 ,0.1210826210826211 ,0.042735042735042764 ,0.299145299145299 ,-0.04273504273504271 ,-0.1217948717948718 ,-0.20797720797720795 ,0.07122507122507121 ,0.0 ,0.0 ,0.0 ,0.0 ,0.0 ,0.0 ,0.0 ,0.0 ,0.0 ,0.0 ,0.0 ,0.0 ,-0.05128205128205126 ,-0.18233618233618223 ,-9.513874063560301e-18 ,0.25641025641025633 ,-0.19373219373219364 ,5.204170427930421e-18 ,0.0 ,0.0 ,0.0 ,0.0 ,0.0 ,0.0 ,-0.2564102564102564 ,1e+50 ,9.432558900623889e-18 ,0.051282051282051266 ,0.3304843304843304 ,-8.673617379884035e-18 ,0.0 ,0.0 ,0.0 ,0.0 ,0.0 ,0.0 ,-0.09188034188034187 ,-0.058404558404558445 ,-0.03561253561253559 ,0.21367521367521364 ,-0.2991452991452991 ,0.21367521367521364 ,-0.1816239316239316 ,0.09686609686609683 ,-0.07122507122507123 ,0.0 ,0.0 ,0.0 ,0.0 ,0.0 ,0.0 ,0.0 ,0.0 ,0.0 ,0.0 ,0.0 ,0.0 ,-0.04273504273504271 ,0.08547008547008547 ,0.28490028490028485 ,0.21367521367521367 ,-0.08547008547008542 ,0.1424501424501424 ,0.0 ,0.0 ,0.0 ,0.0 ,0.0 ,0.0 ,-0.03205128205128205 ,-0.3433048433048434 ,-0.12108262108262109 ,0.04273504273504274 ,0.299145299145299 ,0.042735042735042694 ,-0.1217948717948718 ,-0.20797720797720798 ,-0.07122507122507123 ,0.0 ,0.0 ,0.0 ,0.0 ,0.0 ,0.0 ,0.0 ,0.0 ,0.0 ,0.0 ,0.0 ,0.0 ,
-0.07122507122507123 ,0.03561253561253565 ,-0.40740740740740744 ,0.14245014245014245 ,-0.21367521367521367 ,-0.08547008547008551 ,-0.07122507122507123 ,0.07122507122507121 ,-0.13105413105413102 ,0.0 ,0.0 ,0.0 ,0.0 ,0.0 ,0.0 ,0.0 ,0.0 ,0.0 ,0.0 ,0.0 ,0.0 ,-0.042735042735042764 ,-0.2849002849002851 ,0.08547008547008546 ,0.21367521367521367 ,-0.14245014245014243 ,-0.08547008547008543 ,0.0 ,0.0 ,0.0 ,0.0 ,0.0 ,0.0 ,-0.1638176638176638 ,0.16381766381766383 ,-0.849002849002849 ,0.284900284900285 ,0.042735042735042784 ,0.08547008547008539 ,-0.03561253561253561 ,0.07122507122507121 ,-0.40740740740740744 ,0.0 ,0.0 ,0.0 ,0.0 ,0.0 ,0.0 ,0.0 ,0.0 ,0.0 ,0.0 ,0.0 ,0.0 ,-3.003240017784847e-17 ,-4.662069341687669e-18 ,0.7293447293447295 ,1.951563910473908e-18 ,-6.938893903907228e-18 ,0.2621082621082622 ,0.0 ,0.0 ,0.0 ,0.0 ,0.0 ,0.0 ,-7.45931094670027e-17 ,9.432558900623889e-18 ,1e+50 ,1.0408340855860843e-17 ,0.0 ,0.7293447293447293 ,0.0 ,0.0 ,0.0 ,0.0 ,0.0 ,0.0 ,0.07122507122507121 ,-0.03561253561253559 ,-0.40740740740740755 ,-0.14245014245014243 ,0.21367521367521364 ,-0.0854700854700854 ,0.07122507122507121 ,-0.07122507122507121 ,-0.13105413105413105 ,0.0 ,0.0 ,0.0 ,0.0 ,0.0 ,0.0 ,0.0 ,0.0 ,0.0 ,0.0 ,0.0 ,0.0 ,0.042735042735042764 ,0.2849002849002849 ,0.08547008547008564 ,-0.2136752136752136 ,0.14245014245014243 ,-0.08547008547008539 ,0.0 ,0.0 ,0.0 ,0.0 ,0.0 ,0.0 ,0.16381766381766386 ,-0.16381766381766383 ,-0.8490028490028492 ,-0.28490028490028485 ,-0.042735042735042736 ,0.08547008547008553 ,0.03561253561253558 ,-0.07122507122507121 ,-0.4074074074074075 ,0.0 ,0.0 ,0.0 ,0.0 ,0.0 ,0.0 ,0.0 ,0.0 ,0.0 ,0.0 ,0.0 ,0.0 ,
0.0968660968660968 ,0.18162393162393164 ,0.07122507122507121 ,-0.08547008547008546 ,-0.21367521367521367 ,-0.1424501424501425 ,-0.41595441595441596 ,0.0 ,-1.3877787807814457e-17 ,-0.08547008547008544 ,0.21367521367521367 ,0.14245014245014254 ,0.09686609686609679 ,-0.18162393162393162 ,-0.07122507122507121 ,0.0 ,0.0 ,0.0 ,0.0 ,0.0 ,0.0 ,-0.299145299145299 ,-0.21367521367521367 ,-0.21367521367521364 ,0.5982905982905979 ,6.938893903907228e-18 ,0.0 ,-0.299145299145299 ,0.21367521367521367 ,0.21367521367521367 ,0.0 ,0.0 ,0.0 ,-0.058404558404558465 ,0.09188034188034187 ,0.035612535612535585 ,0.08547008547008547 ,0.0427350427350427 ,-0.28490028490028485 ,-0.6866096866096866 ,-2.7755575615628914e-17 ,-4.163336342344337e-17 ,0.08547008547008535 ,-0.042735042735042646 ,0.28490028490028485 ,-0.05840455840455846 ,-0.09188034188034191 ,-0.0356125356125356 ,0.0 ,0.0 ,0.0 ,0.0 ,0.0 ,0.0 ,-0.1937321937321936 ,-0.25641025641025633 ,3.686287386450715e-18 ,0.6609686609686609 ,3.469446951953614e-17 ,-6.396792817664476e-18 ,-0.19373219373219353 ,0.25641025641025633 ,1.3877787807814457e-17 ,0.0 ,0.0 ,0.0 ,-0.18233618233618226 ,0.051282051282051266 ,1.0408340855860843e-17 ,2.142450142450142 ,0.0 ,-2.6020852139652106e-18 ,-0.18233618233618226 ,-0.051282051282051266 ,4.85722573273506e-17 ,0.0 ,0.0 ,0.0 ,0.09686609686609682 ,0.18162393162393162 ,-0.07122507122507121 ,-0.08547008547008544 ,-0.21367521367521364 ,0.14245014245014243 ,-0.41595441595441596 ,0.0 ,1.3877787807814457e-17 ,-0.08547008547008537 ,0.21367521367521364 ,-0.14245014245014243 ,0.09686609686609675 ,-0.1816239316239316 ,0.0712250712250712 ,0.0 ,0.0 ,0.0 ,0.0 ,0.0 ,0.0 ,-0.2991452991452991 ,-0.21367521367521364 ,0.2136752136752136 ,0.598290598290598 ,2.0816681711721685e-17 ,-4.163336342344337e-17 ,-0.29914529914529897 ,0.21367521367521364 ,-0.21367521367521358 ,0.0 ,0.0 ,0.0 ,-0.058404558404558465 ,0.09188034188034187 ,-0.035612535612535606 ,0.0854700854700855 ,0.0427350427350427 ,0.28490028490028496 ,-0.6866096866096867 ,-2.0816681711721685e-17 ,-2.7755575615628914e-17 ,0.08547008547008547 ,-0.04273504273504265 ,-0.2849002849002849 ,-0.05840455840455846 ,-0.09188034188034193 ,0.035612535612535565 ,0.0 ,0.0 ,0.0 ,0.0 ,0.0 ,0.0 ,
0.18162393162393164 ,0.09686609686609682 ,0.0712250712250712 ,-0.2136752136752137 ,-0.29914529914529897 ,-0.21367521367521364 ,-2.7755575615628914e-17 ,-0.11680911680911693 ,0.0712250712250712 ,0.2136752136752137 ,-0.2991452991452989 ,-0.21367521367521367 ,-0.18162393162393162 ,0.09686609686609673 ,0.07122507122507121 ,0.0 ,0.0 ,0.0 ,0.0 ,0.0 ,0.0 ,-0.21367521367521367 ,-0.08547008547008546 ,-0.14245014245014245 ,-1.3877787807814457e-17 ,0.17094017094017086 ,-0.5698005698005697 ,0.21367521367521367 ,-0.08547008547008542 ,-0.14245014245014248 ,0.0 ,0.0 ,0.0 ,0.1217948717948718 ,-0.20797720797720798 ,0.07122507122507123 ,-0.04273504273504277 ,0.299145299145299 ,-0.042735042735042715 ,-3.469446951953614e-17 ,-0.6866096866096866 ,0.24216524216524216 ,0.04273504273504282 ,0.29914529914529897 ,-0.042735042735042625 ,-0.12179487179487183 ,-0.207977207977208 ,0.07122507122507121 ,0.0 ,0.0 ,0.0 ,0.0 ,0.0 ,0.0 ,-0.25641025641025633 ,-0.19373219373219358 ,-2.3852447794681098e-18 ,2.7755575615628914e-17 ,-0.3646723646723645 ,8.782037597132586e-18 ,0.2564102564102563 ,-0.19373219373219353 ,-1.929879867024198e-17 ,0.0 ,0.0 ,0.0 ,-0.05128205128205125 ,0.3304843304843304 ,0.0 ,0.0 ,2.1424501424501425 ,7.546047120499111e-17 ,0.05128205128205127 ,0.33048433048433046 ,1.734723475976807e-18 ,0.0 ,0.0 ,0.0 ,0.18162393162393162 ,0.09686609686609679 ,-0.07122507122507121 ,-0.21367521367521367 ,-0.2991452991452991 ,0.21367521367521364 ,-1.3877787807814457e-17 ,-0.11680911680911693 ,-0.07122507122507124 ,0.21367521367521364 ,-0.29914529914529897 ,0.21367521367521358 ,-0.18162393162393156 ,0.09686609686609672 ,-0.0712250712250712 ,0.0 ,0.0 ,0.0 ,0.0 ,0.0 ,0.0 ,-0.21367521367521364 ,-0.08547008547008539 ,0.1424501424501424 ,6.938893903907228e-18 ,0.17094017094017092 ,0.5698005698005699 ,0.21367521367521364 ,-0.08547008547008533 ,0.1424501424501424 ,0.0 ,0.0 ,0.0 ,0.1217948717948718 ,-0.20797720797720795 ,-0.07122507122507121 ,-0.042735042735042764 ,0.29914529914529914 ,0.04273504273504271 ,-1.3877787807814457e-17 ,-0.6866096866096867 ,-0.2421652421652422 ,0.04273504273504281 ,0.299145299145299 ,0.042735042735042666 ,-0.12179487179487183 ,-0.20797720797720798 ,-0.07122507122507124 ,0.0 ,0.0 ,0.0 ,0.0 ,0.0 ,0.0 ,
0.07122507122507121 ,0.07122507122507124 ,-0.13105413105413102 ,-0.14245014245014245 ,-0.2136752136752137 ,-0.08547008547008553 ,-1.3877787807814457e-17 ,0.07122507122507123 ,-0.8148148148148151 ,0.14245014245014248 ,-0.2136752136752137 ,-0.08547008547008529 ,-0.07122507122507124 ,0.07122507122507124 ,-0.13105413105413116 ,0.0 ,0.0 ,0.0 ,0.0 ,0.0 ,0.0 ,-0.21367521367521367 ,-0.14245014245014243 ,-0.0854700854700855 ,2.0816681711721685e-17 ,-0.5698005698005699 ,0.17094017094017072 ,0.21367521367521367 ,-0.14245014245014248 ,-0.08547008547008536 ,0.0 ,0.0 ,0.0 ,0.03561253561253559 ,0.07122507122507124 ,-0.4074074074074075 ,-0.2849002849002849 ,0.04273504273504274 ,0.08547008547008543 ,-2.7755575615628914e-17 ,0.32763532763532766 ,-1.698005698005698 ,0.284900284900285 ,0.04273504273504287 ,0.08547008547008536 ,-0.035612535612535606 ,0.07122507122507121 ,-0.40740740740740766 ,0.0 ,0.0 ,0.0 ,0.0 ,0.0 ,0.0 ,-3.903127820947816e-18 ,-9.540979117872439e-18 ,0.26210826210826216 ,-1.4203048459560108e-17 ,2.3852447794681098e-18 ,1.4586894586894585 ,1.734723475976807e-17 ,-1.6479873021779667e-17 ,0.26210826210826227 ,0.0 ,0.0 ,0.0 ,6.938893903907228e-18 ,-8.673617379884035e-18 ,0.7293447293447293 ,-2.6020852139652106e-18 ,7.546047120499111e-17 ,3.7378917378917382 ,4.683753385137379e-17 ,-2.6020852139652106e-18 ,0.7293447293447295 ,0.0 ,0.0 ,0.0 ,-0.07122507122507123 ,-0.07122507122507121 ,-0.13105413105413108 ,0.14245014245014245 ,0.2136752136752136 ,-0.08547008547008533 ,0.0 ,-0.0712250712250713 ,-0.8148148148148152 ,-0.1424501424501424 ,0.2136752136752136 ,-0.0854700854700852 ,0.07122507122507118 ,-0.07122507122507121 ,-0.1310541310541313 ,0.0 ,0.0 ,0.0 ,0.0 ,0.0 ,0.0 ,0.2136752136752136 ,0.14245014245014243 ,-0.08547008547008533 ,-3.469446951953614e-17 ,0.5698005698005699 ,0.17094017094017122 ,-0.21367521367521358 ,0.14245014245014243 ,-0.08547008547008522 ,0.0 ,0.0 ,0.0 ,-0.035612535612535606 ,-0.07122507122507123 ,-0.40740740740740744 ,0.28490028490028496 ,-0.04273504273504273 ,0.08547008547008574 ,-2.7755575615628914e-17 ,-0.3276353276353277 ,-1.6980056980056988 ,-0.2849002849002849 ,-0.04273504273504275 ,0.08547008547008544 ,0.03561253561253556 ,-0.07122507122507125 ,-0.40740740740740755 ,0.0 ,0.0 ,0.0 ,0.0 ,0.0 ,0.0 ,
0.0 ,0.0 ,0.0 ,0.0 ,0.0 ,0.0 ,0.09686609686609679 ,0.18162393162393164 ,0.0712250712250712 ,-0.0854700854700855 ,-0.2136752136752137 ,-0.1424501424501425 ,-0.41595441595441585 ,4.163336342344337e-17 ,-1.3877787807814457e-17 ,-0.08547008547008574 ,0.2136752136752137 ,0.14245014245014256 ,0.09686609686609708 ,-0.18162393162393167 ,-0.07122507122507125 ,0.0 ,0.0 ,0.0 ,-0.299145299145299 ,-0.21367521367521364 ,-0.21367521367521364 ,0.5982905982905982 ,-5.551115123125783e-17 ,-6.938893903907228e-18 ,-0.2991452991452994 ,0.21367521367521375 ,0.2136752136752137 ,0.0 ,0.0 ,0.0 ,0.0 ,0.0 ,0.0 ,-0.05840455840455851 ,0.0918803418803419 ,0.03561253561253559 ,0.08547008547008556 ,0.04273504273504266 ,-0.2849002849002848 ,-0.6866096866096865 ,9.020562075079397e-17 ,-6.938893903907228e-17 ,0.0854700854700851 ,-0.042735042735042784 ,0.28490028490028485 ,-0.05840455840455823 ,-0.09188034188034187 ,-0.0356125356125356 ,0.0 ,0.0 ,0.0 ,-0.19373219373219358 ,-0.25641025641025633 ,1.5395670849294163e-17 ,0.6609686609686611 ,-6.938893903907228e-18 ,-4.109126233720062e-17 ,-0.19373219373219383 ,0.25641025641025633 ,9.107298248878237e-18 ,0.0 ,0.0 ,0.0 ,-0.18233618233618226 ,0.05128205128205127 ,4.683753385137379e-17 ,2.142450142450143 ,-2.220446049250313e-16 ,-5.898059818321144e-17 ,-0.18233618233618254 ,-0.051282051282051044 ,4.5102810375396984e-17 ,0.0 ,0.0 ,0.0 ,0.0 ,0.0 ,0.0 ,0.09686609686609682 ,0.18162393162393162 ,-0.07122507122507121 ,-0.08547008547008549 ,-0.21367521367521364 ,0.1424501424501424 ,-0.41595441595441596 ,2.7755575615628914e-17 ,0.0 ,-0.08547008547008557 ,0.21367521367521367 ,-0.14245014245014234 ,0.09686609686609701 ,-0.1816239316239316 ,0.07122507122507117 ,0.0 ,0.0 ,0.0 ,-0.299145299145299 ,-0.21367521367521364 ,0.2136752136752136 ,0.5982905982905982 ,-2.0816681711721685e-17 ,-5.551115123125783e-17 ,-0.29914529914529925 ,0.21367521367521372 ,-0.21367521367521358 ,0.0 ,0.0 ,0.0 ,0.0 ,0.0 ,0.0 ,-0.05840455840455852 ,0.0918803418803419 ,-0.03561253561253562 ,0.08547008547008556 ,0.042735042735042646 ,0.28490028490028496 ,-0.6866096866096869 ,1.3183898417423734e-16 ,-4.163336342344337e-17 ,0.08547008547008553 ,-0.042735042735042826 ,-0.28490028490028485 ,-0.05840455840455831 ,-0.09188034188034185 ,0.03561253561253558 ,
0.0 ,0.0 ,0.0 ,0.0 ,0.0 ,0.0 ,0.18162393162393164 ,0.09686609686609685 ,0.07122507122507117 ,-0.21367521367521364 ,-0.29914529914529914 ,-0.21367521367521364 ,0.0 ,-0.1168091168091167 ,0.07122507122507128 ,0.21367521367521364 ,-0.29914529914529936 ,-0.21367521367521372 ,-0.18162393162393167 ,0.09686609686609719 ,0.0712250712250713 ,0.0 ,0.0 ,0.0 ,-0.2136752136752137 ,-0.08547008547008546 ,-0.14245014245014245 ,-5.551115123125783e-17 ,0.17094017094017078 ,-0.5698005698005697 ,0.21367521367521372 ,-0.08547008547008589 ,-0.1424501424501426 ,0.0 ,0.0 ,0.0 ,0.0 ,0.0 ,0.0 ,0.12179487179487183 ,-0.20797720797720787 ,0.07122507122507121 ,-0.042735042735042805 ,0.29914529914529897 ,-0.04273504273504278 ,1.1102230246251565e-16 ,-0.6866096866096866 ,0.24216524216524232 ,0.04273504273504267 ,0.2991452991452989 ,-0.04273504273504282 ,-0.12179487179487178 ,-0.20797720797720778 ,0.07122507122507127 ,0.0 ,0.0 ,0.0 ,-0.25641025641025633 ,-0.19373219373219366 ,6.288372600415926e-18 ,0.0 ,-0.3646723646723641 ,-6.198925921185872e-17 ,0.25641025641025633 ,-0.1937321937321938 ,-2.4936649967166602e-17 ,0.0 ,0.0 ,0.0 ,-0.051282051282051266 ,0.33048433048433046 ,-2.6020852139652106e-18 ,-2.220446049250313e-16 ,2.1424501424501425 ,-1.2457482961858446e-16 ,0.05128205128205149 ,0.33048433048433035 ,-5.811323644522304e-17 ,0.0 ,0.0 ,0.0 ,0.0 ,0.0 ,0.0 ,0.18162393162393162 ,0.09686609686609687 ,-0.07122507122507121 ,-0.21367521367521367 ,-0.29914529914529925 ,0.21367521367521364 ,1.3877787807814457e-17 ,-0.1168091168091169 ,-0.07122507122507113 ,0.21367521367521364 ,-0.2991452991452992 ,0.21367521367521355 ,-0.18162393162393162 ,0.09686609686609711 ,-0.07122507122507121 ,0.0 ,0.0 ,0.0 ,-0.2136752136752137 ,-0.08547008547008547 ,0.14245014245014248 ,-4.163336342344337e-17 ,0.1709401709401706 ,0.5698005698005699 ,0.21367521367521372 ,-0.08547008547008576 ,0.1424501424501424 ,0.0 ,0.0 ,0.0 ,0.0 ,0.0 ,0.0 ,0.12179487179487182 ,-0.20797720797720792 ,-0.0712250712250712 ,-0.04273504273504281 ,0.2991452991452992 ,0.04273504273504272 ,1.1102230246251565e-16 ,-0.6866096866096867 ,-0.24216524216524227 ,0.04273504273504265 ,0.29914529914529925 ,0.04273504273504273 ,-0.12179487179487179 ,-0.20797720797720778 ,-0.07122507122507116 ,
0.0 ,0.0 ,0.0 ,0.0 ,0.0 ,0.0 ,0.07122507122507125 ,0.0712250712250712 ,-0.13105413105413102 ,-0.14245014245014248 ,-0.21367521367521367 ,-0.08547008547008558 ,-2.7755575615628914e-17 ,0.07122507122507128 ,-0.8148148148148149 ,0.1424501424501425 ,-0.21367521367521364 ,-0.08547008547008583 ,-0.07122507122507127 ,0.07122507122507134 ,-0.13105413105413077 ,0.0 ,0.0 ,0.0 ,-0.21367521367521367 ,-0.14245014245014243 ,-0.08547008547008553 ,2.0816681711721685e-17 ,-0.5698005698005699 ,0.1709401709401711 ,0.21367521367521367 ,-0.1424501424501426 ,-0.08547008547008557 ,0.0 ,0.0 ,0.0 ,0.0 ,0.0 ,0.0 ,0.03561253561253562 ,0.07122507122507121 ,-0.4074074074074074 ,-0.28490028490028496 ,0.042735042735042666 ,0.08547008547008556 ,-5.551115123125783e-17 ,0.3276353276353279 ,-1.6980056980056981 ,0.284900284900285 ,0.042735042735042646 ,0.08547008547008499 ,-0.03561253561253562 ,0.07122507122507125 ,-0.40740740740740744 ,0.0 ,0.0 ,0.0 ,7.806255641895632e-18 ,1.431146867680866e-17 ,0.26210826210826227 ,-4.109126233720062e-17 ,4.662069341687669e-18 ,1.4586894586894592 ,9.75781955236954e-18 ,-2.0816681711721685e-17 ,0.26210826210826194 ,0.0 ,0.0 ,0.0 ,4.85722573273506e-17 ,1.734723475976807e-18 ,0.7293447293447295 ,-5.898059818321144e-17 ,-1.2457482961858446e-16 ,3.737891737891739 ,5.898059818321144e-17 ,-4.163336342344337e-17 ,0.7293447293447295 ,0.0 ,0.0 ,0.0 ,0.0 ,0.0 ,0.0 ,-0.07122507122507123 ,-0.07122507122507124 ,-0.13105413105413113 ,0.1424501424501424 ,0.21367521367521364 ,-0.0854700854700854 ,-1.3877787807814457e-17 ,-0.07122507122507116 ,-0.8148148148148151 ,-0.14245014245014237 ,0.2136752136752136 ,-0.08547008547008544 ,0.07122507122507117 ,-0.07122507122507121 ,-0.131054131054131 ,0.0 ,0.0 ,0.0 ,0.21367521367521367 ,0.14245014245014248 ,-0.08547008547008539 ,-9.020562075079397e-17 ,0.5698005698005699 ,0.17094017094017078 ,-0.21367521367521358 ,0.14245014245014243 ,-0.08547008547008532 ,0.0 ,0.0 ,0.0 ,0.0 ,0.0 ,0.0 ,-0.035612535612535634 ,-0.0712250712250712 ,-0.4074074074074075 ,0.28490028490028496 ,-0.042735042735042764 ,0.08547008547008567 ,-1.1102230246251565e-16 ,-0.3276353276353279 ,-1.6980056980056992 ,-0.28490028490028485 ,-0.042735042735042736 ,0.08547008547008575 ,0.03561253561253555 ,-0.07122507122507118 ,-0.40740740740740744 ,
0.0 ,0.0 ,0.0 ,0.0 ,0.0 ,0.0 ,0.0 ,0.0 ,0.0 ,0.0 ,0.0 ,0.0 ,0.09686609686609676 ,0.1816239316239316 ,0.07122507122507123 ,-0.08547008547008524 ,-0.2136752136752137 ,-0.14245014245014256 ,-0.20797720797720817 ,0.12179487179487183 ,0.07122507122507125 ,0.0 ,0.0 ,0.0 ,0.0 ,0.0 ,0.0 ,-0.2991452991452992 ,-0.2136752136752136 ,-0.21367521367521367 ,0.2991452991452994 ,-0.04273504273504282 ,-0.042735042735042715 ,0.0 ,0.0 ,0.0 ,0.0 ,0.0 ,0.0 ,0.0 ,0.0 ,0.0 ,0.0 ,0.0 ,0.0 ,-0.05840455840455845 ,0.0918803418803418 ,0.03561253561253562 ,0.08547008547008576 ,0.042735042735042805 ,-0.2849002849002849 ,-0.3433048433048436 ,0.032051282051282055 ,0.12108262108262108 ,0.0 ,0.0 ,0.0 ,0.0 ,0.0 ,0.0 ,-0.19373219373219375 ,-0.25641025641025633 ,8.239936510889834e-18 ,0.33048433048433057 ,-0.05128205128205127 ,-6.938893903907228e-18 ,0.0 ,0.0 ,0.0 ,0.0 ,0.0 ,0.0 ,-0.18233618233618254 ,0.05128205128205149 ,5.898059818321144e-17 ,1.071225071225071 ,0.25641025641025605 ,-2.7755575615628914e-17 ,0.0 ,0.0 ,0.0 ,0.0 ,0.0 ,0.0 ,0.0 ,0.0 ,0.0 ,0.0 ,0.0 ,0.0 ,0.09686609686609679 ,0.18162393162393156 ,-0.07122507122507121 ,-0.08547008547008528 ,-0.21367521367521364 ,0.14245014245014237 ,-0.20797720797720812 ,0.12179487179487182 ,-0.07122507122507118 ,0.0 ,0.0 ,0.0 ,0.0 ,0.0 ,0.0 ,-0.2991452991452992 ,-0.2136752136752136 ,0.21367521367521364 ,0.2991452991452994 ,-0.04273504273504278 ,0.042735042735042646 ,0.0 ,0.0 ,0.0 ,0.0 ,0.0 ,0.0 ,0.0 ,0.0 ,0.0 ,0.0 ,0.0 ,0.0 ,-0.05840455840455852 ,0.0918803418803418 ,-0.03561253561253558 ,0.0854700854700856 ,0.042735042735042826 ,0.28490028490028485 ,-0.34330484330484345 ,0.03205128205128202 ,-0.12108262108262113 ,
0.0 ,0.0 ,0.0 ,0.0 ,0.0 ,0.0 ,0.0 ,0.0 ,0.0 ,0.0 ,0.0 ,0.0 ,0.1816239316239316 ,0.09686609686609662 ,0.0712250712250712 ,-0.21367521367521367 ,-0.29914529914529875 ,-0.21367521367521358 ,0.0918803418803419 ,-0.05840455840455862 ,0.03561253561253563 ,0.0 ,0.0 ,0.0 ,0.0 ,0.0 ,0.0 ,-0.2136752136752136 ,-0.08547008547008528 ,-0.14245014245014243 ,0.04273504273504264 ,0.08547008547008583 ,-0.28490028490028474 ,0.0 ,0.0 ,0.0 ,0.0 ,0.0 ,0.0 ,0.0 ,0.0 ,0.0 ,0.0 ,0.0 ,0.0 ,0.12179487179487174 ,-0.20797720797720803 ,0.07122507122507124 ,-0.042735042735042666 ,0.2991452991452991 ,-0.042735042735042715 ,0.032051282051282076 ,-0.34330484330484357 ,0.12108262108262112 ,0.0 ,0.0 ,0.0 ,0.0 ,0.0 ,0.0 ,-0.2564102564102563 ,-0.1937321937321936 ,-1.951563910473908e-17 ,0.05128205128205126 ,-0.1823361823361818 ,-3.122502256758253e-17 ,0.0 ,0.0 ,0.0 ,0.0 ,0.0 ,0.0 ,-0.051282051282051044 ,0.33048433048433035 ,-4.163336342344337e-17 ,0.25641025641025605 ,1.0712250712250704 ,-3.469446951953614e-17 ,0.0 ,0.0 ,0.0 ,0.0 ,0.0 ,0.0 ,0.0 ,0.0 ,0.0 ,0.0 ,0.0 ,0.0 ,0.18162393162393156 ,0.09686609686609664 ,-0.07122507122507118 ,-0.21367521367521367 ,-0.2991452991452989 ,0.21367521367521358 ,0.0918803418803419 ,-0.058404558404558674 ,-0.03561253561253561 ,0.0 ,0.0 ,0.0 ,0.0 ,0.0 ,0.0 ,-0.2136752136752136 ,-0.08547008547008528 ,0.14245014245014243 ,0.04273504273504265 ,0.08547008547008597 ,0.2849002849002849 ,0.0 ,0.0 ,0.0 ,0.0 ,0.0 ,0.0 ,0.0 ,0.0 ,0.0 ,0.0 ,0.0 ,0.0 ,0.12179487179487171 ,-0.20797720797720812 ,-0.0712250712250712 ,-0.042735042735042646 ,0.299145299145299 ,0.04273504273504254 ,0.03205128205128203 ,-0.34330484330484357 ,-0.12108262108262113 ,
0.0 ,0.0 ,0.0 ,0.0 ,0.0 ,0.0 ,0.0 ,0.0 ,0.0 ,0.0 ,0.0 ,0.0 ,0.07122507122507125 ,0.0712250712250712 ,-0.13105413105413108 ,-0.1424501424501425 ,-0.21367521367521358 ,-0.08547008547008529 ,0.07122507122507125 ,0.035612535612535655 ,-0.40740740740740733 ,0.0 ,0.0 ,0.0 ,0.0 ,0.0 ,0.0 ,-0.2136752136752137 ,-0.1424501424501424 ,-0.08547008547008546 ,0.04273504273504273 ,-0.28490028490028496 ,0.08547008547008564 ,0.0 ,0.0 ,0.0 ,0.0 ,0.0 ,0.0 ,0.0 ,0.0 ,0.0 ,0.0 ,0.0 ,0.0 ,0.03561253561253565 ,0.07122507122507128 ,-0.40740740740740733 ,-0.28490028490028496 ,0.0427350427350426 ,0.08547008547008599 ,0.16381766381766374 ,0.1638176638176639 ,-0.8490028490028495 ,0.0 ,0.0 ,0.0 ,0.0 ,0.0 ,0.0 ,2.168404344971009e-18 ,1.1709383462843448e-17 ,0.262108262108262 ,8.673617379884035e-19 ,-1.0408340855860843e-17 ,0.7293447293447293 ,0.0 ,0.0 ,0.0 ,0.0 ,0.0 ,0.0 ,4.5102810375396984e-17 ,-5.811323644522304e-17 ,0.7293447293447295 ,-2.7755575615628914e-17 ,-3.469446951953614e-17 ,1.868945868945869 ,0.0 ,0.0 ,0.0 ,0.0 ,0.0 ,0.0 ,0.0 ,0.0 ,0.0 ,0.0 ,0.0 ,0.0 ,-0.07122507122507121 ,-0.0712250712250712 ,-0.13105413105413113 ,0.1424501424501424 ,0.2136752136752136 ,-0.08547008547008525 ,-0.07122507122507117 ,-0.03561253561253568 ,-0.4074074074074074 ,0.0 ,0.0 ,0.0 ,0.0 ,0.0 ,0.0 ,0.21367521367521364 ,0.14245014245014245 ,-0.08547008547008556 ,-0.042735042735042784 ,0.28490028490028496 ,0.08547008547008586 ,0.0 ,0.0 ,0.0 ,0.0 ,0.0 ,0.0 ,0.0 ,0.0 ,0.0 ,0.0 ,0.0 ,0.0 ,-0.03561253561253561 ,-0.07122507122507123 ,-0.4074074074074078 ,0.28490028490028496 ,-0.04273504273504284 ,0.08547008547008562 ,-0.16381766381766394 ,-0.16381766381766388 ,-0.8490028490028494 ,
0.38319088319088324 ,0.0551994301994302 ,-0.008547008547008537 ,-0.40740740740740744 ,-0.07122507122507121 ,-0.03561253561253561 ,0.25925925925925924 ,-0.0032051282051282107 ,-0.007122507122507135 ,0.0 ,0.0 ,0.0 ,0.0 ,0.0 ,0.0 ,0.0 ,0.0 ,0.0 ,0.0 ,0.0 ,0.0 ,-0.20797720797720795 ,-0.07122507122507121 ,0.09188034188034187 ,0.09686609686609685 ,0.07122507122507123 ,-0.18162393162393164 ,0.0 ,0.0 ,0.0 ,0.0 ,0.0 ,0.0 ,0.24145299145299143 ,0.0032051282051282 ,-0.0032051282051281946 ,-0.13105413105413108 ,0.07122507122507121 ,-0.07122507122507123 ,0.08618233618233619 ,-0.055199430199430216 ,0.05519943019943021 ,0.0 ,0.0 ,0.0 ,0.0 ,0.0 ,0.0 ,0.0 ,0.0 ,0.0 ,0.0 ,0.0 ,0.0 ,-0.34330484330484334 ,0.032051282051282055 ,0.16381766381766388 ,-0.058404558404558424 ,-0.12179487179487179 ,-0.03561253561253562 ,0.0 ,0.0 ,0.0 ,0.0 ,0.0 ,0.0 ,-0.20797720797720792 ,-0.09188034188034187 ,0.07122507122507121 ,0.09686609686609679 ,0.18162393162393162 ,-0.07122507122507123 ,0.0 ,0.0 ,0.0 ,0.0 ,0.0 ,0.0 ,1e+50 ,0.20655270655270663 ,-0.20655270655270658 ,-0.8490028490028491 ,-0.12108262108262109 ,0.12108262108262104 ,0.44017094017094016 ,-0.008547008547008558 ,0.008547008547008572 ,0.0 ,0.0 ,0.0 ,0.0 ,0.0 ,0.0 ,0.0 ,0.0 ,0.0 ,0.0 ,0.0 ,0.0 ,-0.3433048433048433 ,-0.16381766381766388 ,-0.03205128205128206 ,-0.05840455840455841 ,0.035612535612535606 ,0.12179487179487178 ,0.0 ,0.0 ,0.0 ,0.0 ,0.0 ,0.0 ,0.3831908831908833 ,0.008547008547008543 ,-0.05519943019943018 ,-0.40740740740740744 ,0.035612535612535606 ,0.07122507122507118 ,0.2592592592592593 ,0.007122507122507138 ,0.0032051282051282267 ,0.0 ,0.0 ,0.0 ,0.0 ,0.0 ,0.0 ,0.0 ,0.0 ,0.0 ,0.0 ,0.0 ,0.0 ,
0.055199430199430195 ,0.38319088319088324 ,-0.008547008547008563 ,-0.0712250712250712 ,-0.20797720797720798 ,0.09188034188034186 ,0.0032051282051281937 ,0.2414529914529914 ,-0.0032051282051282007 ,0.0 ,0.0 ,0.0 ,0.0 ,0.0 ,0.0 ,0.0 ,0.0 ,0.0 ,0.0 ,0.0 ,0.0 ,-0.07122507122507123 ,-0.4074074074074075 ,-0.035612535612535585 ,0.07122507122507121 ,-0.13105413105413105 ,-0.07122507122507124 ,0.0 ,0.0 ,0.0 ,0.0 ,0.0 ,0.0 ,-0.003205128205128219 ,0.25925925925925924 ,-0.007122507122507147 ,0.07122507122507124 ,0.09686609686609682 ,-0.1816239316239316 ,-0.0551994301994302 ,0.08618233618233619 ,0.055199430199430195 ,0.0 ,0.0 ,0.0 ,0.0 ,0.0 ,0.0 ,0.0 ,0.0 ,0.0 ,0.0 ,0.0 ,0.0 ,0.032051282051282055 ,-0.34330484330484334 ,0.16381766381766386 ,-0.09188034188034189 ,-0.20797720797720792 ,0.07122507122507124 ,0.0 ,0.0 ,0.0 ,0.0 ,0.0 ,0.0 ,-0.12179487179487179 ,-0.058404558404558445 ,-0.03561253561253559 ,0.18162393162393162 ,0.09686609686609679 ,-0.07122507122507121 ,0.0 ,0.0 ,0.0 ,0.0 ,0.0 ,0.0 ,0.20655270655270663 ,1e+50 ,-0.20655270655270663 ,-0.16381766381766386 ,-0.34330484330484323 ,-0.03205128205128209 ,0.008547008547008534 ,0.3831908831908831 ,-0.055199430199430174 ,0.0 ,0.0 ,0.0 ,0.0 ,0.0 ,0.0 ,0.0 ,0.0 ,0.0 ,0.0 ,0.0 ,0.0 ,-0.1210826210826211 ,-0.8490028490028492 ,0.12108262108262109 ,0.035612535612535606 ,-0.4074074074074075 ,0.07122507122507118 ,0.0 ,0.0 ,0.0 ,0.0 ,0.0 ,0.0 ,-0.008547008547008558 ,0.4401709401709402 ,0.008547008547008541 ,0.03561253561253562 ,-0.058404558404558465 ,0.12179487179487178 ,0.007122507122507138 ,0.2592592592592593 ,0.003205128205128218 ,0.0 ,0.0 ,0.0 ,0.0 ,0.0 ,0.0 ,0.0 ,0.0 ,0.0 ,0.0 ,0.0 ,0.0 ,
0.008547008547008569 ,0.008547008547008553 ,0.4401709401709403 ,-0.03561253561253563 ,0.12179487179487183 ,-0.058404558404558465 ,-0.007122507122507128 ,0.0032051282051282163 ,0.25925925925925936 ,0.0 ,0.0 ,0.0 ,0.0 ,0.0 ,0.0 ,0.0 ,0.0 ,0.0 ,0.0 ,0.0 ,0.0 ,0.12179487179487182 ,-0.03561253561253559 ,-0.0584045584045584 ,-0.18162393162393162 ,-0.07122507122507123 ,0.09686609686609685 ,0.0 ,0.0 ,0.0 ,0.0 ,0.0 ,0.0 ,0.0032051282051282198 ,-0.007122507122507154 ,0.2592592592592593 ,-0.07122507122507124 ,-0.18162393162393156 ,0.09686609686609686 ,0.0551994301994302 ,0.055199430199430195 ,0.08618233618233623 ,0.0 ,0.0 ,0.0 ,0.0 ,0.0 ,0.0 ,0.0 ,0.0 ,0.0 ,0.0 ,0.0 ,0.0 ,0.12108262108262112 ,0.1210826210826211 ,-0.8490028490028491 ,-0.035612535612535606 ,0.07122507122507121 ,-0.4074074074074075 ,0.0 ,0.0 ,0.0 ,0.0 ,0.0 ,0.0 ,0.07122507122507123 ,-0.03561253561253559 ,-0.40740740740740755 ,-0.07122507122507121 ,-0.07122507122507121 ,-0.13105413105413108 ,0.0 ,0.0 ,0.0 ,0.0 ,0.0 ,0.0 ,-0.20655270655270658 ,-0.20655270655270663 ,1e+50 ,0.16381766381766383 ,-0.03205128205128208 ,-0.3433048433048433 ,-0.008547008547008525 ,-0.05519943019943017 ,0.3831908831908833 ,0.0 ,0.0 ,0.0 ,0.0 ,0.0 ,0.0 ,0.0 ,0.0 ,0.0 ,0.0 ,0.0 ,0.0 ,-0.03205128205128207 ,0.16381766381766386 ,-0.3433048433048434 ,0.09188034188034189 ,0.07122507122507118 ,-0.20797720797720795 ,0.0 ,0.0 ,0.0 ,0.0 ,0.0 ,0.0 ,-0.055199430199430174 ,-0.00854700854700855 ,0.3831908831908833 ,0.0712250712250712 ,0.09188034188034189 ,-0.20797720797720792 ,-0.003205128205128179 ,-0.003205128205128184 ,0.24145299145299148 ,0.0 ,0.0 ,0.0 ,0.0 ,0.0 ,0.0 ,0.0 ,0.0 ,0.0 ,0.0 ,0.0 ,0.0 ,
-0.40740740740740744 ,-0.07122507122507123 ,0.035612535612535585 ,0.7293447293447294 ,-2.4936649967166602e-17 ,1.7564075194265172e-17 ,-0.4074074074074074 ,0.07122507122507125 ,-0.03561253561253562 ,0.0 ,0.0 ,0.0 ,0.0 ,0.0 ,0.0 ,0.0 ,0.0 ,0.0 ,0.0 ,0.0 ,0.0 ,-0.08547008547008547 ,0.1424501424501424 ,-0.21367521367521364 ,-0.08547008547008546 ,-0.14245014245014245 ,0.21367521367521364 ,0.0 ,0.0 ,0.0 ,0.0 ,0.0 ,0.0 ,-0.1310541310541311 ,-0.07122507122507118 ,0.07122507122507121 ,0.2621082621082621 ,-6.7220534694101275e-18 ,1.0408340855860843e-17 ,-0.13105413105413105 ,0.07122507122507123 ,-0.07122507122507124 ,0.0 ,0.0 ,0.0 ,0.0 ,0.0 ,0.0 ,0.0 ,0.0 ,0.0 ,0.0 ,0.0 ,0.0 ,0.08547008547008554 ,-0.042735042735042764 ,-0.2849002849002849 ,0.08547008547008537 ,0.0427350427350427 ,0.2849002849002849 ,0.0 ,0.0 ,0.0 ,0.0 ,0.0 ,0.0 ,-0.08547008547008543 ,0.21367521367521364 ,-0.14245014245014243 ,-0.08547008547008543 ,-0.21367521367521367 ,0.14245014245014245 ,0.0 ,0.0 ,0.0 ,0.0 ,0.0 ,0.0 ,-0.849002849002849 ,-0.16381766381766386 ,0.16381766381766383 ,1.8689458689458687 ,2.168404344971009e-17 ,4.911435841359335e-17 ,-0.8490028490028487 ,0.16381766381766388 ,-0.16381766381766394 ,0.0 ,0.0 ,0.0 ,0.0 ,0.0 ,0.0 ,0.0 ,0.0 ,0.0 ,0.0 ,0.0 ,0.0 ,0.08547008547008547 ,0.2849002849002849 ,0.042735042735042764 ,0.0854700854700854 ,-0.28490028490028496 ,-0.042735042735042764 ,0.0 ,0.0 ,0.0 ,0.0 ,0.0 ,0.0 ,-0.4074074074074074 ,-0.035612535612535585 ,0.0712250712250712 ,0.7293447293447295 ,-6.938893903907228e-18 ,3.9898639947466563e-17 ,-0.40740740740740733 ,0.03561253561253562 ,-0.07122507122507124 ,0.0 ,0.0 ,0.0 ,0.0 ,0.0 ,0.0 ,0.0 ,0.0 ,0.0 ,0.0 ,0.0 ,0.0 ,
-0.07122507122507121 ,-0.20797720797720795 ,-0.12179487179487182 ,-2.233456475320139e-17 ,0.33048433048433046 ,0.05128205128205127 ,0.07122507122507127 ,-0.20797720797720792 ,-0.12179487179487183 ,0.0 ,0.0 ,0.0 ,0.0 ,0.0 ,0.0 ,0.0 ,0.0 ,0.0 ,0.0 ,0.0 ,0.0 ,0.14245014245014248 ,-0.08547008547008549 ,0.21367521367521367 ,-0.14245014245014248 ,-0.08547008547008547 ,0.2136752136752137 ,0.0 ,0.0 ,0.0 ,0.0 ,0.0 ,0.0 ,-0.07122507122507121 ,0.09686609686609685 ,-0.18162393162393156 ,-5.204170427930421e-18 ,-0.19373219373219358 ,0.25641025641025633 ,0.07122507122507124 ,0.09686609686609683 ,-0.18162393162393156 ,0.0 ,0.0 ,0.0 ,0.0 ,0.0 ,0.0 ,0.0 ,0.0 ,0.0 ,0.0 ,0.0 ,0.0 ,0.042735042735042694 ,0.29914529914529914 ,0.042735042735042764 ,-0.042735042735042736 ,0.299145299145299 ,0.042735042735042784 ,0.0 ,0.0 ,0.0 ,0.0 ,0.0 ,0.0 ,0.21367521367521364 ,-0.2991452991452991 ,0.21367521367521364 ,-0.21367521367521364 ,-0.2991452991452991 ,0.2136752136752136 ,0.0 ,0.0 ,0.0 ,0.0 ,0.0 ,0.0 ,-0.12108262108262109 ,-0.34330484330484323 ,-0.03205128205128208 ,2.168404344971009e-17 ,1.071225071225071 ,-0.25641025641025633 ,0.1210826210826211 ,-0.34330484330484323 ,-0.03205128205128209 ,0.0 ,0.0 ,0.0 ,0.0 ,0.0 ,0.0 ,0.0 ,0.0 ,0.0 ,0.0 ,0.0 ,0.0 ,0.2849002849002849 ,0.08547008547008544 ,-0.04273504273504268 ,-0.28490028490028496 ,0.08547008547008539 ,-0.04273504273504269 ,0.0 ,0.0 ,0.0 ,0.0 ,0.0 ,0.0 ,-0.035612535612535606 ,-0.058404558404558424 ,-0.09188034188034187 ,6.938893903907228e-18 ,-0.1823361823361823 ,-0.051282051282051266 ,0.035612535612535606 ,-0.058404558404558424 ,-0.09188034188034189 ,0.0 ,0.0 ,0.0 ,0.0 ,0.0 ,0.0 ,0.0 ,0.0 ,0.0 ,0.0 ,0.0 ,0.0 ,
0.03561253561253559 ,-0.0918803418803419 ,-0.058404558404558465 ,1.0625181290357943e-17 ,-0.051282051282051266 ,-0.18233618233618218 ,-0.03561253561253559 ,-0.09188034188034191 ,-0.05840455840455849 ,0.0 ,0.0 ,0.0 ,0.0 ,0.0 ,0.0 ,0.0 ,0.0 ,0.0 ,0.0 ,0.0 ,0.0 ,-0.21367521367521364 ,0.21367521367521364 ,-0.2991452991452991 ,0.21367521367521367 ,0.21367521367521367 ,-0.2991452991452991 ,0.0 ,0.0 ,0.0 ,0.0 ,0.0 ,0.0 ,0.07122507122507123 ,-0.1816239316239316 ,0.0968660968660968 ,9.107298248878237e-18 ,0.2564102564102562 ,-0.19373219373219358 ,-0.07122507122507123 ,-0.1816239316239316 ,0.09686609686609679 ,0.0 ,0.0 ,0.0 ,0.0 ,0.0 ,0.0 ,0.0 ,0.0 ,0.0 ,0.0 ,0.0 ,0.0 ,-0.28490028490028485 ,-0.0427350427350427 ,0.08547008547008554 ,0.28490028490028485 ,-0.04273504273504266 ,0.08547008547008553 ,0.0 ,0.0 ,0.0 ,0.0 ,0.0 ,0.0 ,-0.14245014245014243 ,0.21367521367521364 ,-0.0854700854700854 ,0.14245014245014243 ,0.21367521367521364 ,-0.08547008547008533 ,0.0 ,0.0 ,0.0 ,0.0 ,0.0 ,0.0 ,0.12108262108262104 ,-0.03205128205128209 ,-0.3433048433048433 ,4.911435841359335e-17 ,-0.25641025641025633 ,1.0712250712250713 ,-0.12108262108262113 ,-0.03205128205128208 ,-0.3433048433048433 ,0.0 ,0.0 ,0.0 ,0.0 ,0.0 ,0.0 ,0.0 ,0.0 ,0.0 ,0.0 ,0.0 ,0.0 ,-0.042735042735042694 ,0.0427350427350428 ,0.29914529914529897 ,0.04273504273504268 ,0.04273504273504278 ,0.299145299145299 ,0.0 ,0.0 ,0.0 ,0.0 ,0.0 ,0.0 ,0.0712250712250712 ,-0.12179487179487176 ,-0.20797720797720795 ,4.336808689942018e-17 ,0.05128205128205126 ,0.3304843304843303 ,-0.07122507122507125 ,-0.12179487179487178 ,-0.20797720797720798 ,0.0 ,0.0 ,0.0 ,0.0 ,0.0 ,0.0 ,0.0 ,0.0 ,0.0 ,0.0 ,0.0 ,0.0 ,
0.2592592592592593 ,0.0032051282051281846 ,0.007122507122507142 ,-0.40740740740740744 ,0.07122507122507125 ,0.03561253561253559 ,0.7663817663817665 ,4.163336342344337e-17 ,1.5612511283791264e-17 ,-0.4074074074074075 ,-0.07122507122507131 ,-0.03561253561253566 ,0.25925925925925936 ,-0.003205128205128178 ,-0.007122507122507135 ,0.0 ,0.0 ,0.0 ,0.0 ,0.0 ,0.0 ,0.09686609686609685 ,-0.07122507122507121 ,0.18162393162393162 ,-0.41595441595441585 ,1.3877787807814457e-17 ,-1.3877787807814457e-17 ,0.09686609686609682 ,0.07122507122507123 ,-0.18162393162393164 ,0.0 ,0.0 ,0.0 ,0.08618233618233621 ,0.055199430199430195 ,-0.055199430199430195 ,-0.13105413105413108 ,-0.07122507122507121 ,0.0712250712250712 ,0.48290598290598286 ,9.107298248878237e-18 ,1.0408340855860843e-17 ,-0.13105413105413108 ,0.0712250712250712 ,-0.07122507122507121 ,0.08618233618233617 ,-0.055199430199430195 ,0.055199430199430195 ,0.0 ,0.0 ,0.0 ,0.0 ,0.0 ,0.0 ,-0.05840455840455847 ,0.12179487179487182 ,0.0356125356125356 ,-0.6866096866096867 ,-2.0816681711721685e-17 ,-2.7755575615628914e-17 ,-0.05840455840455843 ,-0.12179487179487176 ,-0.03561253561253562 ,0.0 ,0.0 ,0.0 ,0.09686609686609685 ,-0.1816239316239316 ,0.07122507122507121 ,-0.41595441595441596 ,-1.3877787807814457e-17 ,0.0 ,0.09686609686609682 ,0.18162393162393162 ,-0.07122507122507123 ,0.0 ,0.0 ,0.0 ,0.4401709401709401 ,0.008547008547008534 ,-0.008547008547008525 ,-0.849002849002849 ,0.1210826210826211 ,-0.12108262108262113 ,1.535612535612536 ,5.551115123125783e-17 ,5.551115123125783e-17 ,-0.8490028490028494 ,-0.12108262108262119 ,0.12108262108262101 ,0.44017094017094033 ,-0.008547008547008513 ,0.008547008547008602 ,0.0 ,0.0 ,0.0 ,0.0 ,0.0 ,0.0 ,-0.05840455840455843 ,-0.03561253561253559 ,-0.12179487179487176 ,-0.6866096866096867 ,-5.551115123125783e-17 ,-6.938893903907228e-18 ,-0.05840455840455848 ,0.03561253561253562 ,0.12179487179487179 ,0.0 ,0.0 ,0.0 ,0.2592592592592593 ,-0.007122507122507135 ,-0.003205128205128195 ,-0.4074074074074074 ,-0.03561253561253561 ,-0.07122507122507123 ,0.7663817663817665 ,2.2551405187698492e-17 ,6.938893903907228e-18 ,-0.4074074074074073 ,0.035612535612535585 ,0.07122507122507127 ,0.2592592592592593 ,0.0071225071225071625 ,0.0032051282051282033 ,0.0 ,0.0 ,0.0 ,0.0 ,0.0 ,0.0 ,
-0.0032051282051282154 ,0.24145299145299143 ,-0.0032051282051282146 ,0.07122507122507123 ,-0.20797720797720795 ,0.09188034188034189 ,4.85722573273506e-17 ,0.7663817663817665 ,-0.017094017094017058 ,-0.07122507122507127 ,-0.20797720797720803 ,0.09188034188034185 ,0.003205128205128231 ,0.24145299145299146 ,-0.0032051282051281924 ,0.0 ,0.0 ,0.0 ,0.0 ,0.0 ,0.0 ,-0.0712250712250712 ,-0.13105413105413105 ,-0.07122507122507123 ,0.0 ,-0.8148148148148149 ,-0.07122507122507127 ,0.07122507122507121 ,-0.13105413105413097 ,-0.07122507122507124 ,0.0 ,0.0 ,0.0 ,0.0551994301994302 ,0.0861823361823362 ,0.0551994301994302 ,-0.07122507122507123 ,0.09686609686609683 ,-0.1816239316239316 ,1.0408340855860843e-17 ,0.5185185185185186 ,-0.014245014245014231 ,0.07122507122507121 ,0.09686609686609679 ,-0.18162393162393162 ,-0.0551994301994302 ,0.08618233618233619 ,0.055199430199430195 ,0.0 ,0.0 ,0.0 ,0.0 ,0.0 ,0.0 ,0.09188034188034189 ,-0.20797720797720795 ,0.07122507122507124 ,-2.0816681711721685e-17 ,-0.6866096866096867 ,0.3276353276353277 ,-0.09188034188034185 ,-0.20797720797720803 ,0.0712250712250712 ,0.0 ,0.0 ,0.0 ,-0.1816239316239316 ,0.09686609686609683 ,-0.07122507122507121 ,0.0 ,-0.11680911680911693 ,-0.0712250712250713 ,0.18162393162393162 ,0.09686609686609687 ,-0.07122507122507124 ,0.0 ,0.0 ,0.0 ,-0.008547008547008558 ,0.3831908831908831 ,-0.05519943019943017 ,0.16381766381766388 ,-0.34330484330484323 ,-0.03205128205128208 ,5.551115123125783e-17 ,1.535612535612536 ,-0.4131054131054132 ,-0.16381766381766394 ,-0.3433048433048434 ,-0.03205128205128204 ,0.008547008547008583 ,0.3831908831908832 ,-0.05519943019943018 ,0.0 ,0.0 ,0.0 ,0.0 ,0.0 ,0.0 ,-0.03561253561253559 ,-0.40740740740740733 ,0.0712250712250712 ,-2.7755575615628914e-17 ,-1.6980056980056983 ,0.2421652421652421 ,0.03561253561253562 ,-0.4074074074074074 ,0.07122507122507123 ,0.0 ,0.0 ,0.0 ,-0.0071225071225071365 ,0.2592592592592593 ,0.003205128205128212 ,-0.03561253561253561 ,-0.058404558404558465 ,0.12179487179487178 ,2.7755575615628914e-17 ,0.8803418803418805 ,0.01709401709401715 ,0.035612535612535585 ,-0.05840455840455841 ,0.12179487179487185 ,0.007122507122507164 ,0.25925925925925924 ,0.0032051282051282024 ,0.0 ,0.0 ,0.0 ,0.0 ,0.0 ,0.0 ,
0.0071225071225071435 ,0.0032051282051282024 ,0.2592592592592593 ,0.035612535612535606 ,0.12179487179487182 ,-0.05840455840455847 ,2.0816681711721685e-17 ,0.017094017094017123 ,0.8803418803418805 ,-0.035612535612535676 ,0.12179487179487186 ,-0.05840455840455848 ,-0.0071225071225071174 ,0.003205128205128211 ,0.25925925925925936 ,0.0 ,0.0 ,0.0 ,0.0 ,0.0 ,0.0 ,0.18162393162393162 ,-0.07122507122507121 ,0.09686609686609685 ,1.3877787807814457e-17 ,-0.07122507122507124 ,-0.11680911680911674 ,-0.1816239316239316 ,-0.07122507122507124 ,0.0968660968660968 ,0.0 ,0.0 ,0.0 ,-0.05519943019943019 ,0.05519943019943019 ,0.0861823361823362 ,0.0712250712250712 ,-0.18162393162393162 ,0.09686609686609682 ,1.3010426069826053e-17 ,-0.014245014245014256 ,0.5185185185185186 ,-0.07122507122507124 ,-0.1816239316239316 ,0.09686609686609673 ,0.05519943019943019 ,0.055199430199430195 ,0.08618233618233626 ,0.0 ,0.0 ,0.0 ,0.0 ,0.0 ,0.0 ,0.03561253561253559 ,0.07122507122507123 ,-0.4074074074074075 ,4.163336342344337e-17 ,0.24216524216524227 ,-1.6980056980056981 ,-0.035612535612535606 ,0.0712250712250712 ,-0.4074074074074075 ,0.0 ,0.0 ,0.0 ,0.07122507122507121 ,-0.07122507122507123 ,-0.13105413105413105 ,1.3877787807814457e-17 ,-0.07122507122507124 ,-0.8148148148148152 ,-0.07122507122507121 ,-0.07122507122507121 ,-0.13105413105413113 ,0.0 ,0.0 ,0.0 ,0.008547008547008572 ,-0.055199430199430174 ,0.3831908831908833 ,-0.16381766381766394 ,-0.03205128205128209 ,-0.3433048433048433 ,5.551115123125783e-17 ,-0.4131054131054132 ,1.535612535612536 ,0.16381766381766377 ,-0.032051282051282035 ,-0.34330484330484334 ,-0.008547008547008505 ,-0.05519943019943021 ,0.3831908831908833 ,0.0 ,0.0 ,0.0 ,0.0 ,0.0 ,0.0 ,-0.09188034188034187 ,0.0712250712250712 ,-0.207977207977208 ,-2.7755575615628914e-17 ,0.32763532763532766 ,-0.6866096866096867 ,0.0918803418803419 ,0.07122507122507124 ,-0.207977207977208 ,0.0 ,0.0 ,0.0 ,0.0032051282051282133 ,-0.003205128205128199 ,0.24145299145299146 ,-0.07122507122507124 ,0.09188034188034189 ,-0.20797720797720792 ,-6.938893903907228e-18 ,-0.01709401709401704 ,0.7663817663817665 ,0.07122507122507125 ,0.09188034188034191 ,-0.207977207977208 ,-0.0032051282051282137 ,-0.0032051282051282102 ,0.24145299145299148 ,0.0 ,0.0 ,0.0 ,0.0 ,0.0 ,0.0 ,
0.0 ,0.0 ,0.0 ,0.0 ,0.0 ,0.0 ,-0.40740740740740744 ,-0.0712250712250713 ,0.03561253561253558 ,0.7293447293447295 ,1.3639263329867646e-16 ,4.5644911461639737e-17 ,-0.4074074074074075 ,0.07122507122507118 ,-0.03561253561253563 ,0.0 ,0.0 ,0.0 ,0.0 ,0.0 ,0.0 ,0.0 ,0.0 ,0.0 ,-0.08547008547008542 ,0.14245014245014243 ,-0.21367521367521364 ,-0.0854700854700855 ,-0.14245014245014248 ,0.21367521367521364 ,0.0 ,0.0 ,0.0 ,0.0 ,0.0 ,0.0 ,0.0 ,0.0 ,0.0 ,-0.13105413105413108 ,-0.07122507122507121 ,0.07122507122507121 ,0.2621082621082621 ,1.496198998029996e-17 ,9.107298248878237e-18 ,-0.131054131054131 ,0.07122507122507121 ,-0.07122507122507121 ,0.0 ,0.0 ,0.0 ,0.0 ,0.0 ,0.0 ,0.0 ,0.0 ,0.0 ,0.08547008547008554 ,-0.04273504273504275 ,-0.2849002849002849 ,0.0854700854700854 ,0.04273504273504269 ,0.28490028490028485 ,0.0 ,0.0 ,0.0 ,0.0 ,0.0 ,0.0 ,-0.08547008547008537 ,0.21367521367521364 ,-0.1424501424501424 ,-0.08547008547008549 ,-0.21367521367521367 ,0.1424501424501424 ,0.0 ,0.0 ,0.0 ,0.0 ,0.0 ,0.0 ,0.0 ,0.0 ,0.0 ,-0.8490028490028494 ,-0.16381766381766394 ,0.16381766381766377 ,1.868945868945869 ,1.3964523981613297e-16 ,1.6284716630732277e-16 ,-0.8490028490028491 ,0.16381766381766383 ,-0.16381766381766394 ,0.0 ,0.0 ,0.0 ,0.0 ,0.0 ,0.0 ,0.0 ,0.0 ,0.0 ,0.08547008547008528 ,0.28490028490028496 ,0.042735042735042826 ,0.0854700854700856 ,-0.2849002849002849 ,-0.04273504273504285 ,0.0 ,0.0 ,0.0 ,0.0 ,0.0 ,0.0 ,0.0 ,0.0 ,0.0 ,-0.40740740740740733 ,-0.03561253561253561 ,0.07122507122507125 ,0.7293447293447292 ,1.9081958235744878e-17 ,-8.239936510889834e-17 ,-0.4074074074074074 ,0.03561253561253559 ,-0.07122507122507117 ,0.0 ,0.0 ,0.0 ,0.0 ,0.0 ,0.0 ,
0.0 ,0.0 ,0.0 ,0.0 ,0.0 ,0.0 ,-0.0712250712250713 ,-0.207977207977208 ,-0.12179487179487178 ,1.347663300399482e-16 ,0.33048433048433046 ,0.05128205128205127 ,0.07122507122507118 ,-0.20797720797720792 ,-0.12179487179487179 ,0.0 ,0.0 ,0.0 ,0.0 ,0.0 ,0.0 ,0.0 ,0.0 ,0.0 ,0.1424501424501425 ,-0.0854700854700854 ,0.21367521367521367 ,-0.1424501424501425 ,-0.08547008547008557 ,0.2136752136752137 ,0.0 ,0.0 ,0.0 ,0.0 ,0.0 ,0.0 ,0.0 ,0.0 ,0.0 ,-0.07122507122507123 ,0.09686609686609675 ,-0.1816239316239316 ,1.5612511283791264e-17 ,-0.1937321937321936 ,0.25641025641025633 ,0.07122507122507123 ,0.09686609686609689 ,-0.18162393162393156 ,0.0 ,0.0 ,0.0 ,0.0 ,0.0 ,0.0 ,0.0 ,0.0 ,0.0 ,0.04273504273504272 ,0.299145299145299 ,0.042735042735042715 ,-0.04273504273504276 ,0.2991452991452992 ,0.042735042735042784 ,0.0 ,0.0 ,0.0 ,0.0 ,0.0 ,0.0 ,0.21367521367521364 ,-0.29914529914529897 ,0.2136752136752136 ,-0.21367521367521364 ,-0.29914529914529925 ,0.21367521367521364 ,0.0 ,0.0 ,0.0 ,0.0 ,0.0 ,0.0 ,0.0 ,0.0 ,0.0 ,-0.12108262108262119 ,-0.3433048433048434 ,-0.032051282051282035 ,1.3964523981613297e-16 ,1.071225071225071 ,-0.2564102564102563 ,0.12108262108262108 ,-0.3433048433048433 ,-0.03205128205128207 ,0.0 ,0.0 ,0.0 ,0.0 ,0.0 ,0.0 ,0.0 ,0.0 ,0.0 ,0.28490028490028496 ,0.08547008547008556 ,-0.04273504273504268 ,-0.28490028490028496 ,0.08547008547008536 ,-0.04273504273504278 ,0.0 ,0.0 ,0.0 ,0.0 ,0.0 ,0.0 ,0.0 ,0.0 ,0.0 ,-0.03561253561253559 ,-0.05840455840455847 ,-0.09188034188034191 ,1.734723475976807e-17 ,-0.1823361823361823 ,-0.05128205128205128 ,0.03561253561253558 ,-0.058404558404558424 ,-0.09188034188034186 ,0.0 ,0.0 ,0.0 ,0.0 ,0.0 ,0.0 ,
0.0 ,0.0 ,0.0 ,0.0 ,0.0 ,0.0 ,0.035612535612535565 ,-0.09188034188034189 ,-0.05840455840455849 ,5.515878552520004e-17 ,-0.051282051282051266 ,-0.1823361823361821 ,-0.03561253561253561 ,-0.09188034188034186 ,-0.058404558404558486 ,0.0 ,0.0 ,0.0 ,0.0 ,0.0 ,0.0 ,0.0 ,0.0 ,0.0 ,-0.2136752136752136 ,0.2136752136752136 ,-0.29914529914529897 ,0.2136752136752136 ,0.21367521367521367 ,-0.2991452991452991 ,0.0 ,0.0 ,0.0 ,0.0 ,0.0 ,0.0 ,0.0 ,0.0 ,0.0 ,0.0712250712250712 ,-0.18162393162393153 ,0.0968660968660967 ,1.3660947373317356e-17 ,0.2564102564102563 ,-0.19373219373219355 ,-0.07122507122507121 ,-0.1816239316239316 ,0.09686609686609679 ,0.0 ,0.0 ,0.0 ,0.0 ,0.0 ,0.0 ,0.0 ,0.0 ,0.0 ,-0.28490028490028474 ,-0.04273504273504273 ,0.0854700854700857 ,0.2849002849002848 ,-0.04273504273504265 ,0.08547008547008558 ,0.0 ,0.0 ,0.0 ,0.0 ,0.0 ,0.0 ,-0.14245014245014243 ,0.21367521367521358 ,-0.0854700854700852 ,0.1424501424501424 ,0.21367521367521364 ,-0.0854700854700854 ,0.0 ,0.0 ,0.0 ,0.0 ,0.0 ,0.0 ,0.0 ,0.0 ,0.0 ,0.12108262108262101 ,-0.03205128205128204 ,-0.34330484330484334 ,1.6284716630732277e-16 ,-0.2564102564102563 ,1.0712250712250713 ,-0.12108262108262119 ,-0.03205128205128205 ,-0.34330484330484345 ,0.0 ,0.0 ,0.0 ,0.0 ,0.0 ,0.0 ,0.0 ,0.0 ,0.0 ,-0.042735042735042625 ,0.0427350427350428 ,0.2991452991452989 ,0.042735042735042625 ,0.04273504273504266 ,0.299145299145299 ,0.0 ,0.0 ,0.0 ,0.0 ,0.0 ,0.0 ,0.0 ,0.0 ,0.0 ,0.07122507122507125 ,-0.1217948717948718 ,-0.20797720797720798 ,-7.892991815694472e-17 ,0.05128205128205123 ,0.3304843304843303 ,-0.07122507122507117 ,-0.12179487179487172 ,-0.20797720797720792 ,0.0 ,0.0 ,0.0 ,0.0 ,0.0 ,0.0 ,
0.0 ,0.0 ,0.0 ,0.0 ,0.0 ,0.0 ,0.2592592592592593 ,0.0032051282051282232 ,0.007122507122507156 ,-0.4074074074074075 ,0.07122507122507117 ,0.03561253561253558 ,0.7663817663817665 ,2.7755575615628914e-17 ,1.5612511283791264e-17 ,-0.4074074074074076 ,-0.07122507122507125 ,-0.03561253561253561 ,0.25925925925925936 ,-0.003205128205128198 ,-0.007122507122507158 ,0.0 ,0.0 ,0.0 ,0.09686609686609679 ,-0.07122507122507123 ,0.18162393162393162 ,-0.4159544159544159 ,0.0 ,-1.3877787807814457e-17 ,0.09686609686609686 ,0.07122507122507124 ,-0.18162393162393162 ,0.0 ,0.0 ,0.0 ,0.0 ,0.0 ,0.0 ,0.0861823361823362 ,0.05519943019943021 ,-0.0551994301994302 ,-0.13105413105413105 ,-0.07122507122507123 ,0.07122507122507118 ,0.48290598290598297 ,-1.431146867680866e-17 ,1.2576745200831851e-17 ,-0.13105413105413113 ,0.07122507122507124 ,-0.07122507122507123 ,0.08618233618233619 ,-0.05519943019943023 ,0.055199430199430195 ,0.0 ,0.0 ,0.0 ,-0.058404558404558486 ,0.1217948717948718 ,0.03561253561253557 ,-0.6866096866096869 ,-7.632783294297951e-17 ,-2.7755575615628914e-17 ,-0.05840455840455832 ,-0.12179487179487172 ,-0.035612535612535585 ,0.0 ,0.0 ,0.0 ,0.09686609686609675 ,-0.18162393162393156 ,0.07122507122507118 ,-0.41595441595441596 ,1.3877787807814457e-17 ,-1.3877787807814457e-17 ,0.09686609686609679 ,0.18162393162393156 ,-0.07122507122507121 ,0.0 ,0.0 ,0.0 ,0.0 ,0.0 ,0.0 ,0.44017094017094033 ,0.008547008547008583 ,-0.008547008547008505 ,-0.8490028490028491 ,0.12108262108262108 ,-0.12108262108262119 ,1.5356125356125359 ,1.6653345369377348e-16 ,1.3877787807814457e-16 ,-0.849002849002849 ,-0.12108262108262127 ,0.12108262108262095 ,0.4401709401709401 ,-0.008547008547008513 ,0.00854700854700862 ,0.0 ,0.0 ,0.0 ,-0.05840455840455836 ,-0.03561253561253561 ,-0.1217948717948718 ,-0.6866096866096869 ,0.0 ,6.938893903907228e-18 ,-0.05840455840455823 ,0.03561253561253559 ,0.12179487179487182 ,0.0 ,0.0 ,0.0 ,0.0 ,0.0 ,0.0 ,0.25925925925925924 ,-0.007122507122507142 ,-0.0032051282051282224 ,-0.4074074074074074 ,-0.035612535612535606 ,-0.07122507122507117 ,0.7663817663817666 ,3.469446951953614e-18 ,0.0 ,-0.40740740740740755 ,0.035612535612535606 ,0.07122507122507121 ,0.2592592592592593 ,0.007122507122507157 ,0.003205128205128213 ,
0.0 ,0.0 ,0.0 ,0.0 ,0.0 ,0.0 ,-0.003205128205128185 ,0.24145299145299143 ,-0.0032051282051282293 ,0.07122507122507117 ,-0.207977207977208 ,0.09188034188034185 ,4.163336342344337e-17 ,0.7663817663817662 ,-0.017094017094017214 ,-0.07122507122507125 ,-0.2079772079772079 ,0.09188034188034185 ,0.003205128205128223 ,0.24145299145299134 ,-0.003205128205128259 ,0.0 ,0.0 ,0.0 ,-0.07122507122507121 ,-0.13105413105413105 ,-0.07122507122507123 ,1.3877787807814457e-17 ,-0.8148148148148148 ,-0.07122507122507109 ,0.07122507122507123 ,-0.1310541310541309 ,-0.07122507122507121 ,0.0 ,0.0 ,0.0 ,0.0 ,0.0 ,0.0 ,0.05519943019943021 ,0.08618233618233623 ,0.05519943019943019 ,-0.07122507122507123 ,0.09686609686609678 ,-0.18162393162393156 ,-6.938893903907228e-18 ,0.5185185185185185 ,-0.014245014245014337 ,0.07122507122507125 ,0.09686609686609683 ,-0.18162393162393153 ,-0.05519943019943023 ,0.08618233618233608 ,0.05519943019943016 ,0.0 ,0.0 ,0.0 ,0.09188034188034191 ,-0.207977207977208 ,0.07122507122507127 ,-8.326672684688674e-17 ,-0.6866096866096866 ,0.327635327635328 ,-0.09188034188034179 ,-0.20797720797720803 ,0.07122507122507125 ,0.0 ,0.0 ,0.0 ,-0.1816239316239316 ,0.09686609686609672 ,-0.07122507122507121 ,2.7755575615628914e-17 ,-0.1168091168091169 ,-0.07122507122507116 ,0.18162393162393156 ,0.09686609686609664 ,-0.0712250712250712 ,0.0 ,0.0 ,0.0 ,0.0 ,0.0 ,0.0 ,-0.008547008547008513 ,0.3831908831908832 ,-0.05519943019943021 ,0.16381766381766383 ,-0.3433048433048433 ,-0.03205128205128205 ,1.6653345369377348e-16 ,1.535612535612536 ,-0.4131054131054135 ,-0.16381766381766405 ,-0.3433048433048431 ,-0.03205128205128216 ,0.008547008547008593 ,0.3831908831908832 ,-0.05519943019943018 ,0.0 ,0.0 ,0.0 ,-0.03561253561253559 ,-0.40740740740740755 ,0.07122507122507118 ,-2.7755575615628914e-17 ,-1.6980056980056986 ,0.24216524216524216 ,0.03561253561253559 ,-0.4074074074074074 ,0.07122507122507125 ,0.0 ,0.0 ,0.0 ,0.0 ,0.0 ,0.0 ,-0.007122507122507138 ,0.2592592592592593 ,0.003205128205128218 ,-0.03561253561253562 ,-0.058404558404558486 ,0.12179487179487178 ,1.3877787807814457e-17 ,0.8803418803418807 ,0.01709401709401715 ,0.03561253561253559 ,-0.05840455840455859 ,0.12179487179487179 ,0.007122507122507156 ,0.25925925925925936 ,0.0032051282051281625 ,
0.0 ,0.0 ,0.0 ,0.0 ,0.0 ,0.0 ,0.007122507122507156 ,0.003205128205128199 ,0.2592592592592593 ,0.03561253561253557 ,0.12179487179487179 ,-0.05840455840455845 ,2.42861286636753e-17 ,0.017094017094017065 ,0.8803418803418805 ,-0.035612535612535606 ,0.12179487179487178 ,-0.05840455840455848 ,-0.007122507122507156 ,0.0032051282051281716 ,0.25925925925925924 ,0.0 ,0.0 ,0.0 ,0.18162393162393156 ,-0.07122507122507121 ,0.09686609686609686 ,-4.163336342344337e-17 ,-0.07122507122507103 ,-0.11680911680911699 ,-0.18162393162393156 ,-0.07122507122507121 ,0.09686609686609665 ,0.0 ,0.0 ,0.0 ,0.0 ,0.0 ,0.0 ,-0.055199430199430195 ,0.05519943019943017 ,0.08618233618233624 ,0.07122507122507121 ,-0.18162393162393162 ,0.09686609686609682 ,2.42861286636753e-17 ,-0.014245014245014355 ,0.5185185185185186 ,-0.07122507122507121 ,-0.1816239316239315 ,0.09686609686609689 ,0.05519943019943018 ,0.05519943019943019 ,0.08618233618233617 ,0.0 ,0.0 ,0.0 ,0.035612535612535565 ,0.07122507122507124 ,-0.40740740740740755 ,2.7755575615628914e-17 ,0.2421652421652424 ,-1.6980056980056983 ,-0.035612535612535565 ,0.0712250712250712 ,-0.40740740740740755 ,0.0 ,0.0 ,0.0 ,0.0712250712250712 ,-0.0712250712250712 ,-0.1310541310541313 ,0.0 ,-0.07122507122507113 ,-0.8148148148148151 ,-0.07122507122507121 ,-0.07122507122507118 ,-0.13105413105413113 ,0.0 ,0.0 ,0.0 ,0.0 ,0.0 ,0.0 ,0.008547008547008602 ,-0.05519943019943018 ,0.3831908831908833 ,-0.16381766381766394 ,-0.03205128205128207 ,-0.34330484330484345 ,1.3877787807814457e-16 ,-0.4131054131054135 ,1.5356125356125363 ,0.16381766381766374 ,-0.032051282051282125 ,-0.34330484330484307 ,-0.00854700854700848 ,-0.05519943019943021 ,0.3831908831908831 ,0.0 ,0.0 ,0.0 ,-0.09188034188034191 ,0.07122507122507118 ,-0.20797720797720798 ,-6.938893903907228e-18 ,0.3276353276353277 ,-0.6866096866096865 ,0.09188034188034193 ,0.0712250712250713 ,-0.20797720797720784 ,0.0 ,0.0 ,0.0 ,0.0 ,0.0 ,0.0 ,0.003205128205128196 ,-0.003205128205128187 ,0.2414529914529915 ,-0.07122507122507117 ,0.09188034188034191 ,-0.20797720797720792 ,-6.938893903907228e-18 ,-0.017094017094017075 ,0.7663817663817668 ,0.0712250712250712 ,0.09188034188034196 ,-0.20797720797720792 ,-0.003205128205128197 ,-0.0032051282051282683 ,0.24145299145299146 ,
0.0 ,0.0 ,0.0 ,0.0 ,0.0 ,0.0 ,0.0 ,0.0 ,0.0 ,0.0 ,0.0 ,0.0 ,-0.4074074074074075 ,-0.07122507122507127 ,0.03561253561253559 ,0.7293447293447297 ,5.160802341031001e-17 ,-4.152494320619482e-17 ,-0.4074074074074076 ,0.07122507122507124 ,-0.03561253561253557 ,0.0 ,0.0 ,0.0 ,0.0 ,0.0 ,0.0 ,-0.0854700854700856 ,0.14245014245014245 ,-0.21367521367521355 ,-0.08547008547008532 ,-0.14245014245014248 ,0.21367521367521358 ,0.0 ,0.0 ,0.0 ,0.0 ,0.0 ,0.0 ,0.0 ,0.0 ,0.0 ,0.0 ,0.0 ,0.0 ,-0.1310541310541312 ,-0.07122507122507121 ,0.0712250712250712 ,0.2621082621082625 ,-1.973247953923618e-17 ,-4.597017211338539e-17 ,-0.13105413105413122 ,0.07122507122507124 ,-0.07122507122507117 ,0.0 ,0.0 ,0.0 ,0.0 ,0.0 ,0.0 ,0.08547008547008558 ,-0.04273504273504261 ,-0.2849002849002849 ,0.08547008547008522 ,0.042735042735042555 ,0.28490028490028485 ,0.0 ,0.0 ,0.0 ,0.0 ,0.0 ,0.0 ,-0.08547008547008557 ,0.21367521367521364 ,-0.14245014245014237 ,-0.08547008547008528 ,-0.21367521367521367 ,0.1424501424501424 ,0.0 ,0.0 ,0.0 ,0.0 ,0.0 ,0.0 ,0.0 ,0.0 ,0.0 ,0.0 ,0.0 ,0.0 ,-0.849002849002849 ,-0.16381766381766405 ,0.16381766381766374 ,1.868945868945869 ,2.5326962749261384e-16 ,1.732555071631836e-16 ,-0.8490028490028491 ,0.16381766381766386 ,-0.16381766381766394 ,0.0 ,0.0 ,0.0 ,0.0 ,0.0 ,0.0 ,0.08547008547008558 ,0.28490028490028496 ,0.042735042735042854 ,0.08547008547008511 ,-0.28490028490028496 ,-0.04273504273504288 ,0.0 ,0.0 ,0.0 ,0.0 ,0.0 ,0.0 ,0.0 ,0.0 ,0.0 ,0.0 ,0.0 ,0.0 ,-0.40740740740740755 ,-0.0356125356125356 ,0.07122507122507123 ,0.7293447293447296 ,-5.204170427930421e-18 ,-3.903127820947816e-17 ,-0.40740740740740755 ,0.03561253561253562 ,-0.07122507122507118 ,
0.0 ,0.0 ,0.0 ,0.0 ,0.0 ,0.0 ,0.0 ,0.0 ,0.0 ,0.0 ,0.0 ,0.0 ,-0.07122507122507127 ,-0.20797720797720787 ,-0.12179487179487175 ,5.323432666903827e-17 ,0.3304843304843307 ,0.05128205128205132 ,0.07122507122507123 ,-0.20797720797720798 ,-0.12179487179487178 ,0.0 ,0.0 ,0.0 ,0.0 ,0.0 ,0.0 ,0.1424501424501425 ,-0.08547008547008565 ,0.21367521367521358 ,-0.1424501424501425 ,-0.08547008547008561 ,0.2136752136752136 ,0.0 ,0.0 ,0.0 ,0.0 ,0.0 ,0.0 ,0.0 ,0.0 ,0.0 ,0.0 ,0.0 ,0.0 ,-0.07122507122507123 ,0.0968660968660969 ,-0.18162393162393162 ,-1.6479873021779667e-17 ,-0.19373219373219353 ,0.2564102564102563 ,0.07122507122507125 ,0.0968660968660969 ,-0.18162393162393156 ,0.0 ,0.0 ,0.0 ,0.0 ,0.0 ,0.0 ,0.04273504273504285 ,0.29914529914529925 ,0.04273504273504265 ,-0.04273504273504288 ,0.29914529914529914 ,0.042735042735042854 ,0.0 ,0.0 ,0.0 ,0.0 ,0.0 ,0.0 ,0.21367521367521367 ,-0.2991452991452992 ,0.2136752136752136 ,-0.21367521367521364 ,-0.2991452991452989 ,0.2136752136752136 ,0.0 ,0.0 ,0.0 ,0.0 ,0.0 ,0.0 ,0.0 ,0.0 ,0.0 ,0.0 ,0.0 ,0.0 ,-0.12108262108262127 ,-0.3433048433048431 ,-0.032051282051282125 ,2.5326962749261384e-16 ,1.071225071225071 ,-0.25641025641025633 ,0.12108262108262108 ,-0.3433048433048433 ,-0.032051282051282076 ,0.0 ,0.0 ,0.0 ,0.0 ,0.0 ,0.0 ,0.28490028490028496 ,0.08547008547008551 ,-0.042735042735042666 ,-0.28490028490028496 ,0.08547008547008503 ,-0.04273504273504261 ,0.0 ,0.0 ,0.0 ,0.0 ,0.0 ,0.0 ,0.0 ,0.0 ,0.0 ,0.0 ,0.0 ,0.0 ,-0.03561253561253559 ,-0.058404558404558486 ,-0.09188034188034196 ,-3.469446951953614e-18 ,-0.18233618233618226 ,-0.05128205128205123 ,0.03561253561253562 ,-0.05840455840455832 ,-0.09188034188034189 ,
0.0 ,0.0 ,0.0 ,0.0 ,0.0 ,0.0 ,0.0 ,0.0 ,0.0 ,0.0 ,0.0 ,0.0 ,0.035612535612535585 ,-0.09188034188034185 ,-0.05840455840455838 ,-4.2392304944183223e-17 ,-0.05128205128205125 ,-0.18233618233618198 ,-0.035612535612535544 ,-0.09188034188034187 ,-0.058404558404558674 ,0.0 ,0.0 ,0.0 ,0.0 ,0.0 ,0.0 ,-0.21367521367521358 ,0.21367521367521358 ,-0.29914529914529897 ,0.21367521367521358 ,0.2136752136752136 ,-0.2991452991452988 ,0.0 ,0.0 ,0.0 ,0.0 ,0.0 ,0.0 ,0.0 ,0.0 ,0.0 ,0.0 ,0.0 ,0.0 ,0.07122507122507121 ,-0.1816239316239316 ,0.0968660968660968 ,-4.92227786308419e-17 ,0.2564102564102562 ,-0.1937321937321935 ,-0.07122507122507116 ,-0.1816239316239316 ,0.09686609686609671 ,0.0 ,0.0 ,0.0 ,0.0 ,0.0 ,0.0 ,-0.28490028490028474 ,-0.042735042735042736 ,0.08547008547008539 ,0.28490028490028485 ,-0.04273504273504257 ,0.0854700854700855 ,0.0 ,0.0 ,0.0 ,0.0 ,0.0 ,0.0 ,-0.14245014245014234 ,0.21367521367521355 ,-0.08547008547008544 ,0.14245014245014237 ,0.21367521367521358 ,-0.08547008547008525 ,0.0 ,0.0 ,0.0 ,0.0 ,0.0 ,0.0 ,0.0 ,0.0 ,0.0 ,0.0 ,0.0 ,0.0 ,0.12108262108262095 ,-0.03205128205128216 ,-0.34330484330484307 ,1.732555071631836e-16 ,-0.25641025641025633 ,1.0712250712250713 ,-0.12108262108262116 ,-0.032051282051282055 ,-0.3433048433048433 ,0.0 ,0.0 ,0.0 ,0.0 ,0.0 ,0.0 ,-0.04273504273504256 ,0.04273504273504286 ,0.29914529914529897 ,0.04273504273504257 ,0.04273504273504282 ,0.29914529914529864 ,0.0 ,0.0 ,0.0 ,0.0 ,0.0 ,0.0 ,0.0 ,0.0 ,0.0 ,0.0 ,0.0 ,0.0 ,0.07122507122507123 ,-0.12179487179487186 ,-0.20797720797720792 ,-3.903127820947816e-17 ,0.05128205128205127 ,0.33048433048433035 ,-0.0712250712250712 ,-0.1217948717948718 ,-0.20797720797720795 ,
0.0 ,0.0 ,0.0 ,0.0 ,0.0 ,0.0 ,0.0 ,0.0 ,0.0 ,0.0 ,0.0 ,0.0 ,0.2592592592592593 ,0.003205128205128217 ,0.007122507122507131 ,-0.4074074074074078 ,0.07122507122507124 ,0.035612535612535634 ,0.3831908831908834 ,-0.05519943019943021 ,0.008547008547008515 ,0.0 ,0.0 ,0.0 ,0.0 ,0.0 ,0.0 ,0.09686609686609703 ,-0.07122507122507123 ,0.18162393162393156 ,-0.2079772079772081 ,0.07122507122507123 ,-0.09188034188034185 ,0.0 ,0.0 ,0.0 ,0.0 ,0.0 ,0.0 ,0.0 ,0.0 ,0.0 ,0.0 ,0.0 ,0.0 ,0.08618233618233623 ,0.05519943019943021 ,-0.05519943019943021 ,-0.1310541310541313 ,-0.07122507122507121 ,0.07122507122507125 ,0.24145299145299157 ,-0.0032051282051282107 ,0.003205128205128165 ,0.0 ,0.0 ,0.0 ,0.0 ,0.0 ,0.0 ,-0.058404558404558375 ,0.12179487179487171 ,0.03561253561253556 ,-0.34330484330484323 ,-0.032051282051281965 ,-0.16381766381766383 ,0.0 ,0.0 ,0.0 ,0.0 ,0.0 ,0.0 ,0.09686609686609701 ,-0.18162393162393162 ,0.07122507122507117 ,-0.20797720797720812 ,0.0918803418803419 ,-0.07122507122507117 ,0.0 ,0.0 ,0.0 ,0.0 ,0.0 ,0.0 ,0.0 ,0.0 ,0.0 ,0.0 ,0.0 ,0.0 ,0.4401709401709401 ,0.008547008547008593 ,-0.00854700854700848 ,-0.8490028490028492 ,0.12108262108262108 ,-0.12108262108262116 ,0.767806267806268 ,-0.2065527065527066 ,0.2065527065527066 ,0.0 ,0.0 ,0.0 ,0.0 ,0.0 ,0.0 ,-0.05840455840455838 ,-0.03561253561253561 ,-0.1217948717948718 ,-0.3433048433048433 ,0.16381766381766388 ,0.03205128205128214 ,0.0 ,0.0 ,0.0 ,0.0 ,0.0 ,0.0 ,0.0 ,0.0 ,0.0 ,0.0 ,0.0 ,0.0 ,0.2592592592592593 ,-0.0071225071225071365 ,-0.003205128205128226 ,-0.4074074074074076 ,-0.035612535612535606 ,-0.07122507122507118 ,0.38319088319088335 ,-0.008547008547008551 ,0.05519943019943017 ,
0.0 ,0.0 ,0.0 ,0.0 ,0.0 ,0.0 ,0.0 ,0.0 ,0.0 ,0.0 ,0.0 ,0.0 ,-0.0032051282051281924 ,0.24145299145299134 ,-0.0032051282051282033 ,0.07122507122507123 ,-0.20797720797720798 ,0.09188034188034179 ,-0.05519943019943021 ,0.3831908831908831 ,-0.008547008547008583 ,0.0 ,0.0 ,0.0 ,0.0 ,0.0 ,0.0 ,-0.07122507122507124 ,-0.13105413105413086 ,-0.0712250712250712 ,0.07122507122507124 ,-0.4074074074074074 ,-0.03561253561253561 ,0.0 ,0.0 ,0.0 ,0.0 ,0.0 ,0.0 ,0.0 ,0.0 ,0.0 ,0.0 ,0.0 ,0.0 ,0.0551994301994302 ,0.08618233618233603 ,0.055199430199430216 ,-0.07122507122507124 ,0.09686609686609687 ,-0.18162393162393156 ,0.003205128205128207 ,0.2592592592592592 ,-0.007122507122507119 ,0.0 ,0.0 ,0.0 ,0.0 ,0.0 ,0.0 ,0.09188034188034183 ,-0.20797720797720778 ,0.07122507122507124 ,-0.03205128205128197 ,-0.34330484330484345 ,0.16381766381766388 ,0.0 ,0.0 ,0.0 ,0.0 ,0.0 ,0.0 ,-0.1816239316239316 ,0.09686609686609711 ,-0.07122507122507121 ,0.12179487179487182 ,-0.058404558404558674 ,-0.03561253561253568 ,0.0 ,0.0 ,0.0 ,0.0 ,0.0 ,0.0 ,0.0 ,0.0 ,0.0 ,0.0 ,0.0 ,0.0 ,-0.008547008547008513 ,0.3831908831908832 ,-0.05519943019943021 ,0.16381766381766386 ,-0.3433048433048433 ,-0.032051282051282055 ,-0.2065527065527066 ,0.7678062678062679 ,-0.20655270655270663 ,0.0 ,0.0 ,0.0 ,0.0 ,0.0 ,0.0 ,-0.03561253561253562 ,-0.4074074074074074 ,0.07122507122507117 ,0.1210826210826211 ,-0.8490028490028491 ,0.12108262108262105 ,0.0 ,0.0 ,0.0 ,0.0 ,0.0 ,0.0 ,0.0 ,0.0 ,0.0 ,0.0 ,0.0 ,0.0 ,-0.007122507122507114 ,0.2592592592592592 ,0.003205128205128268 ,-0.03561253561253561 ,-0.058404558404558334 ,0.12179487179487178 ,0.008547008547008558 ,0.44017094017094016 ,0.008547008547008541 ,
0.0 ,0.0 ,0.0 ,0.0 ,0.0 ,0.0 ,0.0 ,0.0 ,0.0 ,0.0 ,0.0 ,0.0 ,0.007122507122507121 ,0.003205128205128244 ,0.2592592592592592 ,0.035612535612535634 ,0.12179487179487167 ,-0.058404558404558674 ,-0.008547008547008577 ,0.008547008547008544 ,0.44017094017094044 ,0.0 ,0.0 ,0.0 ,0.0 ,0.0 ,0.0 ,0.18162393162393153 ,-0.07122507122507125 ,0.09686609686609694 ,-0.12179487179487175 ,-0.03561253561253557 ,-0.058404558404558694 ,0.0 ,0.0 ,0.0 ,0.0 ,0.0 ,0.0 ,0.0 ,0.0 ,0.0 ,0.0 ,0.0 ,0.0 ,-0.0551994301994302 ,0.0551994301994302 ,0.08618233618233617 ,0.07122507122507125 ,-0.18162393162393156 ,0.09686609686609672 ,-0.00320512820512825 ,-0.007122507122507098 ,0.25925925925925924 ,0.0 ,0.0 ,0.0 ,0.0 ,0.0 ,0.0 ,0.03561253561253558 ,0.0712250712250712 ,-0.40740740740740744 ,-0.12108262108262105 ,0.12108262108262116 ,-0.8490028490028488 ,0.0 ,0.0 ,0.0 ,0.0 ,0.0 ,0.0 ,0.07122507122507117 ,-0.07122507122507121 ,-0.131054131054131 ,-0.07122507122507118 ,-0.03561253561253561 ,-0.4074074074074074 ,0.0 ,0.0 ,0.0 ,0.0 ,0.0 ,0.0 ,0.0 ,0.0 ,0.0 ,0.0 ,0.0 ,0.0 ,0.00854700854700862 ,-0.05519943019943018 ,0.3831908831908831 ,-0.16381766381766394 ,-0.032051282051282076 ,-0.3433048433048433 ,0.2065527065527066 ,-0.20655270655270663 ,0.7678062678062679 ,0.0 ,0.0 ,0.0 ,0.0 ,0.0 ,0.0 ,-0.09188034188034196 ,0.07122507122507113 ,-0.20797720797720778 ,0.032051282051282146 ,0.16381766381766383 ,-0.34330484330484323 ,0.0 ,0.0 ,0.0 ,0.0 ,0.0 ,0.0 ,0.0 ,0.0 ,0.0 ,0.0 ,0.0 ,0.0 ,0.0032051282051281894 ,-0.003205128205128144 ,0.24145299145299146 ,-0.07122507122507117 ,0.0918803418803419 ,-0.2079772079772079 ,0.05519943019943017 ,-0.008547008547008569 ,0.3831908831908831 ,
-0.20797720797720792 ,-0.07122507122507121 ,-0.12179487179487179 ,-0.08547008547008547 ,0.14245014245014248 ,0.21367521367521367 ,0.09686609686609685 ,-0.07122507122507121 ,-0.1816239316239316 ,0.0 ,0.0 ,0.0 ,0.0 ,0.0 ,0.0 ,0.0 ,0.0 ,0.0 ,0.0 ,0.0 ,0.0 ,0.33048433048433046 ,-7.806255641895632e-18 ,0.05128205128205127 ,-0.1937321937321936 ,4.336808689942018e-19 ,0.25641025641025633 ,0.0 ,0.0 ,0.0 ,0.0 ,0.0 ,0.0 ,-0.20797720797720795 ,0.07122507122507124 ,-0.12179487179487179 ,-0.08547008547008546 ,-0.14245014245014245 ,0.21367521367521367 ,0.09686609686609682 ,0.07122507122507123 ,-0.18162393162393156 ,0.0 ,0.0 ,0.0 ,0.0 ,0.0 ,0.0 ,0.0 ,0.0 ,0.0 ,0.0 ,0.0 ,0.0 ,0.2991452991452991 ,0.042735042735042715 ,0.042735042735042764 ,-0.2991452991452991 ,0.21367521367521367 ,0.21367521367521364 ,0.0 ,0.0 ,0.0 ,0.0 ,0.0 ,0.0 ,0.29914529914529914 ,-0.04273504273504271 ,0.042735042735042764 ,-0.2991452991452991 ,-0.21367521367521364 ,0.2136752136752136 ,0.0 ,0.0 ,0.0 ,0.0 ,0.0 ,0.0 ,-0.3433048433048433 ,-0.1210826210826211 ,-0.03205128205128207 ,0.08547008547008547 ,0.2849002849002849 ,-0.042735042735042694 ,-0.05840455840455842 ,-0.03561253561253559 ,-0.09188034188034187 ,0.0 ,0.0 ,0.0 ,0.0 ,0.0 ,0.0 ,0.0 ,0.0 ,0.0 ,0.0 ,0.0 ,0.0 ,1e+50 ,1.474514954580286e-17 ,-0.25641025641025633 ,-0.18233618233618226 ,0.0 ,-0.05128205128205128 ,0.0 ,0.0 ,0.0 ,0.0 ,0.0 ,0.0 ,-0.3433048433048434 ,0.12108262108262108 ,-0.032051282051282076 ,0.0854700854700855 ,-0.2849002849002849 ,-0.042735042735042694 ,-0.05840455840455848 ,0.035612535612535606 ,-0.0918803418803419 ,0.0 ,0.0 ,0.0 ,0.0 ,0.0 ,0.0 ,0.0 ,0.0 ,0.0 ,0.0 ,0.0 ,0.0 ,
-0.07122507122507123 ,-0.4074074074074075 ,0.03561253561253561 ,0.1424501424501424 ,-0.08547008547008549 ,-0.21367521367521364 ,-0.07122507122507121 ,-0.13105413105413102 ,0.07122507122507123 ,0.0 ,0.0 ,0.0 ,0.0 ,0.0 ,0.0 ,0.0 ,0.0 ,0.0 ,0.0 ,0.0 ,0.0 ,-8.565197162635485e-18 ,0.7293447293447295 ,-2.0166160408230382e-17 ,-4.553649124439119e-18 ,0.2621082621082621 ,4.336808689942018e-18 ,0.0 ,0.0 ,0.0 ,0.0 ,0.0 ,0.0 ,0.07122507122507125 ,-0.4074074074074075 ,-0.03561253561253558 ,-0.14245014245014245 ,-0.08547008547008544 ,0.21367521367521364 ,0.07122507122507123 ,-0.13105413105413105 ,-0.07122507122507121 ,0.0 ,0.0 ,0.0 ,0.0 ,0.0 ,0.0 ,0.0 ,0.0 ,0.0 ,0.0 ,0.0 ,0.0 ,-0.04273504273504274 ,0.0854700854700854 ,-0.284900284900285 ,0.21367521367521364 ,-0.08547008547008546 ,-0.14245014245014243 ,0.0 ,0.0 ,0.0 ,0.0 ,0.0 ,0.0 ,0.042735042735042736 ,0.08547008547008547 ,0.2849002849002849 ,-0.21367521367521364 ,-0.08547008547008539 ,0.14245014245014243 ,0.0 ,0.0 ,0.0 ,0.0 ,0.0 ,0.0 ,-0.16381766381766388 ,-0.8490028490028492 ,0.16381766381766386 ,0.2849002849002849 ,0.08547008547008544 ,0.0427350427350428 ,-0.03561253561253559 ,-0.40740740740740733 ,0.0712250712250712 ,0.0 ,0.0 ,0.0 ,0.0 ,0.0 ,0.0 ,0.0 ,0.0 ,0.0 ,0.0 ,0.0 ,0.0 ,1.474514954580286e-17 ,1e+50 ,9.356664748549903e-17 ,-3.469446951953614e-18 ,0.7293447293447294 ,5.377642775528102e-17 ,0.0 ,0.0 ,0.0 ,0.0 ,0.0 ,0.0 ,0.16381766381766388 ,-0.8490028490028491 ,-0.16381766381766386 ,-0.2849002849002849 ,0.08547008547008546 ,-0.042735042735042764 ,0.035612535612535606 ,-0.40740740740740755 ,-0.07122507122507124 ,0.0 ,0.0 ,0.0 ,0.0 ,0.0 ,0.0 ,0.0 ,0.0 ,0.0 ,0.0 ,0.0 ,0.0 ,
-0.09188034188034189 ,0.03561253561253561 ,-0.05840455840455847 ,0.21367521367521364 ,-0.21367521367521364 ,-0.2991452991452991 ,-0.18162393162393162 ,0.07122507122507123 ,0.0968660968660968 ,0.0 ,0.0 ,0.0 ,0.0 ,0.0 ,0.0 ,0.0 ,0.0 ,0.0 ,0.0 ,0.0 ,0.0 ,-0.05128205128205127 ,-1.3688052427629493e-17 ,-0.1823361823361822 ,0.2564102564102563 ,3.686287386450715e-18 ,-0.19373219373219355 ,0.0 ,0.0 ,0.0 ,0.0 ,0.0 ,0.0 ,-0.09188034188034189 ,-0.03561253561253557 ,-0.05840455840455855 ,0.2136752136752137 ,0.21367521367521364 ,-0.2991452991452991 ,-0.1816239316239316 ,-0.07122507122507121 ,0.09686609686609676 ,0.0 ,0.0 ,0.0 ,0.0 ,0.0 ,0.0 ,0.0 ,0.0 ,0.0 ,0.0 ,0.0 ,0.0 ,-0.042735042735042715 ,-0.28490028490028485 ,0.08547008547008544 ,0.2136752136752136 ,-0.14245014245014245 ,-0.08547008547008539 ,0.0 ,0.0 ,0.0 ,0.0 ,0.0 ,0.0 ,-0.042735042735042694 ,0.28490028490028485 ,0.08547008547008564 ,0.2136752136752136 ,0.1424501424501424 ,-0.08547008547008533 ,0.0 ,0.0 ,0.0 ,0.0 ,0.0 ,0.0 ,-0.03205128205128206 ,0.12108262108262109 ,-0.3433048433048434 ,0.042735042735042764 ,-0.04273504273504268 ,0.29914529914529897 ,-0.12179487179487176 ,0.0712250712250712 ,-0.207977207977208 ,0.0 ,0.0 ,0.0 ,0.0 ,0.0 ,0.0 ,0.0 ,0.0 ,0.0 ,0.0 ,0.0 ,0.0 ,-0.25641025641025633 ,9.356664748549903e-17 ,1e+50 ,0.05128205128205125 ,5.2909066017292616e-17 ,0.33048433048433035 ,0.0 ,0.0 ,0.0 ,0.0 ,0.0 ,0.0 ,-0.032051282051282055 ,-0.12108262108262113 ,-0.34330484330484334 ,0.042735042735042764 ,0.04273504273504267 ,0.2991452991452991 ,-0.1217948717948718 ,-0.07122507122507124 ,-0.20797720797720798 ,0.0 ,0.0 ,0.0 ,0.0 ,0.0 ,0.0 ,0.0 ,0.0 ,0.0 ,0.0 ,0.0 ,0.0 ,
0.09686609686609682 ,0.07122507122507121 ,0.1816239316239316 ,-0.08547008547008547 ,-0.14245014245014245 ,-0.21367521367521367 ,-0.41595441595441596 ,-1.3877787807814457e-17 ,2.7755575615628914e-17 ,-0.08547008547008546 ,0.1424501424501425 ,0.21367521367521367 ,0.09686609686609679 ,-0.07122507122507123 ,-0.1816239316239316 ,0.0 ,0.0 ,0.0 ,0.0 ,0.0 ,0.0 ,-0.1937321937321936 ,-8.673617379884035e-19 ,-0.25641025641025633 ,0.6609686609686607 ,1.3986208025063007e-17 ,6.938893903907228e-18 ,-0.19373219373219358 ,-5.637851296924623e-18 ,0.25641025641025633 ,0.0 ,0.0 ,0.0 ,0.09686609686609682 ,-0.07122507122507124 ,0.1816239316239316 ,-0.08547008547008542 ,0.14245014245014245 ,-0.2136752136752136 ,-0.41595441595441596 ,0.0 ,0.0 ,-0.08547008547008544 ,-0.14245014245014243 ,0.21367521367521364 ,0.09686609686609679 ,0.07122507122507121 ,-0.18162393162393156 ,0.0 ,0.0 ,0.0 ,0.0 ,0.0 ,0.0 ,-0.299145299145299 ,-0.21367521367521364 ,-0.21367521367521364 ,0.5982905982905982 ,5.551115123125783e-17 ,-2.0816681711721685e-17 ,-0.299145299145299 ,0.21367521367521364 ,0.21367521367521364 ,0.0 ,0.0 ,0.0 ,-0.2991452991452991 ,0.21367521367521367 ,-0.2136752136752136 ,0.598290598290598 ,6.938893903907228e-18 ,-3.469446951953614e-17 ,-0.299145299145299 ,-0.2136752136752137 ,0.21367521367521367 ,0.0 ,0.0 ,0.0 ,-0.05840455840455841 ,0.035612535612535606 ,0.09188034188034189 ,0.0854700854700854 ,-0.28490028490028496 ,0.04273504273504268 ,-0.6866096866096867 ,-2.7755575615628914e-17 ,-2.7755575615628914e-17 ,0.08547008547008528 ,0.28490028490028496 ,-0.042735042735042625 ,-0.058404558404558396 ,-0.03561253561253559 ,-0.09188034188034191 ,0.0 ,0.0 ,0.0 ,0.0 ,0.0 ,0.0 ,-0.18233618233618226 ,-3.469446951953614e-18 ,0.05128205128205125 ,2.1424501424501425 ,8.673617379884035e-18 ,-5.551115123125783e-17 ,-0.18233618233618215 ,6.938893903907228e-18 ,-0.051282051282051204 ,0.0 ,0.0 ,0.0 ,-0.05840455840455846 ,-0.03561253561253558 ,0.0918803418803419 ,0.08547008547008544 ,0.28490028490028485 ,0.042735042735042694 ,-0.6866096866096867 ,-1.3877787807814457e-17 ,-1.3877787807814457e-17 ,0.0854700854700853 ,-0.28490028490028485 ,-0.04273504273504265 ,-0.05840455840455842 ,0.03561253561253556 ,-0.09188034188034194 ,0.0 ,0.0 ,0.0 ,0.0 ,0.0 ,0.0 ,
0.07122507122507121 ,-0.13105413105413105 ,0.07122507122507121 ,-0.14245014245014243 ,-0.08547008547008544 ,-0.21367521367521367 ,-1.3877787807814457e-17 ,-0.8148148148148149 ,0.07122507122507118 ,0.1424501424501424 ,-0.08547008547008536 ,-0.21367521367521364 ,-0.07122507122507121 ,-0.1310541310541311 ,0.0712250712250712 ,0.0 ,0.0 ,0.0 ,0.0 ,0.0 ,0.0 ,8.673617379884035e-19 ,0.2621082621082621 ,4.336808689942018e-18 ,1.4094628242311558e-17 ,1.4586894586894588 ,3.550762114890027e-17 ,-4.553649124439119e-18 ,0.2621082621082621 ,1.3444106938820255e-17 ,0.0 ,0.0 ,0.0 ,-0.07122507122507124 ,-0.13105413105413105 ,-0.07122507122507121 ,0.14245014245014248 ,-0.08547008547008544 ,0.21367521367521367 ,-1.3877787807814457e-17 ,-0.814814814814815 ,-0.07122507122507127 ,-0.14245014245014245 ,-0.08547008547008537 ,0.2136752136752137 ,0.07122507122507124 ,-0.13105413105413102 ,-0.07122507122507124 ,0.0 ,0.0 ,0.0 ,0.0 ,0.0 ,0.0 ,-0.21367521367521367 ,-0.08547008547008546 ,-0.14245014245014243 ,1.0408340855860843e-16 ,0.170940170940171 ,-0.5698005698005699 ,0.2136752136752136 ,-0.08547008547008535 ,-0.14245014245014237 ,0.0 ,0.0 ,0.0 ,0.21367521367521367 ,-0.08547008547008542 ,0.14245014245014243 ,2.0816681711721685e-17 ,0.17094017094017092 ,0.5698005698005699 ,-0.21367521367521364 ,-0.08547008547008547 ,0.14245014245014248 ,0.0 ,0.0 ,0.0 ,0.035612535612535606 ,-0.4074074074074075 ,0.07122507122507118 ,-0.28490028490028496 ,0.08547008547008539 ,0.04273504273504278 ,-5.551115123125783e-17 ,-1.6980056980056983 ,0.32763532763532766 ,0.28490028490028496 ,0.08547008547008556 ,0.0427350427350428 ,-0.03561253561253561 ,-0.40740740740740755 ,0.07122507122507118 ,0.0 ,0.0 ,0.0 ,0.0 ,0.0 ,0.0 ,0.0 ,0.7293447293447294 ,5.2909066017292616e-17 ,8.673617379884035e-18 ,3.7378917378917382 ,9.421716878899034e-17 ,-1.734723475976807e-18 ,0.7293447293447294 ,2.0816681711721685e-17 ,0.0 ,0.0 ,0.0 ,-0.035612535612535606 ,-0.4074074074074074 ,-0.07122507122507125 ,0.28490028490028496 ,0.0854700854700855 ,-0.04273504273504273 ,-5.551115123125783e-17 ,-1.6980056980056983 ,-0.32763532763532777 ,-0.2849002849002849 ,0.08547008547008536 ,-0.04273504273504286 ,0.035612535612535585 ,-0.40740740740740744 ,-0.07122507122507123 ,0.0 ,0.0 ,0.0 ,0.0 ,0.0 ,0.0 ,
0.18162393162393162 ,0.0712250712250712 ,0.09686609686609683 ,-0.21367521367521364 ,-0.21367521367521364 ,-0.2991452991452991 ,-1.3877787807814457e-17 ,0.07122507122507116 ,-0.11680911680911701 ,0.2136752136752137 ,-0.21367521367521367 ,-0.29914529914529897 ,-0.1816239316239316 ,0.07122507122507121 ,0.09686609686609678 ,0.0 ,0.0 ,0.0 ,0.0 ,0.0 ,0.0 ,-0.25641025641025633 ,4.9873299934333204e-18 ,-0.19373219373219358 ,-6.938893903907228e-18 ,2.2822455730819868e-17 ,-0.36467236467236464 ,0.2564102564102563 ,6.071532165918825e-18 ,-0.19373219373219364 ,0.0 ,0.0 ,0.0 ,0.1816239316239316 ,-0.07122507122507121 ,0.0968660968660968 ,-0.21367521367521364 ,0.21367521367521364 ,-0.299145299145299 ,0.0 ,-0.07122507122507121 ,-0.11680911680911699 ,0.2136752136752137 ,0.21367521367521364 ,-0.29914529914529897 ,-0.18162393162393156 ,-0.07122507122507123 ,0.09686609686609676 ,0.0 ,0.0 ,0.0 ,0.0 ,0.0 ,0.0 ,-0.2136752136752136 ,-0.14245014245014245 ,-0.08547008547008547 ,-3.469446951953614e-17 ,-0.5698005698005697 ,0.17094017094017105 ,0.2136752136752136 ,-0.14245014245014243 ,-0.08547008547008542 ,0.0 ,0.0 ,0.0 ,-0.21367521367521358 ,0.1424501424501424 ,-0.08547008547008539 ,-4.163336342344337e-17 ,0.5698005698005699 ,0.17094017094017122 ,0.2136752136752136 ,0.14245014245014248 ,-0.08547008547008539 ,0.0 ,0.0 ,0.0 ,0.12179487179487178 ,0.07122507122507118 ,-0.20797720797720795 ,-0.042735042735042764 ,-0.04273504273504269 ,0.299145299145299 ,-6.938893903907228e-18 ,0.2421652421652421 ,-0.6866096866096867 ,0.042735042735042826 ,-0.04273504273504268 ,0.2991452991452989 ,-0.1217948717948718 ,0.07122507122507118 ,-0.20797720797720798 ,0.0 ,0.0 ,0.0 ,0.0 ,0.0 ,0.0 ,-0.05128205128205128 ,5.377642775528102e-17 ,0.33048433048433035 ,-5.551115123125783e-17 ,9.421716878899034e-17 ,2.1424501424501425 ,0.051282051282051336 ,2.42861286636753e-17 ,0.3304843304843304 ,0.0 ,0.0 ,0.0 ,0.1217948717948718 ,-0.07122507122507124 ,-0.20797720797720792 ,-0.04273504273504276 ,0.04273504273504272 ,0.29914529914529897 ,-2.0816681711721685e-17 ,-0.24216524216524227 ,-0.6866096866096868 ,0.04273504273504279 ,0.042735042735042646 ,0.29914529914529897 ,-0.12179487179487182 ,-0.07122507122507121 ,-0.20797720797720795 ,0.0 ,0.0 ,0.0 ,0.0 ,0.0 ,0.0 ,
0.0 ,0.0 ,0.0 ,0.0 ,0.0 ,0.0 ,0.09686609686609686 ,0.07122507122507121 ,0.18162393162393162 ,-0.0854700854700855 ,-0.14245014245014248 ,-0.2136752136752137 ,-0.4159544159544156 ,0.0 ,1.3877787807814457e-17 ,-0.08547008547008571 ,0.14245014245014254 ,0.21367521367521372 ,0.09686609686609705 ,-0.07122507122507123 ,-0.18162393162393162 ,0.0 ,0.0 ,0.0 ,-0.19373219373219358 ,-2.8189256484623115e-18 ,-0.25641025641025633 ,0.6609686609686611 ,2.2768245622195593e-18 ,-1.3877787807814457e-17 ,-0.19373219373219377 ,-8.673617379884035e-19 ,0.25641025641025633 ,0.0 ,0.0 ,0.0 ,0.0 ,0.0 ,0.0 ,0.09686609686609678 ,-0.07122507122507123 ,0.18162393162393156 ,-0.08547008547008539 ,0.14245014245014243 ,-0.21367521367521364 ,-0.41595441595441585 ,2.7755575615628914e-17 ,0.0 ,-0.08547008547008568 ,-0.14245014245014248 ,0.2136752136752137 ,0.09686609686609701 ,0.07122507122507123 ,-0.1816239316239316 ,0.0 ,0.0 ,0.0 ,-0.299145299145299 ,-0.21367521367521367 ,-0.2136752136752136 ,0.598290598290598 ,9.020562075079397e-17 ,-5.551115123125783e-17 ,-0.29914529914529925 ,0.21367521367521364 ,0.21367521367521364 ,0.0 ,0.0 ,0.0 ,-0.29914529914529897 ,0.21367521367521364 ,-0.21367521367521358 ,0.5982905982905982 ,-4.163336342344337e-17 ,-9.020562075079397e-17 ,-0.2991452991452992 ,-0.2136752136752136 ,0.21367521367521364 ,0.0 ,0.0 ,0.0 ,0.0 ,0.0 ,0.0 ,-0.05840455840455851 ,0.03561253561253562 ,0.0918803418803419 ,0.08547008547008558 ,-0.28490028490028496 ,0.042735042735042625 ,-0.6866096866096869 ,-2.7755575615628914e-17 ,-6.938893903907228e-18 ,0.08547008547008558 ,0.28490028490028496 ,-0.04273504273504256 ,-0.05840455840455838 ,-0.03561253561253562 ,-0.09188034188034196 ,0.0 ,0.0 ,0.0 ,-0.18233618233618215 ,-1.734723475976807e-18 ,0.051282051282051336 ,2.1424501424501425 ,-1.0408340855860843e-17 ,-1.1102230246251565e-16 ,-0.18233618233618235 ,3.469446951953614e-18 ,-0.05128205128205116 ,0.0 ,0.0 ,0.0 ,0.0 ,0.0 ,0.0 ,-0.05840455840455851 ,-0.03561253561253562 ,0.09188034188034189 ,0.08547008547008556 ,0.28490028490028485 ,0.04273504273504265 ,-0.6866096866096868 ,-5.551115123125783e-17 ,-2.0816681711721685e-17 ,0.08547008547008557 ,-0.28490028490028496 ,-0.042735042735042555 ,-0.05840455840455843 ,0.03561253561253559 ,-0.09188034188034196 ,
0.0 ,0.0 ,0.0 ,0.0 ,0.0 ,0.0 ,0.07122507122507124 ,-0.131054131054131 ,0.07122507122507124 ,-0.14245014245014245 ,-0.08547008547008556 ,-0.21367521367521364 ,-1.3877787807814457e-17 ,-0.8148148148148143 ,0.07122507122507127 ,0.14245014245014245 ,-0.08547008547008575 ,-0.2136752136752136 ,-0.07122507122507123 ,-0.13105413105413083 ,0.07122507122507125 ,0.0 ,0.0 ,0.0 ,-2.6020852139652106e-18 ,0.2621082621082621 ,1.3010426069826053e-18 ,7.48099499014998e-18 ,1.4586894586894585 ,-9.215718466126788e-18 ,3.0357660829594124e-18 ,0.26210826210826194 ,-3.469446951953614e-18 ,0.0 ,0.0 ,0.0 ,0.0 ,0.0 ,0.0 ,-0.07122507122507123 ,-0.13105413105413105 ,-0.0712250712250712 ,0.14245014245014248 ,-0.08547008547008543 ,0.2136752136752136 ,0.0 ,-0.8148148148148148 ,-0.07122507122507127 ,-0.14245014245014248 ,-0.08547008547008557 ,0.21367521367521355 ,0.07122507122507124 ,-0.13105413105413088 ,-0.07122507122507124 ,0.0 ,0.0 ,0.0 ,-0.21367521367521364 ,-0.08547008547008543 ,-0.14245014245014237 ,9.020562075079397e-17 ,0.17094017094017078 ,-0.56980056980057 ,0.21367521367521358 ,-0.08547008547008546 ,-0.14245014245014243 ,0.0 ,0.0 ,0.0 ,0.21367521367521364 ,-0.08547008547008533 ,0.14245014245014243 ,-2.0816681711721685e-17 ,0.1709401709401706 ,0.5698005698005699 ,-0.2136752136752136 ,-0.08547008547008528 ,0.14245014245014245 ,0.0 ,0.0 ,0.0 ,0.0 ,0.0 ,0.0 ,0.03561253561253562 ,-0.4074074074074074 ,0.07122507122507124 ,-0.2849002849002849 ,0.08547008547008536 ,0.04273504273504266 ,0.0 ,-1.6980056980056986 ,0.3276353276353277 ,0.28490028490028496 ,0.08547008547008551 ,0.04273504273504286 ,-0.03561253561253561 ,-0.4074074074074074 ,0.07122507122507113 ,0.0 ,0.0 ,0.0 ,6.938893903907228e-18 ,0.7293447293447294 ,2.42861286636753e-17 ,-1.0408340855860843e-17 ,3.7378917378917387 ,1.5590827240341554e-16 ,-1.734723475976807e-18 ,0.7293447293447295 ,7.112366251504909e-17 ,0.0 ,0.0 ,0.0 ,0.0 ,0.0 ,0.0 ,-0.03561253561253562 ,-0.4074074074074074 ,-0.07122507122507124 ,0.28490028490028496 ,0.0854700854700855 ,-0.04273504273504275 ,-2.7755575615628914e-17 ,-1.6980056980056983 ,-0.327635327635328 ,-0.2849002849002849 ,0.0854700854700855 ,-0.04273504273504267 ,0.03561253561253558 ,-0.4074074074074075 ,-0.07122507122507125 ,
0.0 ,0.0 ,0.0 ,0.0 ,0.0 ,0.0 ,0.18162393162393162 ,0.07122507122507123 ,0.09686609686609682 ,-0.21367521367521367 ,-0.21367521367521367 ,-0.29914529914529914 ,-1.3877787807814457e-17 ,0.07122507122507121 ,-0.11680911680911645 ,0.2136752136752137 ,-0.21367521367521364 ,-0.29914529914529936 ,-0.18162393162393162 ,0.07122507122507125 ,0.09686609686609712 ,0.0 ,0.0 ,0.0 ,-0.25641025641025633 ,-1.0842021724855044e-18 ,-0.19373219373219355 ,-1.3877787807814457e-17 ,-2.1141942363467336e-17 ,-0.3646723646723644 ,0.2564102564102563 ,-1.431146867680866e-17 ,-0.1937321937321936 ,0.0 ,0.0 ,0.0 ,0.0 ,0.0 ,0.0 ,0.18162393162393156 ,-0.0712250712250712 ,0.09686609686609673 ,-0.21367521367521364 ,0.21367521367521358 ,-0.2991452991452991 ,0.0 ,-0.0712250712250712 ,-0.11680911680911654 ,0.2136752136752137 ,0.21367521367521355 ,-0.2991452991452994 ,-0.18162393162393162 ,-0.07122507122507123 ,0.09686609686609701 ,0.0 ,0.0 ,0.0 ,-0.2136752136752136 ,-0.1424501424501424 ,-0.0854700854700853 ,-4.163336342344337e-17 ,-0.5698005698005697 ,0.17094017094017053 ,0.21367521367521364 ,-0.1424501424501424 ,-0.08547008547008568 ,0.0 ,0.0 ,0.0 ,-0.21367521367521358 ,0.1424501424501424 ,-0.08547008547008522 ,-5.551115123125783e-17 ,0.5698005698005699 ,0.17094017094017078 ,0.21367521367521364 ,0.14245014245014243 ,-0.08547008547008556 ,0.0 ,0.0 ,0.0 ,0.0 ,0.0 ,0.0 ,0.12179487179487179 ,0.07122507122507123 ,-0.207977207977208 ,-0.04273504273504285 ,-0.04273504273504278 ,0.299145299145299 ,6.938893903907228e-18 ,0.24216524216524216 ,-0.6866096866096865 ,0.042735042735042854 ,-0.042735042735042666 ,0.29914529914529897 ,-0.1217948717948718 ,0.07122507122507117 ,-0.20797720797720778 ,0.0 ,0.0 ,0.0 ,-0.051282051282051204 ,2.0816681711721685e-17 ,0.3304843304843304 ,-1.1102230246251565e-16 ,1.5590827240341554e-16 ,2.1424501424501425 ,0.05128205128205138 ,6.331740687315346e-17 ,0.3304843304843303 ,0.0 ,0.0 ,0.0 ,0.0 ,0.0 ,0.0 ,0.12179487179487182 ,-0.07122507122507125 ,-0.207977207977208 ,-0.042735042735042805 ,0.04273504273504269 ,0.29914529914529914 ,-2.0816681711721685e-17 ,-0.24216524216524232 ,-0.6866096866096866 ,0.04273504273504286 ,0.04273504273504278 ,0.29914529914529897 ,-0.12179487179487186 ,-0.07122507122507123 ,-0.2079772079772078 ,
0.0 ,0.0 ,0.0 ,0.0 ,0.0 ,0.0 ,0.0 ,0.0 ,0.0 ,0.0 ,0.0 ,0.0 ,0.09686609686609689 ,0.07122507122507123 ,0.18162393162393162 ,-0.08547008547008537 ,-0.1424501424501425 ,-0.21367521367521372 ,-0.207977207977208 ,0.07122507122507123 ,0.12179487179487183 ,0.0 ,0.0 ,0.0 ,0.0 ,0.0 ,0.0 ,-0.1937321937321938 ,3.469446951953614e-18 ,-0.2564102564102564 ,0.33048433048433057 ,1.9081958235744878e-17 ,-0.05128205128205128 ,0.0 ,0.0 ,0.0 ,0.0 ,0.0 ,0.0 ,0.0 ,0.0 ,0.0 ,0.0 ,0.0 ,0.0 ,0.09686609686609682 ,-0.07122507122507124 ,0.1816239316239316 ,-0.08547008547008529 ,0.14245014245014248 ,-0.2136752136752137 ,-0.20797720797720812 ,-0.07122507122507127 ,0.12179487179487182 ,0.0 ,0.0 ,0.0 ,0.0 ,0.0 ,0.0 ,-0.2991452991452992 ,-0.21367521367521367 ,-0.2136752136752136 ,0.29914529914529936 ,-0.04273504273504264 ,-0.042735042735042736 ,0.0 ,0.0 ,0.0 ,0.0 ,0.0 ,0.0 ,-0.2991452991452992 ,0.21367521367521372 ,-0.21367521367521358 ,0.2991452991452994 ,0.04273504273504265 ,-0.042735042735042784 ,0.0 ,0.0 ,0.0 ,0.0 ,0.0 ,0.0 ,0.0 ,0.0 ,0.0 ,0.0 ,0.0 ,0.0 ,-0.05840455840455823 ,0.03561253561253559 ,0.09188034188034193 ,0.08547008547008508 ,-0.28490028490028496 ,0.04273504273504257 ,-0.3433048433048433 ,0.1210826210826211 ,0.032051282051282146 ,0.0 ,0.0 ,0.0 ,0.0 ,0.0 ,0.0 ,-0.18233618233618235 ,-1.734723475976807e-18 ,0.05128205128205138 ,1.0712250712250713 ,0.0 ,0.2564102564102562 ,0.0 ,0.0 ,0.0 ,0.0 ,0.0 ,0.0 ,0.0 ,0.0 ,0.0 ,0.0 ,0.0 ,0.0 ,-0.05840455840455826 ,-0.03561253561253561 ,0.09188034188034196 ,0.08547008547008518 ,0.28490028490028496 ,0.042735042735042555 ,-0.34330484330484323 ,-0.12108262108262113 ,0.032051282051282146 ,
0.0 ,0.0 ,0.0 ,0.0 ,0.0 ,0.0 ,0.0 ,0.0 ,0.0 ,0.0 ,0.0 ,0.0 ,0.07122507122507121 ,-0.13105413105413086 ,0.07122507122507125 ,-0.14245014245014245 ,-0.08547008547008561 ,-0.21367521367521364 ,0.07122507122507121 ,-0.4074074074074073 ,0.03561253561253566 ,0.0 ,0.0 ,0.0 ,0.0 ,0.0 ,0.0 ,5.637851296924623e-18 ,0.262108262108262 ,-3.903127820947816e-18 ,2.0816681711721685e-17 ,0.7293447293447296 ,1.734723475976807e-17 ,0.0 ,0.0 ,0.0 ,0.0 ,0.0 ,0.0 ,0.0 ,0.0 ,0.0 ,0.0 ,0.0 ,0.0 ,-0.07122507122507125 ,-0.13105413105413088 ,-0.07122507122507123 ,0.1424501424501425 ,-0.08547008547008558 ,0.21367521367521355 ,-0.07122507122507125 ,-0.40740740740740733 ,-0.03561253561253564 ,0.0 ,0.0 ,0.0 ,0.0 ,0.0 ,0.0 ,-0.21367521367521367 ,-0.08547008547008578 ,-0.14245014245014248 ,0.042735042735042805 ,0.08547008547008597 ,-0.28490028490028496 ,0.0 ,0.0 ,0.0 ,0.0 ,0.0 ,0.0 ,0.21367521367521372 ,-0.08547008547008576 ,0.14245014245014243 ,-0.04273504273504278 ,0.08547008547008597 ,0.28490028490028496 ,0.0 ,0.0 ,0.0 ,0.0 ,0.0 ,0.0 ,0.0 ,0.0 ,0.0 ,0.0 ,0.0 ,0.0 ,0.03561253561253559 ,-0.4074074074074074 ,0.0712250712250713 ,-0.28490028490028496 ,0.08547008547008503 ,0.04273504273504282 ,0.16381766381766388 ,-0.8490028490028491 ,0.16381766381766383 ,0.0 ,0.0 ,0.0 ,0.0 ,0.0 ,0.0 ,3.469446951953614e-18 ,0.7293447293447295 ,6.331740687315346e-17 ,0.0 ,1.8689458689458691 ,9.020562075079397e-17 ,0.0 ,0.0 ,0.0 ,0.0 ,0.0 ,0.0 ,0.0 ,0.0 ,0.0 ,0.0 ,0.0 ,0.0 ,-0.03561253561253563 ,-0.4074074074074074 ,-0.07122507122507132 ,0.284900284900285 ,0.0854700854700852 ,-0.04273504273504278 ,-0.16381766381766394 ,-0.8490028490028493 ,-0.16381766381766394 ,
0.0 ,0.0 ,0.0 ,0.0 ,0.0 ,0.0 ,0.0 ,0.0 ,0.0 ,0.0 ,0.0 ,0.0 ,0.18162393162393162 ,0.07122507122507121 ,0.09686609686609678 ,-0.2136752136752137 ,-0.21367521367521358 ,-0.29914529914529897 ,0.09188034188034191 ,0.03561253561253565 ,-0.05840455840455855 ,0.0 ,0.0 ,0.0 ,0.0 ,0.0 ,0.0 ,-0.25641025641025633 ,9.75781955236954e-18 ,-0.1937321937321936 ,0.05128205128205125 ,1.0408340855860843e-17 ,-0.18233618233618193 ,0.0 ,0.0 ,0.0 ,0.0 ,0.0 ,0.0 ,0.0 ,0.0 ,0.0 ,0.0 ,0.0 ,0.0 ,0.18162393162393162 ,-0.07122507122507121 ,0.09686609686609672 ,-0.21367521367521367 ,0.2136752136752136 ,-0.2991452991452989 ,0.09188034188034191 ,-0.03561253561253562 ,-0.05840455840455864 ,0.0 ,0.0 ,0.0 ,0.0 ,0.0 ,0.0 ,-0.2136752136752136 ,-0.14245014245014248 ,-0.08547008547008543 ,0.04273504273504269 ,-0.28490028490028485 ,0.08547008547008583 ,0.0 ,0.0 ,0.0 ,0.0 ,0.0 ,0.0 ,-0.21367521367521358 ,0.1424501424501424 ,-0.08547008547008532 ,0.042735042735042646 ,0.2849002849002849 ,0.08547008547008586 ,0.0 ,0.0 ,0.0 ,0.0 ,0.0 ,0.0 ,0.0 ,0.0 ,0.0 ,0.0 ,0.0 ,0.0 ,0.12179487179487182 ,0.07122507122507125 ,-0.20797720797720784 ,-0.04273504273504288 ,-0.04273504273504261 ,0.29914529914529864 ,0.03205128205128214 ,0.12108262108262105 ,-0.34330484330484323 ,0.0 ,0.0 ,0.0 ,0.0 ,0.0 ,0.0 ,-0.05128205128205116 ,7.112366251504909e-17 ,0.3304843304843303 ,0.2564102564102562 ,9.020562075079397e-17 ,1.071225071225071 ,0.0 ,0.0 ,0.0 ,0.0 ,0.0 ,0.0 ,0.0 ,0.0 ,0.0 ,0.0 ,0.0 ,0.0 ,0.12179487179487188 ,-0.07122507122507132 ,-0.2079772079772079 ,-0.04273504273504289 ,0.04273504273504264 ,0.2991452991452987 ,0.032051282051282125 ,-0.12108262108262116 ,-0.34330484330484345 ,
0.2414529914529914 ,-0.003205128205128204 ,-0.003205128205128202 ,-0.13105413105413105 ,-0.07122507122507118 ,-0.07122507122507121 ,0.0861823361823362 ,0.0551994301994302 ,0.05519943019943021 ,0.0 ,0.0 ,0.0 ,0.0 ,0.0 ,0.0 ,0.0 ,0.0 ,0.0 ,0.0 ,0.0 ,0.0 ,-0.20797720797720795 ,0.07122507122507123 ,0.09188034188034189 ,0.09686609686609683 ,-0.07122507122507123 ,-0.1816239316239316 ,0.0 ,0.0 ,0.0 ,0.0 ,0.0 ,0.0 ,0.3831908831908833 ,-0.05519943019943021 ,-0.008547008547008555 ,-0.40740740740740755 ,0.07122507122507121 ,-0.03561253561253565 ,0.25925925925925936 ,0.0032051282051282024 ,-0.007122507122507131 ,0.0 ,0.0 ,0.0 ,0.0 ,0.0 ,0.0 ,0.0 ,0.0 ,0.0 ,0.0 ,0.0 ,0.0 ,-0.20797720797720795 ,0.09188034188034187 ,0.07122507122507123 ,0.09686609686609682 ,-0.18162393162393156 ,-0.07122507122507123 ,0.0 ,0.0 ,0.0 ,0.0 ,0.0 ,0.0 ,-0.34330484330484334 ,-0.03205128205128205 ,0.16381766381766386 ,-0.05840455840455849 ,0.1217948717948718 ,-0.035612535612535606 ,0.0 ,0.0 ,0.0 ,0.0 ,0.0 ,0.0 ,0.3831908831908833 ,-0.008547008547008558 ,-0.055199430199430174 ,-0.4074074074074074 ,-0.035612535612535606 ,0.0712250712250712 ,0.2592592592592593 ,-0.0071225071225071365 ,0.0032051282051282133 ,0.0 ,0.0 ,0.0 ,0.0 ,0.0 ,0.0 ,0.0 ,0.0 ,0.0 ,0.0 ,0.0 ,0.0 ,-0.34330484330484334 ,0.16381766381766388 ,-0.032051282051282055 ,-0.058404558404558445 ,-0.035612535612535606 ,0.1217948717948718 ,0.0 ,0.0 ,0.0 ,0.0 ,0.0 ,0.0 ,1e+50 ,-0.20655270655270666 ,-0.20655270655270663 ,-0.8490028490028494 ,0.1210826210826211 ,0.12108262108262108 ,0.4401709401709404 ,0.008547008547008555 ,0.00854700854700859 ,0.0 ,0.0 ,0.0 ,0.0 ,0.0 ,0.0 ,0.0 ,0.0 ,0.0 ,0.0 ,0.0 ,0.0 ,
0.003205128205128197 ,0.25925925925925924 ,0.007122507122507142 ,-0.07122507122507121 ,0.09686609686609686 ,0.18162393162393162 ,0.055199430199430195 ,0.0861823361823362 ,-0.05519943019943021 ,0.0 ,0.0 ,0.0 ,0.0 ,0.0 ,0.0 ,0.0 ,0.0 ,0.0 ,0.0 ,0.0 ,0.0 ,0.07122507122507123 ,-0.40740740740740744 ,0.03561253561253563 ,-0.07122507122507121 ,-0.13105413105413102 ,0.07122507122507121 ,0.0 ,0.0 ,0.0 ,0.0 ,0.0 ,0.0 ,-0.0551994301994302 ,0.3831908831908833 ,0.008547008547008524 ,0.07122507122507123 ,-0.20797720797720795 ,-0.09188034188034186 ,-0.003205128205128207 ,0.24145299145299143 ,0.003205128205128204 ,0.0 ,0.0 ,0.0 ,0.0 ,0.0 ,0.0 ,0.0 ,0.0 ,0.0 ,0.0 ,0.0 ,0.0 ,0.12179487179487178 ,-0.05840455840455843 ,0.03561253561253562 ,-0.1816239316239316 ,0.09686609686609683 ,0.07122507122507121 ,0.0 ,0.0 ,0.0 ,0.0 ,0.0 ,0.0 ,-0.03205128205128206 ,-0.3433048433048434 ,-0.16381766381766383 ,0.09188034188034187 ,-0.20797720797720795 ,-0.07122507122507123 ,0.0 ,0.0 ,0.0 ,0.0 ,0.0 ,0.0 ,0.008547008547008543 ,0.4401709401709402 ,-0.00854700854700855 ,-0.035612535612535585 ,-0.058404558404558424 ,-0.12179487179487176 ,-0.007122507122507135 ,0.2592592592592593 ,-0.003205128205128199 ,0.0 ,0.0 ,0.0 ,0.0 ,0.0 ,0.0 ,0.0 ,0.0 ,0.0 ,0.0 ,0.0 ,0.0 ,0.12108262108262108 ,-0.8490028490028491 ,-0.12108262108262113 ,-0.03561253561253558 ,-0.4074074074074074 ,-0.07122507122507124 ,0.0 ,0.0 ,0.0 ,0.0 ,0.0 ,0.0 ,-0.20655270655270666 ,1e+50 ,0.2065527065527066 ,0.16381766381766388 ,-0.34330484330484334 ,0.03205128205128207 ,-0.008547008547008544 ,0.3831908831908833 ,0.0551994301994302 ,0.0 ,0.0 ,0.0 ,0.0 ,0.0 ,0.0 ,0.0 ,0.0 ,0.0 ,0.0 ,0.0 ,0.0 ,
0.00320512820512822 ,0.007122507122507131 ,0.2592592592592593 ,-0.07122507122507121 ,0.18162393162393162 ,0.09686609686609686 ,0.055199430199430195 ,-0.055199430199430195 ,0.08618233618233621 ,0.0 ,0.0 ,0.0 ,0.0 ,0.0 ,0.0 ,0.0 ,0.0 ,0.0 ,0.0 ,0.0 ,0.0 ,0.1217948717948718 ,0.03561253561253562 ,-0.05840455840455847 ,-0.18162393162393162 ,0.07122507122507121 ,0.09686609686609679 ,0.0 ,0.0 ,0.0 ,0.0 ,0.0 ,0.0 ,0.008547008547008576 ,-0.008547008547008572 ,0.44017094017094033 ,-0.035612535612535606 ,-0.1217948717948718 ,-0.05840455840455848 ,-0.007122507122507128 ,-0.003205128205128212 ,0.2592592592592593 ,0.0 ,0.0 ,0.0 ,0.0 ,0.0 ,0.0 ,0.0 ,0.0 ,0.0 ,0.0 ,0.0 ,0.0 ,0.07122507122507123 ,0.03561253561253561 ,-0.40740740740740744 ,-0.07122507122507123 ,0.07122507122507121 ,-0.13105413105413105 ,0.0 ,0.0 ,0.0 ,0.0 ,0.0 ,0.0 ,0.1210826210826211 ,-0.12108262108262109 ,-0.8490028490028492 ,-0.035612535612535606 ,-0.07122507122507121 ,-0.40740740740740744 ,0.0 ,0.0 ,0.0 ,0.0 ,0.0 ,0.0 ,-0.05519943019943018 ,0.008547008547008541 ,0.3831908831908833 ,0.0712250712250712 ,-0.09188034188034187 ,-0.20797720797720795 ,-0.003205128205128195 ,0.003205128205128212 ,0.24145299145299146 ,0.0 ,0.0 ,0.0 ,0.0 ,0.0 ,0.0 ,0.0 ,0.0 ,0.0 ,0.0 ,0.0 ,0.0 ,-0.032051282051282076 ,-0.16381766381766386 ,-0.34330484330484334 ,0.0918803418803419 ,-0.07122507122507125 ,-0.20797720797720792 ,0.0 ,0.0 ,0.0 ,0.0 ,0.0 ,0.0 ,-0.20655270655270663 ,0.2065527065527066 ,1e+50 ,0.16381766381766383 ,0.03205128205128206 ,-0.34330484330484345 ,-0.00854700854700852 ,0.0551994301994302 ,0.38319088319088335 ,0.0 ,0.0 ,0.0 ,0.0 ,0.0 ,0.0 ,0.0 ,0.0 ,0.0 ,0.0 ,0.0 ,0.0 ,
-0.13105413105413108 ,0.07122507122507124 ,0.0712250712250712 ,0.26210826210826205 ,-4.7704895589362195e-18 ,1.1709383462843448e-17 ,-0.13105413105413108 ,-0.07122507122507123 ,-0.07122507122507123 ,0.0 ,0.0 ,0.0 ,0.0 ,0.0 ,0.0 ,0.0 ,0.0 ,0.0 ,0.0 ,0.0 ,0.0 ,-0.08547008547008546 ,-0.14245014245014243 ,-0.21367521367521364 ,-0.08547008547008544 ,0.14245014245014248 ,0.2136752136752137 ,0.0 ,0.0 ,0.0 ,0.0 ,0.0 ,0.0 ,-0.4074074074074076 ,0.07122507122507121 ,0.035612535612535585 ,0.7293447293447296 ,6.938893903907228e-18 ,2.7755575615628914e-17 ,-0.4074074074074076 ,-0.07122507122507124 ,-0.035612535612535634 ,0.0 ,0.0 ,0.0 ,0.0 ,0.0 ,0.0 ,0.0 ,0.0 ,0.0 ,0.0 ,0.0 ,0.0 ,-0.08547008547008547 ,-0.21367521367521364 ,-0.14245014245014243 ,-0.08547008547008544 ,0.2136752136752136 ,0.14245014245014248 ,0.0 ,0.0 ,0.0 ,0.0 ,0.0 ,0.0 ,0.0854700854700855 ,0.04273504273504274 ,-0.28490028490028485 ,0.08547008547008556 ,-0.042735042735042764 ,0.28490028490028496 ,0.0 ,0.0 ,0.0 ,0.0 ,0.0 ,0.0 ,-0.40740740740740744 ,0.03561253561253562 ,0.0712250712250712 ,0.7293447293447295 ,6.938893903907228e-18 ,4.336808689942018e-17 ,-0.4074074074074074 ,-0.03561253561253561 ,-0.07122507122507124 ,0.0 ,0.0 ,0.0 ,0.0 ,0.0 ,0.0 ,0.0 ,0.0 ,0.0 ,0.0 ,0.0 ,0.0 ,0.08547008547008547 ,-0.2849002849002849 ,0.042735042735042764 ,0.08547008547008539 ,0.28490028490028496 ,-0.04273504273504276 ,0.0 ,0.0 ,0.0 ,0.0 ,0.0 ,0.0 ,-0.8490028490028493 ,0.16381766381766388 ,0.16381766381766383 ,1.8689458689458698 ,1.3877787807814457e-17 ,6.938893903907228e-17 ,-0.8490028490028494 ,-0.16381766381766388 ,-0.16381766381766394 ,0.0 ,0.0 ,0.0 ,0.0 ,0.0 ,0.0 ,0.0 ,0.0 ,0.0 ,0.0 ,0.0 ,0.0 ,
0.07122507122507124 ,0.0968660968660968 ,0.1816239316239316 ,-8.239936510889834e-18 ,-0.19373219373219358 ,-0.25641025641025633 ,-0.07122507122507124 ,0.09686609686609679 ,0.18162393162393162 ,0.0 ,0.0 ,0.0 ,0.0 ,0.0 ,0.0 ,0.0 ,0.0 ,0.0 ,0.0 ,0.0 ,0.0 ,-0.14245014245014245 ,-0.08547008547008546 ,-0.2136752136752136 ,0.14245014245014245 ,-0.08547008547008544 ,-0.21367521367521364 ,0.0 ,0.0 ,0.0 ,0.0 ,0.0 ,0.0 ,0.07122507122507123 ,-0.20797720797720803 ,0.12179487179487176 ,6.938893903907228e-18 ,0.33048433048433046 ,-0.05128205128205126 ,-0.07122507122507123 ,-0.207977207977208 ,0.12179487179487176 ,0.0 ,0.0 ,0.0 ,0.0 ,0.0 ,0.0 ,0.0 ,0.0 ,0.0 ,0.0 ,0.0 ,0.0 ,-0.21367521367521367 ,-0.2991452991452991 ,-0.21367521367521364 ,0.21367521367521367 ,-0.29914529914529897 ,-0.21367521367521358 ,0.0 ,0.0 ,0.0 ,0.0 ,0.0 ,0.0 ,-0.04273504273504271 ,0.299145299145299 ,-0.042735042735042736 ,0.0427350427350427 ,0.29914529914529914 ,-0.04273504273504273 ,0.0 ,0.0 ,0.0 ,0.0 ,0.0 ,0.0 ,0.035612535612535606 ,-0.058404558404558465 ,0.09188034188034189 ,-6.938893903907228e-18 ,-0.1823361823361823 ,0.05128205128205126 ,-0.03561253561253561 ,-0.058404558404558465 ,0.09188034188034189 ,0.0 ,0.0 ,0.0 ,0.0 ,0.0 ,0.0 ,0.0 ,0.0 ,0.0 ,0.0 ,0.0 ,0.0 ,-0.2849002849002849 ,0.08547008547008546 ,0.04273504273504267 ,0.28490028490028485 ,0.0854700854700855 ,0.04273504273504272 ,0.0 ,0.0 ,0.0 ,0.0 ,0.0 ,0.0 ,0.1210826210826211 ,-0.34330484330484334 ,0.03205128205128206 ,1.3877787807814457e-17 ,1.0712250712250715 ,0.25641025641025633 ,-0.12108262108262113 ,-0.34330484330484345 ,0.032051282051282035 ,0.0 ,0.0 ,0.0 ,0.0 ,0.0 ,0.0 ,0.0 ,0.0 ,0.0 ,0.0 ,0.0 ,0.0 ,
0.0712250712250712 ,0.1816239316239316 ,0.09686609686609685 ,8.239936510889834e-18 ,-0.2564102564102564 ,-0.1937321937321936 ,-0.07122507122507123 ,0.18162393162393156 ,0.09686609686609678 ,0.0 ,0.0 ,0.0 ,0.0 ,0.0 ,0.0 ,0.0 ,0.0 ,0.0 ,0.0 ,0.0 ,0.0 ,-0.21367521367521367 ,-0.21367521367521367 ,-0.2991452991452991 ,0.21367521367521364 ,-0.21367521367521364 ,-0.299145299145299 ,0.0 ,0.0 ,0.0 ,0.0 ,0.0 ,0.0 ,0.03561253561253557 ,0.09188034188034187 ,-0.05840455840455855 ,2.949029909160572e-17 ,0.05128205128205126 ,-0.18233618233618215 ,-0.03561253561253562 ,0.09188034188034187 ,-0.05840455840455856 ,0.0 ,0.0 ,0.0 ,0.0 ,0.0 ,0.0 ,0.0 ,0.0 ,0.0 ,0.0 ,0.0 ,0.0 ,-0.14245014245014243 ,-0.2136752136752136 ,-0.08547008547008544 ,0.14245014245014243 ,-0.21367521367521358 ,-0.08547008547008542 ,0.0 ,0.0 ,0.0 ,0.0 ,0.0 ,0.0 ,-0.2849002849002849 ,0.042735042735042694 ,0.08547008547008553 ,0.28490028490028496 ,0.04273504273504271 ,0.08547008547008574 ,0.0 ,0.0 ,0.0 ,0.0 ,0.0 ,0.0 ,0.07122507122507118 ,0.12179487179487178 ,-0.20797720797720792 ,3.9898639947466563e-17 ,-0.051282051282051266 ,0.3304843304843303 ,-0.07122507122507123 ,0.12179487179487178 ,-0.20797720797720792 ,0.0 ,0.0 ,0.0 ,0.0 ,0.0 ,0.0 ,0.0 ,0.0 ,0.0 ,0.0 ,0.0 ,0.0 ,-0.042735042735042694 ,-0.042735042735042764 ,0.2991452991452991 ,0.042735042735042694 ,-0.04273504273504273 ,0.29914529914529897 ,0.0 ,0.0 ,0.0 ,0.0 ,0.0 ,0.0 ,0.12108262108262108 ,0.03205128205128207 ,-0.34330484330484345 ,6.938893903907228e-17 ,0.25641025641025633 ,1.0712250712250713 ,-0.12108262108262118 ,0.03205128205128202 ,-0.34330484330484357 ,0.0 ,0.0 ,0.0 ,0.0 ,0.0 ,0.0 ,0.0 ,0.0 ,0.0 ,0.0 ,0.0 ,0.0 ,
0.08618233618233621 ,-0.055199430199430216 ,-0.0551994301994302 ,-0.13105413105413105 ,0.07122507122507121 ,0.0712250712250712 ,0.48290598290598286 ,1.5178830414797062e-17 ,1.1275702593849246e-17 ,-0.13105413105413105 ,-0.07122507122507121 ,-0.07122507122507121 ,0.08618233618233621 ,0.05519943019943021 ,0.0551994301994302 ,0.0 ,0.0 ,0.0 ,0.0 ,0.0 ,0.0 ,0.09686609686609686 ,0.07122507122507124 ,0.1816239316239316 ,-0.41595441595441585 ,-1.3877787807814457e-17 ,1.3877787807814457e-17 ,0.0968660968660968 ,-0.07122507122507121 ,-0.1816239316239316 ,0.0 ,0.0 ,0.0 ,0.2592592592592593 ,-0.0032051282051282076 ,0.007122507122507168 ,-0.40740740740740755 ,-0.07122507122507123 ,0.03561253561253559 ,0.7663817663817665 ,1.3877787807814457e-17 ,4.85722573273506e-17 ,-0.4074074074074073 ,0.07122507122507121 ,-0.035612535612535634 ,0.25925925925925924 ,0.0032051282051281994 ,-0.007122507122507138 ,0.0 ,0.0 ,0.0 ,0.0 ,0.0 ,0.0 ,0.09686609686609682 ,0.18162393162393156 ,0.07122507122507121 ,-0.41595441595441596 ,-1.3877787807814457e-17 ,1.3877787807814457e-17 ,0.09686609686609679 ,-0.1816239316239316 ,-0.07122507122507123 ,0.0 ,0.0 ,0.0 ,-0.05840455840455846 ,-0.1217948717948718 ,0.03561253561253558 ,-0.6866096866096867 ,-1.3877787807814457e-17 ,-2.7755575615628914e-17 ,-0.058404558404558514 ,0.12179487179487182 ,-0.035612535612535634 ,0.0 ,0.0 ,0.0 ,0.2592592592592593 ,0.007122507122507138 ,-0.003205128205128179 ,-0.4074074074074074 ,0.035612535612535606 ,-0.07122507122507125 ,0.7663817663817665 ,2.7755575615628914e-17 ,-6.938893903907228e-18 ,-0.40740740740740733 ,-0.03561253561253559 ,0.07122507122507125 ,0.25925925925925924 ,-0.007122507122507138 ,0.003205128205128196 ,0.0 ,0.0 ,0.0 ,0.0 ,0.0 ,0.0 ,-0.05840455840455848 ,0.035612535612535606 ,-0.1217948717948718 ,-0.6866096866096867 ,-5.551115123125783e-17 ,-2.0816681711721685e-17 ,-0.05840455840455851 ,-0.03561253561253562 ,0.12179487179487182 ,0.0 ,0.0 ,0.0 ,0.44017094017094033 ,-0.008547008547008544 ,-0.00854700854700852 ,-0.8490028490028494 ,-0.12108262108262113 ,-0.12108262108262118 ,1.5356125356125359 ,5.551115123125783e-17 ,8.326672684688674e-17 ,-0.8490028490028487 ,0.1210826210826211 ,0.12108262108262106 ,0.44017094017094016 ,0.008547008547008537 ,0.008547008547008583 ,0.0 ,0.0 ,0.0 ,0.0 ,0.0 ,0.0 ,
-0.055199430199430195 ,0.08618233618233621 ,-0.05519943019943018 ,0.07122507122507124 ,0.0968660968660968 ,0.1816239316239316 ,2.47198095326695e-17 ,0.5185185185185186 ,0.014245014245014306 ,-0.07122507122507121 ,0.09686609686609679 ,0.18162393162393162 ,0.0551994301994302 ,0.08618233618233621 ,-0.0551994301994302 ,0.0 ,0.0 ,0.0 ,0.0 ,0.0 ,0.0 ,0.07122507122507121 ,-0.13105413105413105 ,0.07122507122507123 ,0.0 ,-0.8148148148148149 ,0.07122507122507124 ,-0.0712250712250712 ,-0.13105413105413102 ,0.07122507122507121 ,0.0 ,0.0 ,0.0 ,0.0032051282051282076 ,0.24145299145299143 ,0.0032051282051282007 ,-0.07122507122507123 ,-0.20797720797720795 ,-0.09188034188034189 ,1.3877787807814457e-17 ,0.7663817663817665 ,0.01709401709401708 ,0.0712250712250712 ,-0.20797720797720792 ,-0.0918803418803419 ,-0.003205128205128202 ,0.24145299145299143 ,0.0032051282051281833 ,0.0 ,0.0 ,0.0 ,0.0 ,0.0 ,0.0 ,0.18162393162393162 ,0.09686609686609682 ,0.07122507122507121 ,-2.7755575615628914e-17 ,-0.11680911680911696 ,0.07122507122507117 ,-0.1816239316239316 ,0.09686609686609675 ,0.07122507122507124 ,0.0 ,0.0 ,0.0 ,-0.09188034188034187 ,-0.20797720797720798 ,-0.07122507122507121 ,-2.0816681711721685e-17 ,-0.6866096866096867 ,-0.3276353276353277 ,0.0918803418803419 ,-0.20797720797720792 ,-0.0712250712250712 ,0.0 ,0.0 ,0.0 ,0.007122507122507138 ,0.2592592592592593 ,-0.003205128205128184 ,0.03561253561253562 ,-0.058404558404558424 ,-0.12179487179487178 ,2.2551405187698492e-17 ,0.8803418803418805 ,-0.01709401709401704 ,-0.03561253561253561 ,-0.05840455840455847 ,-0.1217948717948718 ,-0.007122507122507142 ,0.2592592592592593 ,-0.003205128205128187 ,0.0 ,0.0 ,0.0 ,0.0 ,0.0 ,0.0 ,0.035612535612535606 ,-0.40740740740740755 ,-0.07122507122507124 ,-1.3877787807814457e-17 ,-1.6980056980056983 ,-0.24216524216524227 ,-0.03561253561253562 ,-0.4074074074074074 ,-0.07122507122507125 ,0.0 ,0.0 ,0.0 ,0.008547008547008555 ,0.3831908831908833 ,0.0551994301994302 ,-0.16381766381766388 ,-0.34330484330484345 ,0.03205128205128202 ,5.551115123125783e-17 ,1.535612535612536 ,0.41310541310541327 ,0.16381766381766386 ,-0.34330484330484323 ,0.032051282051282104 ,-0.008547008547008544 ,0.3831908831908831 ,0.0551994301994302 ,0.0 ,0.0 ,0.0 ,0.0 ,0.0 ,0.0 ,
-0.055199430199430195 ,-0.05519943019943021 ,0.08618233618233617 ,0.07122507122507121 ,0.18162393162393162 ,0.09686609686609686 ,1.8214596497756474e-17 ,0.01424501424501429 ,0.5185185185185186 ,-0.07122507122507125 ,0.18162393162393164 ,0.09686609686609678 ,0.0551994301994302 ,-0.05519943019943022 ,0.08618233618233624 ,0.0 ,0.0 ,0.0 ,0.0 ,0.0 ,0.0 ,0.18162393162393162 ,0.07122507122507123 ,0.09686609686609686 ,-1.3877787807814457e-17 ,0.0712250712250712 ,-0.11680911680911683 ,-0.18162393162393164 ,0.07122507122507124 ,0.0968660968660968 ,0.0 ,0.0 ,0.0 ,0.00712250712250715 ,-0.0032051282051282163 ,0.2592592592592593 ,0.03561253561253555 ,-0.1217948717948718 ,-0.058404558404558514 ,2.6020852139652106e-17 ,-0.017094017094017082 ,0.8803418803418803 ,-0.03561253561253562 ,-0.12179487179487183 ,-0.058404558404558465 ,-0.007122507122507138 ,-0.0032051282051282237 ,0.2592592592592593 ,0.0 ,0.0 ,0.0 ,0.0 ,0.0 ,0.0 ,0.07122507122507121 ,0.07122507122507123 ,-0.13105413105413108 ,-1.3877787807814457e-17 ,0.07122507122507121 ,-0.814814814814815 ,-0.07122507122507121 ,0.07122507122507123 ,-0.13105413105413113 ,0.0 ,0.0 ,0.0 ,0.03561253561253557 ,-0.07122507122507123 ,-0.4074074074074075 ,-2.7755575615628914e-17 ,-0.2421652421652422 ,-1.6980056980056988 ,-0.03561253561253562 ,-0.0712250712250712 ,-0.4074074074074075 ,0.0 ,0.0 ,0.0 ,0.0032051282051282267 ,0.003205128205128218 ,0.24145299145299148 ,-0.07122507122507124 ,-0.09188034188034189 ,-0.20797720797720798 ,6.938893903907228e-18 ,0.01709401709401715 ,0.7663817663817665 ,0.07122507122507125 ,-0.09188034188034191 ,-0.20797720797720798 ,-0.0032051282051282224 ,0.003205128205128218 ,0.2414529914529915 ,0.0 ,0.0 ,0.0 ,0.0 ,0.0 ,0.0 ,-0.0918803418803419 ,-0.07122507122507124 ,-0.20797720797720798 ,-1.3877787807814457e-17 ,-0.32763532763532777 ,-0.6866096866096868 ,0.09188034188034189 ,-0.07122507122507124 ,-0.207977207977208 ,0.0 ,0.0 ,0.0 ,0.00854700854700859 ,0.0551994301994302 ,0.38319088319088335 ,-0.16381766381766394 ,0.032051282051282035 ,-0.34330484330484357 ,8.326672684688674e-17 ,0.41310541310541327 ,1.535612535612536 ,0.16381766381766383 ,0.032051282051282076 ,-0.34330484330484323 ,-0.00854700854700852 ,0.0551994301994302 ,0.3831908831908833 ,0.0 ,0.0 ,0.0 ,0.0 ,0.0 ,0.0 ,
0.0 ,0.0 ,0.0 ,0.0 ,0.0 ,0.0 ,-0.13105413105413102 ,0.07122507122507123 ,0.0712250712250712 ,0.262108262108262 ,1.5178830414797062e-17 ,1.3444106938820255e-17 ,-0.13105413105413102 ,-0.07122507122507124 ,-0.07122507122507121 ,0.0 ,0.0 ,0.0 ,0.0 ,0.0 ,0.0 ,0.0 ,0.0 ,0.0 ,-0.08547008547008542 ,-0.14245014245014245 ,-0.2136752136752136 ,-0.08547008547008546 ,0.14245014245014248 ,0.2136752136752137 ,0.0 ,0.0 ,0.0 ,0.0 ,0.0 ,0.0 ,0.0 ,0.0 ,0.0 ,-0.40740740740740744 ,0.07122507122507118 ,0.03561253561253559 ,0.7293447293447293 ,5.204170427930421e-18 ,0.0 ,-0.4074074074074075 ,-0.07122507122507123 ,-0.035612535612535606 ,0.0 ,0.0 ,0.0 ,0.0 ,0.0 ,0.0 ,0.0 ,0.0 ,0.0 ,-0.0854700854700854 ,-0.21367521367521364 ,-0.1424501424501424 ,-0.08547008547008542 ,0.2136752136752136 ,0.14245014245014243 ,0.0 ,0.0 ,0.0 ,0.0 ,0.0 ,0.0 ,0.0854700854700855 ,0.04273504273504281 ,-0.2849002849002849 ,0.08547008547008556 ,-0.04273504273504281 ,0.28490028490028496 ,0.0 ,0.0 ,0.0 ,0.0 ,0.0 ,0.0 ,0.0 ,0.0 ,0.0 ,-0.4074074074074073 ,0.035612535612535585 ,0.07122507122507125 ,0.7293447293447292 ,1.734723475976807e-17 ,-7.892991815694472e-17 ,-0.4074074074074074 ,-0.03561253561253562 ,-0.07122507122507117 ,0.0 ,0.0 ,0.0 ,0.0 ,0.0 ,0.0 ,0.0 ,0.0 ,0.0 ,0.0854700854700853 ,-0.2849002849002849 ,0.04273504273504279 ,0.08547008547008556 ,0.28490028490028496 ,-0.042735042735042805 ,0.0 ,0.0 ,0.0 ,0.0 ,0.0 ,0.0 ,0.0 ,0.0 ,0.0 ,-0.8490028490028487 ,0.16381766381766386 ,0.16381766381766383 ,1.8689458689458691 ,0.0 ,4.85722573273506e-17 ,-0.8490028490028492 ,-0.16381766381766388 ,-0.16381766381766388 ,0.0 ,0.0 ,0.0 ,0.0 ,0.0 ,0.0 ,
0.0 ,0.0 ,0.0 ,0.0 ,0.0 ,0.0 ,0.07122507122507121 ,0.09686609686609678 ,0.18162393162393162 ,1.5395670849294163e-17 ,-0.1937321937321936 ,-0.2564102564102563 ,-0.07122507122507124 ,0.09686609686609682 ,0.1816239316239316 ,0.0 ,0.0 ,0.0 ,0.0 ,0.0 ,0.0 ,0.0 ,0.0 ,0.0 ,-0.14245014245014243 ,-0.0854700854700854 ,-0.21367521367521364 ,0.14245014245014243 ,-0.08547008547008544 ,-0.2136752136752137 ,0.0 ,0.0 ,0.0 ,0.0 ,0.0 ,0.0 ,0.0 ,0.0 ,0.0 ,0.07122507122507121 ,-0.20797720797720792 ,0.12179487179487178 ,5.204170427930421e-18 ,0.33048433048433024 ,-0.051282051282051246 ,-0.07122507122507121 ,-0.20797720797720795 ,0.12179487179487179 ,0.0 ,0.0 ,0.0 ,0.0 ,0.0 ,0.0 ,0.0 ,0.0 ,0.0 ,-0.21367521367521364 ,-0.299145299145299 ,-0.2136752136752136 ,0.21367521367521364 ,-0.299145299145299 ,-0.21367521367521367 ,0.0 ,0.0 ,0.0 ,0.0 ,0.0 ,0.0 ,-0.04273504273504265 ,0.299145299145299 ,-0.04273504273504275 ,0.042735042735042646 ,0.2991452991452992 ,-0.042735042735042764 ,0.0 ,0.0 ,0.0 ,0.0 ,0.0 ,0.0 ,0.0 ,0.0 ,0.0 ,0.035612535612535585 ,-0.05840455840455841 ,0.09188034188034191 ,1.9081958235744878e-17 ,-0.1823361823361823 ,0.05128205128205123 ,-0.035612535612535606 ,-0.058404558404558486 ,0.09188034188034191 ,0.0 ,0.0 ,0.0 ,0.0 ,0.0 ,0.0 ,0.0 ,0.0 ,0.0 ,-0.28490028490028485 ,0.08547008547008536 ,0.042735042735042646 ,0.28490028490028485 ,0.0854700854700855 ,0.04273504273504269 ,0.0 ,0.0 ,0.0 ,0.0 ,0.0 ,0.0 ,0.0 ,0.0 ,0.0 ,0.1210826210826211 ,-0.34330484330484323 ,0.032051282051282076 ,0.0 ,1.071225071225071 ,0.25641025641025633 ,-0.12108262108262113 ,-0.34330484330484334 ,0.032051282051282076 ,0.0 ,0.0 ,0.0 ,0.0 ,0.0 ,0.0 ,
0.0 ,0.0 ,0.0 ,0.0 ,0.0 ,0.0 ,0.0712250712250712 ,0.1816239316239316 ,0.09686609686609673 ,1.1926223897340549e-17 ,-0.2564102564102564 ,-0.1937321937321936 ,-0.07122507122507121 ,0.1816239316239316 ,0.09686609686609685 ,0.0 ,0.0 ,0.0 ,0.0 ,0.0 ,0.0 ,0.0 ,0.0 ,0.0 ,-0.21367521367521358 ,-0.21367521367521367 ,-0.29914529914529897 ,0.21367521367521364 ,-0.21367521367521367 ,-0.2991452991452991 ,0.0 ,0.0 ,0.0 ,0.0 ,0.0 ,0.0 ,0.0 ,0.0 ,0.0 ,0.03561253561253557 ,0.09188034188034189 ,-0.058404558404558445 ,3.469446951953614e-18 ,0.05128205128205126 ,-0.1823361823361822 ,-0.03561253561253559 ,0.0918803418803419 ,-0.058404558404558535 ,0.0 ,0.0 ,0.0 ,0.0 ,0.0 ,0.0 ,0.0 ,0.0 ,0.0 ,-0.14245014245014243 ,-0.2136752136752136 ,-0.08547008547008524 ,0.1424501424501424 ,-0.21367521367521364 ,-0.0854700854700854 ,0.0 ,0.0 ,0.0 ,0.0 ,0.0 ,0.0 ,-0.2849002849002849 ,0.042735042735042666 ,0.08547008547008544 ,0.28490028490028496 ,0.04273504273504272 ,0.08547008547008567 ,0.0 ,0.0 ,0.0 ,0.0 ,0.0 ,0.0 ,0.0 ,0.0 ,0.0 ,0.07122507122507127 ,0.12179487179487185 ,-0.207977207977208 ,-8.239936510889834e-17 ,-0.05128205128205128 ,0.3304843304843303 ,-0.07122507122507117 ,0.12179487179487178 ,-0.20797720797720792 ,0.0 ,0.0 ,0.0 ,0.0 ,0.0 ,0.0 ,0.0 ,0.0 ,0.0 ,-0.04273504273504265 ,-0.04273504273504286 ,0.29914529914529897 ,0.04273504273504265 ,-0.04273504273504275 ,0.29914529914529914 ,0.0 ,0.0 ,0.0 ,0.0 ,0.0 ,0.0 ,0.0 ,0.0 ,0.0 ,0.12108262108262106 ,0.032051282051282104 ,-0.34330484330484323 ,4.85722573273506e-17 ,0.25641025641025633 ,1.071225071225071 ,-0.12108262108262115 ,0.032051282051282076 ,-0.3433048433048433 ,0.0 ,0.0 ,0.0 ,0.0 ,0.0 ,0.0 ,
0.0 ,0.0 ,0.0 ,0.0 ,0.0 ,0.0 ,0.08618233618233616 ,-0.0551994301994302 ,-0.05519943019943019 ,-0.13105413105413097 ,0.0712250712250712 ,0.07122507122507118 ,0.48290598290598286 ,-4.336808689942018e-18 ,1.3010426069826053e-17 ,-0.1310541310541311 ,-0.0712250712250712 ,-0.07122507122507121 ,0.08618233618233617 ,0.055199430199430216 ,0.05519943019943019 ,0.0 ,0.0 ,0.0 ,0.09686609686609683 ,0.07122507122507123 ,0.1816239316239316 ,-0.41595441595441596 ,2.7755575615628914e-17 ,-4.163336342344337e-17 ,0.09686609686609685 ,-0.07122507122507124 ,-0.18162393162393156 ,0.0 ,0.0 ,0.0 ,0.0 ,0.0 ,0.0 ,0.2592592592592593 ,-0.003205128205128204 ,0.007122507122507157 ,-0.4074074074074074 ,-0.07122507122507123 ,0.03561253561253559 ,0.7663817663817666 ,-6.245004513516506e-17 ,2.42861286636753e-17 ,-0.40740740740740766 ,0.07122507122507132 ,-0.035612535612535606 ,0.2592592592592594 ,0.003205128205128171 ,-0.007122507122507161 ,0.0 ,0.0 ,0.0 ,0.0968660968660968 ,0.18162393162393156 ,0.07122507122507121 ,-0.415954415954416 ,-1.3877787807814457e-17 ,-2.7755575615628914e-17 ,0.09686609686609682 ,-0.18162393162393156 ,-0.0712250712250712 ,0.0 ,0.0 ,0.0 ,-0.05840455840455846 ,-0.12179487179487183 ,0.03561253561253556 ,-0.6866096866096869 ,1.1102230246251565e-16 ,-1.1102230246251565e-16 ,-0.058404558404558514 ,0.12179487179487171 ,-0.03561253561253561 ,0.0 ,0.0 ,0.0 ,0.0 ,0.0 ,0.0 ,0.2592592592592593 ,0.007122507122507164 ,-0.0032051282051282137 ,-0.4074074074074074 ,0.03561253561253558 ,-0.07122507122507117 ,0.7663817663817666 ,1.3877787807814457e-17 ,-6.938893903907228e-18 ,-0.40740740740740755 ,-0.03561253561253559 ,0.07122507122507123 ,0.2592592592592593 ,-0.007122507122507114 ,0.0032051282051281894 ,0.0 ,0.0 ,0.0 ,-0.0584045584045584 ,0.035612535612535585 ,-0.12179487179487182 ,-0.6866096866096868 ,-2.7755575615628914e-17 ,-2.0816681711721685e-17 ,-0.05840455840455826 ,-0.03561253561253563 ,0.12179487179487188 ,0.0 ,0.0 ,0.0 ,0.0 ,0.0 ,0.0 ,0.44017094017094016 ,-0.008547008547008544 ,-0.00854700854700852 ,-0.8490028490028493 ,-0.12108262108262113 ,-0.12108262108262115 ,1.535612535612536 ,2.7755575615628914e-17 ,8.326672684688674e-17 ,-0.8490028490028491 ,0.12108262108262119 ,0.12108262108262115 ,0.4401709401709403 ,0.008547008547008524 ,0.008547008547008579 ,
0.0 ,0.0 ,0.0 ,0.0 ,0.0 ,0.0 ,-0.055199430199430195 ,0.08618233618233621 ,-0.05519943019943018 ,0.07122507122507121 ,0.09686609686609685 ,0.1816239316239316 ,-7.806255641895632e-18 ,0.5185185185185184 ,0.0142450142450143 ,-0.07122507122507121 ,0.09686609686609697 ,0.18162393162393162 ,0.0551994301994302 ,0.08618233618233602 ,-0.05519943019943021 ,0.0 ,0.0 ,0.0 ,0.07122507122507121 ,-0.13105413105413105 ,0.0712250712250712 ,2.7755575615628914e-17 ,-0.8148148148148149 ,0.07122507122507116 ,-0.07122507122507123 ,-0.13105413105413088 ,0.07122507122507124 ,0.0 ,0.0 ,0.0 ,0.0 ,0.0 ,0.0 ,0.003205128205128211 ,0.2414529914529914 ,0.003205128205128232 ,-0.07122507122507123 ,-0.20797720797720798 ,-0.09188034188034189 ,-6.938893903907228e-17 ,0.7663817663817665 ,0.017094017094017137 ,0.07122507122507132 ,-0.20797720797720806 ,-0.09188034188034186 ,-0.0032051282051282345 ,0.24145299145299146 ,0.0032051282051282323 ,0.0 ,0.0 ,0.0 ,0.18162393162393162 ,0.09686609686609679 ,0.07122507122507118 ,-4.163336342344337e-17 ,-0.11680911680911704 ,0.07122507122507116 ,-0.18162393162393156 ,0.09686609686609682 ,0.07122507122507121 ,0.0 ,0.0 ,0.0 ,-0.09188034188034193 ,-0.20797720797720798 ,-0.07122507122507125 ,1.3183898417423734e-16 ,-0.6866096866096867 ,-0.3276353276353279 ,0.0918803418803418 ,-0.20797720797720812 ,-0.07122507122507123 ,0.0 ,0.0 ,0.0 ,0.0 ,0.0 ,0.0 ,0.0071225071225071625 ,0.25925925925925924 ,-0.0032051282051282102 ,0.03561253561253559 ,-0.058404558404558424 ,-0.12179487179487172 ,3.469446951953614e-18 ,0.8803418803418807 ,-0.017094017094017075 ,-0.0356125356125356 ,-0.058404558404558486 ,-0.12179487179487186 ,-0.0071225071225071365 ,0.2592592592592592 ,-0.003205128205128144 ,0.0 ,0.0 ,0.0 ,0.03561253561253556 ,-0.40740740740740744 ,-0.07122507122507121 ,-5.551115123125783e-17 ,-1.6980056980056983 ,-0.24216524216524232 ,-0.03561253561253561 ,-0.4074074074074074 ,-0.07122507122507132 ,0.0 ,0.0 ,0.0 ,0.0 ,0.0 ,0.0 ,0.008547008547008537 ,0.3831908831908831 ,0.0551994301994302 ,-0.16381766381766388 ,-0.34330484330484334 ,0.032051282051282076 ,2.7755575615628914e-17 ,1.5356125356125365 ,0.4131054131054136 ,0.16381766381766394 ,-0.34330484330484334 ,0.032051282051282055 ,-0.008547008547008579 ,0.3831908831908833 ,0.055199430199430216 ,
0.0 ,0.0 ,0.0 ,0.0 ,0.0 ,0.0 ,-0.05519943019943019 ,-0.055199430199430195 ,0.08618233618233623 ,0.07122507122507123 ,0.18162393162393162 ,0.09686609686609689 ,1.1275702593849246e-17 ,0.014245014245014304 ,0.5185185185185186 ,-0.07122507122507124 ,0.18162393162393153 ,0.0968660968660969 ,0.05519943019943019 ,-0.055199430199430244 ,0.08618233618233612 ,0.0 ,0.0 ,0.0 ,0.1816239316239316 ,0.0712250712250712 ,0.09686609686609683 ,-5.551115123125783e-17 ,0.07122507122507124 ,-0.11680911680911704 ,-0.18162393162393164 ,0.07122507122507125 ,0.09686609686609673 ,0.0 ,0.0 ,0.0 ,0.0 ,0.0 ,0.0 ,0.007122507122507157 ,-0.0032051282051281955 ,0.25925925925925924 ,0.03561253561253558 ,-0.12179487179487182 ,-0.05840455840455844 ,2.2551405187698492e-17 ,-0.0170940170940171 ,0.8803418803418808 ,-0.035612535612535565 ,-0.12179487179487176 ,-0.058404558404558465 ,-0.007122507122507166 ,-0.0032051282051282137 ,0.25925925925925947 ,0.0 ,0.0 ,0.0 ,0.0712250712250712 ,0.07122507122507118 ,-0.13105413105413122 ,-4.163336342344337e-17 ,0.07122507122507116 ,-0.8148148148148151 ,-0.07122507122507118 ,0.07122507122507118 ,-0.13105413105413108 ,0.0 ,0.0 ,0.0 ,0.035612535612535565 ,-0.07122507122507124 ,-0.40740740740740755 ,-4.163336342344337e-17 ,-0.24216524216524227 ,-1.6980056980056992 ,-0.03561253561253558 ,-0.0712250712250712 ,-0.4074074074074078 ,0.0 ,0.0 ,0.0 ,0.0 ,0.0 ,0.0 ,0.0032051282051282033 ,0.0032051282051282024 ,0.24145299145299148 ,-0.07122507122507117 ,-0.09188034188034186 ,-0.20797720797720792 ,0.0 ,0.01709401709401715 ,0.7663817663817668 ,0.07122507122507123 ,-0.09188034188034196 ,-0.20797720797720792 ,-0.003205128205128226 ,0.003205128205128268 ,0.24145299145299146 ,0.0 ,0.0 ,0.0 ,-0.09188034188034194 ,-0.07122507122507123 ,-0.20797720797720795 ,-2.0816681711721685e-17 ,-0.327635327635328 ,-0.6866096866096866 ,0.09188034188034196 ,-0.07122507122507132 ,-0.2079772079772079 ,0.0 ,0.0 ,0.0 ,0.0 ,0.0 ,0.0 ,0.008547008547008583 ,0.0551994301994302 ,0.3831908831908833 ,-0.16381766381766388 ,0.032051282051282076 ,-0.3433048433048433 ,8.326672684688674e-17 ,0.4131054131054136 ,1.5356125356125365 ,0.1638176638176639 ,0.03205128205128208 ,-0.34330484330484323 ,-0.008547008547008517 ,0.05519943019943024 ,0.38319088319088335 ,
0.0 ,0.0 ,0.0 ,0.0 ,0.0 ,0.0 ,0.0 ,0.0 ,0.0 ,0.0 ,0.0 ,0.0 ,-0.1310541310541312 ,0.07122507122507124 ,0.07122507122507121 ,0.26210826210826244 ,-1.5612511283791264e-17 ,-4.336808689942018e-17 ,-0.13105413105413127 ,-0.07122507122507124 ,-0.07122507122507117 ,0.0 ,0.0 ,0.0 ,0.0 ,0.0 ,0.0 ,-0.08547008547008556 ,-0.14245014245014248 ,-0.21367521367521358 ,-0.08547008547008529 ,0.1424501424501425 ,0.2136752136752136 ,0.0 ,0.0 ,0.0 ,0.0 ,0.0 ,0.0 ,0.0 ,0.0 ,0.0 ,0.0 ,0.0 ,0.0 ,-0.4074074074074079 ,0.07122507122507131 ,0.03561253561253558 ,0.7293447293447303 ,-1.465841337200402e-16 ,-8.673617379884035e-17 ,-0.40740740740740794 ,-0.0712250712250712 ,-0.03561253561253556 ,0.0 ,0.0 ,0.0 ,0.0 ,0.0 ,0.0 ,-0.08547008547008556 ,-0.2136752136752136 ,-0.14245014245014234 ,-0.08547008547008532 ,0.2136752136752136 ,0.14245014245014243 ,0.0 ,0.0 ,0.0 ,0.0 ,0.0 ,0.0 ,0.08547008547008556 ,0.04273504273504265 ,-0.28490028490028485 ,0.08547008547008557 ,-0.042735042735042646 ,0.28490028490028496 ,0.0 ,0.0 ,0.0 ,0.0 ,0.0 ,0.0 ,0.0 ,0.0 ,0.0 ,0.0 ,0.0 ,0.0 ,-0.40740740740740755 ,0.03561253561253559 ,0.0712250712250712 ,0.7293447293447296 ,-3.469446951953614e-18 ,-3.903127820947816e-17 ,-0.40740740740740755 ,-0.03561253561253561 ,-0.07122507122507117 ,0.0 ,0.0 ,0.0 ,0.0 ,0.0 ,0.0 ,0.08547008547008557 ,-0.2849002849002849 ,0.04273504273504286 ,0.08547008547008518 ,0.284900284900285 ,-0.04273504273504289 ,0.0 ,0.0 ,0.0 ,0.0 ,0.0 ,0.0 ,0.0 ,0.0 ,0.0 ,0.0 ,0.0 ,0.0 ,-0.849002849002849 ,0.16381766381766394 ,0.1638176638176639 ,1.8689458689458693 ,-1.1796119636642288e-16 ,-7.632783294297951e-17 ,-0.8490028490028495 ,-0.16381766381766386 ,-0.16381766381766388 ,
0.0 ,0.0 ,0.0 ,0.0 ,0.0 ,0.0 ,0.0 ,0.0 ,0.0 ,0.0 ,0.0 ,0.0 ,0.07122507122507124 ,0.0968660968660968 ,0.18162393162393162 ,-1.8431436932253575e-17 ,-0.19373219373219353 ,-0.25641025641025633 ,-0.07122507122507123 ,0.09686609686609692 ,0.18162393162393164 ,0.0 ,0.0 ,0.0 ,0.0 ,0.0 ,0.0 ,-0.14245014245014248 ,-0.08547008547008543 ,-0.21367521367521358 ,0.14245014245014248 ,-0.08547008547008557 ,-0.2136752136752137 ,0.0 ,0.0 ,0.0 ,0.0 ,0.0 ,0.0 ,0.0 ,0.0 ,0.0 ,0.0 ,0.0 ,0.0 ,0.07122507122507131 ,-0.20797720797720806 ,0.12179487179487182 ,-1.474514954580286e-16 ,0.33048433048433074 ,-0.051282051282051294 ,-0.07122507122507114 ,-0.2079772079772081 ,0.12179487179487176 ,0.0 ,0.0 ,0.0 ,0.0 ,0.0 ,0.0 ,-0.2136752136752136 ,-0.2991452991452991 ,-0.2136752136752136 ,0.21367521367521364 ,-0.29914529914529897 ,-0.21367521367521364 ,0.0 ,0.0 ,0.0 ,0.0 ,0.0 ,0.0 ,-0.042735042735042826 ,0.29914529914529925 ,-0.042735042735042736 ,0.042735042735042826 ,0.299145299145299 ,-0.04273504273504284 ,0.0 ,0.0 ,0.0 ,0.0 ,0.0 ,0.0 ,0.0 ,0.0 ,0.0 ,0.0 ,0.0 ,0.0 ,0.035612535612535606 ,-0.05840455840455859 ,0.09188034188034196 ,-5.204170427930421e-18 ,-0.18233618233618226 ,0.05128205128205127 ,-0.035612535612535606 ,-0.058404558404558334 ,0.0918803418803419 ,0.0 ,0.0 ,0.0 ,0.0 ,0.0 ,0.0 ,-0.28490028490028496 ,0.0854700854700855 ,0.04273504273504278 ,0.28490028490028496 ,0.0854700854700852 ,0.04273504273504264 ,0.0 ,0.0 ,0.0 ,0.0 ,0.0 ,0.0 ,0.0 ,0.0 ,0.0 ,0.0 ,0.0 ,0.0 ,0.12108262108262119 ,-0.34330484330484334 ,0.03205128205128208 ,-1.1796119636642288e-16 ,1.0712250712250713 ,0.2564102564102562 ,-0.1210826210826211 ,-0.34330484330484357 ,0.03205128205128205 ,
0.0 ,0.0 ,0.0 ,0.0 ,0.0 ,0.0 ,0.0 ,0.0 ,0.0 ,0.0 ,0.0 ,0.0 ,0.07122507122507121 ,0.18162393162393156 ,0.09686609686609673 ,-4.7921736023859296e-17 ,-0.2564102564102563 ,-0.19373219373219353 ,-0.07122507122507117 ,0.1816239316239316 ,0.09686609686609676 ,0.0 ,0.0 ,0.0 ,0.0 ,0.0 ,0.0 ,-0.21367521367521353 ,-0.21367521367521358 ,-0.29914529914529897 ,0.21367521367521358 ,-0.21367521367521367 ,-0.29914529914529886 ,0.0 ,0.0 ,0.0 ,0.0 ,0.0 ,0.0 ,0.0 ,0.0 ,0.0 ,0.0 ,0.0 ,0.0 ,0.0356125356125356 ,0.09188034188034187 ,-0.0584045584045585 ,-9.020562075079397e-17 ,0.051282051282051246 ,-0.18233618233618187 ,-0.03561253561253552 ,0.09188034188034185 ,-0.0584045584045588 ,0.0 ,0.0 ,0.0 ,0.0 ,0.0 ,0.0 ,-0.14245014245014234 ,-0.21367521367521355 ,-0.08547008547008549 ,0.14245014245014237 ,-0.2136752136752136 ,-0.08547008547008528 ,0.0 ,0.0 ,0.0 ,0.0 ,0.0 ,0.0 ,-0.28490028490028485 ,0.04273504273504273 ,0.08547008547008575 ,0.28490028490028485 ,0.04273504273504254 ,0.08547008547008562 ,0.0 ,0.0 ,0.0 ,0.0 ,0.0 ,0.0 ,0.0 ,0.0 ,0.0 ,0.0 ,0.0 ,0.0 ,0.07122507122507121 ,0.12179487179487179 ,-0.20797720797720792 ,-3.903127820947816e-17 ,-0.05128205128205123 ,0.33048433048433035 ,-0.07122507122507118 ,0.12179487179487178 ,-0.2079772079772079 ,0.0 ,0.0 ,0.0 ,0.0 ,0.0 ,0.0 ,-0.042735042735042555 ,-0.04273504273504267 ,0.29914529914529897 ,0.042735042735042555 ,-0.04273504273504278 ,0.2991452991452987 ,0.0 ,0.0 ,0.0 ,0.0 ,0.0 ,0.0 ,0.0 ,0.0 ,0.0 ,0.0 ,0.0 ,0.0 ,0.12108262108262115 ,0.032051282051282055 ,-0.34330484330484323 ,-7.632783294297951e-17 ,0.2564102564102562 ,1.071225071225071 ,-0.1210826210826211 ,0.03205128205128205 ,-0.3433048433048434 ,
0.0 ,0.0 ,0.0 ,0.0 ,0.0 ,0.0 ,0.0 ,0.0 ,0.0 ,0.0 ,0.0 ,0.0 ,0.08618233618233623 ,-0.05519943019943023 ,-0.0551994301994302 ,-0.13105413105413125 ,0.07122507122507125 ,0.07122507122507124 ,0.2414529914529915 ,0.0032051282051282 ,0.003205128205128172 ,0.0 ,0.0 ,0.0 ,0.0 ,0.0 ,0.0 ,0.09686609686609698 ,0.07122507122507124 ,0.18162393162393153 ,-0.20797720797720817 ,-0.07122507122507123 ,-0.09188034188034185 ,0.0 ,0.0 ,0.0 ,0.0 ,0.0 ,0.0 ,0.0 ,0.0 ,0.0 ,0.0 ,0.0 ,0.0 ,0.2592592592592594 ,-0.0032051282051282458 ,0.007122507122507126 ,-0.4074074074074079 ,-0.07122507122507116 ,0.03561253561253568 ,0.3831908831908834 ,0.055199430199430174 ,0.00854700854700853 ,0.0 ,0.0 ,0.0 ,0.0 ,0.0 ,0.0 ,0.09686609686609697 ,0.18162393162393156 ,0.07122507122507118 ,-0.20797720797720806 ,-0.0918803418803419 ,-0.07122507122507118 ,0.0 ,0.0 ,0.0 ,0.0 ,0.0 ,0.0 ,-0.05840455840455834 ,-0.12179487179487179 ,0.03561253561253555 ,-0.34330484330484345 ,0.03205128205128203 ,-0.16381766381766394 ,0.0 ,0.0 ,0.0 ,0.0 ,0.0 ,0.0 ,0.0 ,0.0 ,0.0 ,0.0 ,0.0 ,0.0 ,0.25925925925925936 ,0.007122507122507156 ,-0.003205128205128197 ,-0.40740740740740755 ,0.03561253561253562 ,-0.0712250712250712 ,0.38319088319088335 ,0.008547008547008558 ,0.05519943019943017 ,0.0 ,0.0 ,0.0 ,0.0 ,0.0 ,0.0 ,-0.05840455840455844 ,0.03561253561253558 ,-0.12179487179487186 ,-0.34330484330484323 ,-0.16381766381766394 ,0.032051282051282125 ,0.0 ,0.0 ,0.0 ,0.0 ,0.0 ,0.0 ,0.0 ,0.0 ,0.0 ,0.0 ,0.0 ,0.0 ,0.44017094017094033 ,-0.008547008547008579 ,-0.008547008547008517 ,-0.8490028490028496 ,-0.1210826210826211 ,-0.1210826210826211 ,0.7678062678062684 ,0.2065527065527067 ,0.20655270655270666 ,
0.0 ,0.0 ,0.0 ,0.0 ,0.0 ,0.0 ,0.0 ,0.0 ,0.0 ,0.0 ,0.0 ,0.0 ,-0.05519943019943022 ,0.08618233618233608 ,-0.05519943019943024 ,0.07122507122507125 ,0.09686609686609689 ,0.1816239316239316 ,-0.003205128205128204 ,0.25925925925925913 ,0.007122507122507067 ,0.0 ,0.0 ,0.0 ,0.0 ,0.0 ,0.0 ,0.07122507122507124 ,-0.1310541310541309 ,0.07122507122507123 ,-0.07122507122507124 ,-0.40740740740740733 ,0.035612535612535655 ,0.0 ,0.0 ,0.0 ,0.0 ,0.0 ,0.0 ,0.0 ,0.0 ,0.0 ,0.0 ,0.0 ,0.0 ,0.003205128205128166 ,0.24145299145299137 ,0.003205128205128173 ,-0.07122507122507116 ,-0.207977207977208 ,-0.09188034188034179 ,0.05519943019943018 ,0.3831908831908832 ,0.008547008547008506 ,0.0 ,0.0 ,0.0 ,0.0 ,0.0 ,0.0 ,0.1816239316239316 ,0.09686609686609703 ,0.07122507122507127 ,-0.1217948717948718 ,-0.058404558404558604 ,0.035612535612535676 ,0.0 ,0.0 ,0.0 ,0.0 ,0.0 ,0.0 ,-0.09188034188034185 ,-0.20797720797720778 ,-0.07122507122507118 ,0.03205128205128202 ,-0.34330484330484357 ,-0.16381766381766388 ,0.0 ,0.0 ,0.0 ,0.0 ,0.0 ,0.0 ,0.0 ,0.0 ,0.0 ,0.0 ,0.0 ,0.0 ,0.007122507122507157 ,0.25925925925925936 ,-0.0032051282051282683 ,0.03561253561253562 ,-0.05840455840455832 ,-0.1217948717948718 ,-0.008547008547008551 ,0.44017094017094016 ,-0.008547008547008569 ,0.0 ,0.0 ,0.0 ,0.0 ,0.0 ,0.0 ,0.03561253561253559 ,-0.4074074074074075 ,-0.07122507122507123 ,-0.12108262108262113 ,-0.8490028490028493 ,-0.12108262108262116 ,0.0 ,0.0 ,0.0 ,0.0 ,0.0 ,0.0 ,0.0 ,0.0 ,0.0 ,0.0 ,0.0 ,0.0 ,0.008547008547008524 ,0.3831908831908833 ,0.05519943019943024 ,-0.16381766381766386 ,-0.34330484330484357 ,0.03205128205128205 ,0.2065527065527067 ,0.767806267806268 ,0.20655270655270663 ,
0.0 ,0.0 ,0.0 ,0.0 ,0.0 ,0.0 ,0.0 ,0.0 ,0.0 ,0.0 ,0.0 ,0.0 ,-0.05519943019943023 ,-0.05519943019943022 ,0.08618233618233614 ,0.07122507122507128 ,0.18162393162393156 ,0.09686609686609675 ,-0.0032051282051282475 ,0.007122507122507062 ,0.2592592592592592 ,0.0 ,0.0 ,0.0 ,0.0 ,0.0 ,0.0 ,0.18162393162393162 ,0.07122507122507124 ,0.09686609686609689 ,-0.12179487179487175 ,0.035612535612535634 ,-0.05840455840455857 ,0.0 ,0.0 ,0.0 ,0.0 ,0.0 ,0.0 ,0.0 ,0.0 ,0.0 ,0.0 ,0.0 ,0.0 ,0.007122507122507128 ,-0.0032051282051282545 ,0.2592592592592592 ,0.03561253561253562 ,-0.12179487179487167 ,-0.058404558404558604 ,-0.008547008547008569 ,-0.008547008547008593 ,0.4401709401709404 ,0.0 ,0.0 ,0.0 ,0.0 ,0.0 ,0.0 ,0.0712250712250712 ,0.07122507122507124 ,-0.13105413105413094 ,-0.07122507122507121 ,0.03561253561253564 ,-0.40740740740740733 ,0.0 ,0.0 ,0.0 ,0.0 ,0.0 ,0.0 ,0.03561253561253558 ,-0.07122507122507116 ,-0.40740740740740744 ,-0.12108262108262113 ,-0.12108262108262113 ,-0.8490028490028494 ,0.0 ,0.0 ,0.0 ,0.0 ,0.0 ,0.0 ,0.0 ,0.0 ,0.0 ,0.0 ,0.0 ,0.0 ,0.003205128205128213 ,0.0032051282051281625 ,0.24145299145299146 ,-0.07122507122507118 ,-0.09188034188034189 ,-0.20797720797720795 ,0.05519943019943017 ,0.008547008547008541 ,0.3831908831908831 ,0.0 ,0.0 ,0.0 ,0.0 ,0.0 ,0.0 ,-0.09188034188034196 ,-0.07122507122507125 ,-0.2079772079772078 ,0.032051282051282146 ,-0.16381766381766394 ,-0.34330484330484345 ,0.0 ,0.0 ,0.0 ,0.0 ,0.0 ,0.0 ,0.0 ,0.0 ,0.0 ,0.0 ,0.0 ,0.0 ,0.008547008547008579 ,0.055199430199430216 ,0.38319088319088335 ,-0.16381766381766388 ,0.03205128205128205 ,-0.3433048433048434 ,0.20655270655270666 ,0.20655270655270663 ,0.767806267806268 ,
